itemType,title,authors_flattened,date,publicationTitle,DOI,url,is_stage_1,tags_flattened,ISBN,ISSN,PMCID,PMID,abstractNote,accessDate,archive,archiveID,archiveLocation,bookTitle,callNumber,citationKey,conferenceName,dateAdded,dateModified,edition,eventPlace,extra,format,genre,institution,issue,journalAbbreviation,key,language,libraryCatalog,manuscriptType,numPages,number,numberOfVolumes,originalDate,originalPlace,originalPublisher,pages,partNumber,partTitle,place,proceedingsTitle,publisher,reportNumber,reportType,repository,rights,section,series,seriesNumber,seriesText,seriesTitle,shortTitle,thesisType,university,version,volume,websiteTitle,websiteType
journalArticle,Do children learn from their prediction mistakes? A registered report evaluating error-based theories of language acquisition,"Fazekas, Judit; Jessop, Andrew; Pine, Julian; Rowland, Caroline",,Royal Society Open Science,http://dx.doi.org/10.1098/rsos.180877,https://royalsocietypublishing.org/doi/10.1098/rsos.180877,False,RSOS,,,,,,2025-05-13T20:42:58Z,,,,,,FazekasChildrenLearnTheir,,2025-05-13T20:42:58Z,2026-05-20T22:57:36Z,,,,,,,,,BQTI86GT,,,,,,,,,,,,,,,,,,,,,,,,,,,,20135,7,,
journalArticle,Subliminal influence on preferences? A test of evaluative conditioning for brief visual conditioned stimuli using auditory unconditioned stimuli,"Heycke, Tobias; Aust, Frederik; Stahl, Christoph",2017-09-20,Royal Society Open Science,10.1098/rsos.160935,https://royalsocietypublishing.org/doi/10.1098/rsos.160935,False,RSOS,,,,,"In the field of evaluative conditioning (EC), two opposing theories—propositional single-process theory versus dual-process theory—are currently being discussed in the literature. The present set of experiments test a crucial prediction to adjudicate between these two theories: Dual-process theory postulates that evaluative conditioning can occur without awareness of the contingency between conditioned stimulus (CS) and unconditioned stimulus (US); in contrast, single-process propositional theory postulates that EC requires CS-US contingency awareness. In a set of three studies, we experimentally manipulate contingency awareness by presenting the CSs very briefly, thereby rendering it unlikely to be processed consciously. We address potential issues with previous studies on EC with subliminal or near-threshold CSs that limited their interpretation. Across two experiments, we consistently found an EC effect for CSs presented for 1000 ms and consistently failed to find an EC effect for briefly presented CSs. In a third pre-registered experiment, we again found evidence for an EC effect with CSs presented for 1000 ms, and we found some indication for an EC effect for CSs presented for 20 ms.",2025-05-13T19:48:27Z,,,,,,Heycke2017SubliminalInfluencePreferences,,2025-05-13T19:48:28Z,2026-05-20T22:57:36Z,,,,,,,9,,C6ZNE8DL,,royalsocietypublishing.org (Atypon),,,,,,,,160935,,,,,Royal Society,,,,,,,,,,Subliminal influence on preferences?,,,20129,4,,
journalArticle,Global network centrality of university rankings,"Guo, Weisi; Del Vecchio, Marco; Pogrebna, Ganna",2017-10-04,Royal Society Open Science,10.1098/rsos.171172,https://royalsocietypublishing.org/doi/10.1098/rsos.171172,False,RSOS,,,,,"Universities and higher education institutions form an integral part of the national infrastructure and prestige. As academic research benefits increasingly from international exchange and cooperation, many universities have increased investment in improving and enabling their global connectivity. Yet, the relationship of university performance and its global physical connectedness has not been explored in detail. We conduct, to our knowledge, the first large-scale data-driven analysis into whether there is a correlation between university relative ranking performance and its global connectivity via the air transport network. The results show that local access to global hubs (as measured by air transport network betweenness) strongly and positively correlates with the ranking growth (statistical significance in different models ranges between 5% and 1% level). We also found that the local airport’s aggregate flight paths (degree) and capacity (weighted degree) has no effect on university ranking, further showing that global connectivity distance is more important than the capacity of flight connections. We also examined the effect of local city economic development as a confounding variable and no effect was observed suggesting that access to global transportation hubs outweighs economic performance as a determinant of university ranking. The impact of this research is that we have determined the importance of the centrality of global connectivity and, hence, established initial evidence for further exploring potential connections between university ranking and regional investment policies on improving global connectivity.",2025-04-30T07:52:04Z,,,,,,Guo2017GlobalNetworkCentrality,,2025-04-30T07:52:04Z,2026-05-20T22:57:36Z,,,,,,,10,,T4JUZAGQ,,royalsocietypublishing.org (Atypon),,,,,,,,171172,,,,,Royal Society,,,,,,,,,,,,,20127,4,,
journalArticle,How robust is familiar face recognition? A repeat detection study of more than 1000 faces,"Chapman, Angus F.; Hawkins-Elder, Hannah; Susilo, Tirta",2018-05-30,Royal Society Open Science,10.1098/rsos.170634,https://royalsocietypublishing.org/doi/10.1098/rsos.170634,False,RSOS,,,,,"Recent theories suggest that familiar faces have a robust representation in memory because they have been encountered over a wide variety of contexts and image changes (e.g. lighting, viewpoint and expression). By contrast, unfamiliar faces are encountered only once, and so they do not benefit from such richness of experience and are represented based on image-specific details. In this registered report, we used a repeat detection task to test whether familiar faces are recognized better than unfamiliar faces across image changes. Participants viewed a stream of more than 1000 celebrity face images for 0.5 s each, any of which might be repeated at a later point and has to be detected. Some participants saw the same image at repeats, while others saw a different image of the same face. A post-experimental familiarity check allowed us to determine which celebrities were and were not familiar to each participant. We had three predictions: (i) detection would be better for familiar than unfamiliar faces, (ii) detection would be better across same rather than different images, and (iii) detection of familiar faces would be comparable across same and different images, but detection of unfamiliar faces would be poorer across different images. We obtained support for the first two predictions but not the last. Instead, we found that repeat detection of faces, regardless of familiarity, was poorer across different images. Our study suggests that the robustness of familiar face recognition may have limits, and that under some conditions, familiar face recognition can be just as influenced by image changes as unfamiliar face recognition.",2025-04-30T07:52:24Z,,,,,,Chapman2018HowRobustFamiliar,,2025-04-30T07:52:24Z,2026-05-20T22:57:36Z,,,,,,,5,,LCWEX5BH,,royalsocietypublishing.org (Atypon),,,,,,,,170634,,,,,Royal Society,,,,,,,,,,How robust is familiar face recognition?,,,20126,5,,
journalArticle,Radical framing effects in the ultimatum game: the impact of explicit culturally transmitted frames on economic decision-making,"Lightner, Aaron D.; Barclay, Pat; Hagen, Edward H.",2017-12-20,Royal Society Open Science,10.1098/rsos.170543,https://royalsocietypublishing.org/doi/10.1098/rsos.170543,False,RSOS,,,,,"Many studies have documented framing effects in economic games. These studies, however, have tended to use minimal framing cues (e.g. a single sentence labelling the frame), and the frames did not involve unambiguous offer expectations. Results often did not differ substantially from those in the unframed games. Here we test the hypothesis that, in contrast to the modal offer in the unframed ultimatum game (UG) (e.g. 60% to the proposer and 40% to the responder), offers in a UG explicitly framed either as a currency exchange or a windfall will closely conform to expectations for the frame and diverge substantially from the modal offer. Participants recruited from MTurk were randomized into one of two conditions. In the control condition, participants played a standard UG. In the treatment conditions, players were provided a vignette explicitly describing the frame with their roles: some were customers and bankers in a currency exchange, and others were in a windfall scenario. We predicted (i) that modal offers in the currency exchange would involve an asymmetric split where greater than 80% went to customers and less than 20% went to bankers, and (ii) that variation in windfall offers would converge onto a 50–50 split with significantly less variation than the control condition. Our first prediction was confirmed with substantial effect sizes (d = 1.09 and d = −2.04), whereas we found no evidence for our second prediction. The first result provides further evidence that it is difficult to draw firm conclusions about economic decision-making from decontextualized games.",2025-04-30T08:02:14Z,,,,,,Lightner2017RadicalFramingEffects,,2025-04-30T08:02:14Z,2026-05-20T22:57:36Z,,,,,,,12,,Y8YBINU3,,royalsocietypublishing.org (Atypon),,,,,,,,170543,,,,,Royal Society,,,,,,,,,,Radical framing effects in the ultimatum game,,,20125,4,,
journalArticle,The ecological roots of human susceptibility to social influence: a pre-registered study investigating the impact of early-life adversity,"Jacquet, Pierre O.; Safra, Lou; Wyart, Valentin; Baumard, Nicolas; Chevallier, Coralie",2019-01-09,Royal Society Open Science,10.1098/rsos.180454,https://royalsocietypublishing.org/doi/10.1098/rsos.180454,False,RSOS,,,,,"There is considerable variability in the degree to which individuals rely on their peers to make decisions. Although theoretical models predict that environmental risks shift the cost–benefit trade-off associated with social information use, this idea has received little empirical support. Here we aim to test the effect of childhood environmental adversity on humans' susceptibility to follow others’ opinion in the context of a standard face evaluation task. Results collected in a pilot study involving 121 adult participants tested online showed that susceptibility to social influence and childhood environmental adversity are positively associated. Computational analyses further confirmed that this effect is not explained by the fact that participants exposed to early adversity produce noisier decisions overall but that they are indeed more likely to follow the group's opinion. To test the robustness of these findings, a pre-registered direct replication using an optimal sample size was run. The results obtained from 262 participants in the pre-registered study did not reveal a significant association between childhood adversity and task performance but the meta-analysis ran on both the pilot and the pre-registered study replicated the initial finding. This work provides experimental evidence for an association between individuals' past ecology and their susceptibility to social influence.",2025-05-01T01:40:07Z,,,,,,Jacquet2019EcologicalRootsHuman,,2025-05-01T01:40:07Z,2026-05-20T22:57:36Z,,,,,,,1,,Z5BVILTY,,royalsocietypublishing.org (Atypon),,,,,,,,180454,,,,,Royal Society,,,,,,,,,,The ecological roots of human susceptibility to social influence,,,20124,6,,
journalArticle,"The effects of exposure to objective coherence on perceived meaning in life: a preregistered direct replication of Heintzelman, Trent & King (2013)","Ratner, Kaylin; Burrow, Anthony L.; Thoemmes, Felix",2016-11,Royal Society Open Science,10.1098/rsos.160431,https://royalsocietypublishing.org/doi/10.1098/rsos.160431,False,RSOS,,,,,"Having a sense of meaning in life (MIL) has been acknowledged as a catalyst to psychological flourishing. As such, understanding ways to promote MIL represents a worthy goal for those interested in bolstering positive outcomes. This study sought to replicate the findings of Heintzelman, Trent & King (2013 Psychol. Sci. 24, 991–998 (doi:10.1177/0956797612465878)), who found that MIL could be influenced by external stimulation. Their findings suggest that exposure to coherent stimuli produces significantly higher MIL scores than exposure to incoherent stimuli. Using materials and methodology provided by the corresponding author of the original paper, this study attempted to directly test this manipulation under conditions with increased statistical power. All tests, however, failed to replicate. Possible explanations for these discrepant findings are discussed, and potential future directions for this area of the literature are proposed.",2025-05-01T01:49:28Z,,,,,,Ratner2016EffectsExposureObjective,,2025-05-01T01:49:28Z,2026-05-20T22:57:36Z,,,,,,,11,,2XNULTQI,,royalsocietypublishing.org (Atypon),,,,,,,,160431,,,,,Royal Society,,,,,,,,,,The effects of exposure to objective coherence on perceived meaning in life,,,20123,3,,
journalArticle,Online incidental statistical learning of audiovisual word sequences in adults: a registered report,"Kuppuraj, Sengottuvel; Duta, Mihaela; Thompson, Paul; Bishop, Dorothy",2018,Royal Society Open Science,,https://royalsocietypublishing.org/doi/10.1098/rsos.171678,False,RSOS,,,,,,2025-04-30T08:00:58Z,,,,,,Kuppuraj2018OnlineIncidentalStatistical,,2025-04-30T08:00:58Z,2026-05-20T22:57:36Z,,,,,,,,,NQQTEM66,,,,,,,,,,,,,,,,,,,,,,,,,,,,20107,5,,
journalArticle,Can TMS-evoked potentials act as biomarkers of long-term potentiation or long-term depression induced by paired associative stimulation? A TMS-EEG registered report,"Arrigoni, Eleonora; Bolognini, Nadia; Pisoni, Alberto; Guidali, Giacomo",01/2025,Brain Stimulation,10.1016/j.brs.2024.12.965,https://linkinghub.elsevier.com/retrieve/pii/S1935861X24011604,False,"Cortex, Elsevier",,1935861X,,,"Background: Repetitive transcranial magnetic stimulation (rTMS) and cervical vagus nerve stimulation (VNS) are both FDA approved for the treatment of major depression, while transauricular VNS (taVNS) remains an experimental treatment for depression. VNS stimulates the temporary release of neurotransmitters that promote plasticity, such as acetylcholine and norepinephrine, across the cortex. Theoretically, synchronizing rTMS with VNS could enhance neuroplasticity, potentially providing an additive effect in the treatment of depression. Methods: Our goal is to determine the safety and efﬁcacy of simultaneous VNS and rTMS treatment in patients with treatment-resistant depression. 24 participants with treatment-resistant depression will receive 12 sessions of VNS and sham theta burst rTMS, 12 sessions of unsynchronized VNS and theta burst rTMS (600 pulses per session at 90% resting motor threshold), and 12 sessions of synchronized VNS and rTMS (600 pulses per session at 90% resting motor threshold) in a randomized order. Subjects receive VNS cutaneously through transauricular stimulation if they are new to VNS, or through cervically implanted VNS devices in those who already have a device. Patient Health Questionnaire-9 (PHQ-9 and Hamilton Depression Rating Scale (HDRS) scores are gathered before, during, and up to one month after the trial. Conclusion: To date 4 participants with moderate to severe treatment resistant depression have completed the study. Preliminary ﬁndings suggest that combining the two methods is safe and feasible, and 12 sessions of synchronized VNS and rTMS are more effective at acutely reducing depressive symptoms.",2025-07-07T17:03:51Z,,,,,,Arrigoni2025CanTMSevokedPotentials,,2025-07-07T17:04:06Z,2026-05-06T22:03:43Z,,,,,,,1,Brain Stimulation,BUYKJ877,en,DOI.org (Crossref),,,,,,,,546,,,,,,,,,,,,,,,Can TMS-evoked potentials act as biomarkers of long-term potentiation or long-term depression induced by paired associative stimulation?,,,18462,18,,
manuscript,Illusory traits: Wrong but sometimes useful,"Bailey, Drew H.; Hübner, Nicolas; Zitzmann, Steffen; Hecht, Martin; Murayama, Kou",2026,,10.1037/rev0000522,,False,"Data Analysis, Inference, Latent Variables, Mathematical Modeling, Psychological Assessment, Statistical Inference, Statistical Variables, Theories, question",,,,,"Psychological measures frequently show trait-like properties, and the ontological status of stable psychological traits has been discussed for decades. We argue that these properties can emerge from causal dynamics of time-varying processes, which are omitted from the analysis model, potentially leading to the estimation of traits that are, at least in part, illusory. Theories positing the importance of a large set of dynamic psychological causes across development are consistent with the existence of illusory traits. We show via simulation that even a linear system with many processes can generate a covariance matrix with trait-like properties. We then attempt to examine how illusory traits affect our conclusions drawn from a common statistical model, which assumes stable traits to analyze longitudinal panel data—a random-intercept cross-lagged panel model (RI-CLPM). We find that the RI-CLPM sometimes falsely detects the existence of traits in the presence of omitted processes, even when the data-generating model does not include any traits. However, in this scenario, the RI-CLPM estimates less causally biased autoregressive and cross-lagged effects than an analysis model, which does not assume traits (i.e., the cross-lagged panel model). The results indicate that the detection of trait variance should not be inferred as strong evidence for the existence of time-invariant trait causes. On the other hand, even when traits are illusory, statistical models assuming stable traits may sometimes be useful for causal inference. (PsycInfo Database Record (c) 2026 APA, all rights reserved)",,,,,,,Bailey2026IllusoryTraitsWrong,,2026-04-29T22:15:09Z,2026-05-06T21:45:17Z,,,,,,American Psychological Association,,,RHCT4REY,,APA PsycNet,,,,,,,,,,,US,,,,,,,,,,,,Illusory traits,,,18588,,,
journalArticle,How do Monetary Incentives Affect the Measurement of Social Preferences?,"Fehr, Ernst; Senn, Julien; Epper, Thomas; Henkel, Aljosha",2025,"Working Paper Series/University of Zurich, Department of Economics",,,False,⛔ No DOI found,,,,,,,,,,,,Fehr2025HowMonetaryIncentivesa,,2026-04-29T22:13:03Z,2026-04-30T03:29:31Z,,,,,,,,,E4JSLVDX,,,,,,,,,,,,,,,ZORA (Zurich Open Repository and Archive),,,,,,,,,,,,,18438,482,,
journalArticle,Political ideology and diurnal associations,"Ksiazkiewicz, Aleksander",2021,Politics and the Life Sciences,10.1017/pls.2021.4,https://www.cambridge.org/core/journals/politics-and-the-life-sciences/article/political-ideology-and-diurnal-associations/D695536B8AC6186EAB535E1CCEEFDF10,False,"Cambridge, question",,,,,,2025-05-13T20:42:22Z,,,,,,ksiazkiewiczPoliticalIdeologyDiurnal2021,,2025-05-13T20:42:22Z,2026-04-29T22:41:14Z,,,,,,,1,,HA9EUZP2,EN,,,,,,,,,56-71,,,,,,,,,,,,,,,,,,18396,40,,
journalArticle,A Registered Report on Place-Based Resentment: Exploring Urban-Rural Tensions in Sweden,"Hansson, Kajsa; Erlingsson, Gissur; Tinghög, Gustav",2025-10-14,Journal of Experimental Political Science,10.1017/XPS.2025.10021,https://www.cambridge.org/core/product/identifier/S2052263025100213/type/journal_article,False,"Cambridge, question",,"2052-2630, 2052-2649",,,"This Registered Report examines urban-rural tensions in Sweden – a historically egalitarian, multi-party welfare state with strong geographical equalization schemes, making it a least-likely case for place-based resentment theories. Using an online survey experiment (n = 2,051), we measured resentment through perceptions of in-group and out-group, and by experimentally varying whether political statements came from rural or urban politicians. Rural respondents showed stronger in-group identification, greater place-based resentment, and more negative stereotypes of their out-group than urban respondents. However, we find no evidence of place-based bias – that is, that rural respondents are less receptive to urban politicians’ statements, or vice versa. These findings reveal clear urban-rural tensions in a context often considered unlikely for such divides, underscoring the role of regional identities in political discourse and policy in multi-party welfare states beyond Anglo-Saxon settings, while indicating that these tensions do not translate into systematic bias in evaluating political statements.",2025-10-22T01:09:30Z,,,,,,hanssonRegisteredReportPlaceBased2025,,2025-10-22T01:09:30Z,2026-04-29T21:33:05Z,,,,,,,,J Exp Polit Sci,CG66DLXK,en,DOI.org (Crossref),,,,,,,,1-15,,,,,,,,,https://creativecommons.org/licenses/by/4.0/,,,,,,A Registered Report on Place-Based Resentment,,,18315,,,
journalArticle,Different path to happiness: The role of basic psychological need satisfaction in benefiting close and distant others,"Nastina, Ekaterina; Deviatko, Inna F",09/2023,Journal of Social and Personal Relationships,10.1177/02654075231165720,https://journals.sagepub.com/doi/10.1177/02654075231165720,False,,,"0265-4075, 1460-3608",,,"Numerous studies show that prosocial behavior leads to positive emotional outcomes for the actor, yet does it matter, who the beneﬁciary is? The present paper explores differential effects of helping acts towards close versus distant recipients on subjective well-being and the role that basic psychological needs play in this relationship. Two studies using event-recall (N = 127) and interventional (N = 305) designs in Russian samples were conducted to test our hypotheses. Study 1 showed that performing acts of kindness towards family and friends (compared to a control condition) led to higher satisfaction of the needs for relatedness and morality, while helping strangers increased only the latter. Study 2 failed to unconditionally replicate the prosocial-happiness link; however, when the need for competence was controlled for, helping both types of recipients was shown to provide higher event-level well-being outcomes. The positive effect of prosocial acts toward strong ties was mediated by relatedness and morality satisfaction, while when the recipient was a stranger, the effect was accounted for by fulﬁlling the needs for morality and autonomy. No signiﬁcant event-level well-being differences were detected between those helping close versus distant others and no differences in positive affect, negative affect or life satisfaction emerged between the three conditions. The paper provides support for the importance of the self-perceived impact for the success of kindness interventions. We conclude with a discussion of implications for kindness interventions towards different recipients.",2026-04-25T06:27:40Z,,,,,,Nastina2023DifferentPathHappiness,,2026-04-25T06:27:40Z,2026-04-25T06:27:40Z,,,,,,,9,Journal of Social and Personal Relationships,RVCKLQNZ,en,DOI.org (Crossref),,,,,,,,3004-3027,,,,,,,,,,,,,,,Different path to happiness,,,18081,40,,
journalArticle,Cycles of violence in England and Wales: the contribution of childhood abuse to risk of violence revictimisation in adulthood,"Butler, Nadia; Quigg, Zara; Bellis, Mark A.",2020-11-16,BMC Medicine,10.1186/s12916-020-01788-3,https://doi.org/10.1186/s12916-020-01788-3,False,"BMC, question",,1741-7015,,,"Interpersonal violence is a leading cause of death and disability globally, has immediate and long-term impacts on individuals’ health and wellbeing, and impacts global health care expenditures and national economies. A public health approach to violence prevention is crucial, and addressing risk factors is a key priority. Global research has demonstrated that childhood adversity increases risk of a range of poor outcomes across the lifecourse. This study examined the association between being a victim of child abuse and the risk of physical assault (PA), intimate partner violence (IPV), and sexual violence (SV) victimisation in adulthood.",2025-05-01T01:52:30Z,,,,,,Butler2020CyclesViolenceEngland,,2025-05-01T01:52:30Z,2026-04-22T22:57:37Z,,,,,,,1,BMC Medicine,DGHTSXTV,,BioMed Central,,,,,,,,325,,,,,,,,,,,,,,,Cycles of violence in England and Wales,,,18075,18,,
journalArticle,Exploring Older Adults’ Beliefs About the Use of Intelligent Assistants for Consumer Health Information Management: A Participatory Design Study,"Martin-Hammond, Aqueasha; Vemireddy, Sravani; Rao, Kartik",2019,JMIR Aging,https://doi.org/10.2196/15381,https://aging.jmir.org/2019/2/e15381/,False,"JMIR, JMIR: Registered",,,,,,2025-05-13T20:21:14Z,,,,,,Martin-Hammond2019ExploringOlderAdults,,2025-05-13T20:21:14Z,2026-04-22T22:44:25Z,,,,,,,2,,QVTZZHRP,,,,,,,,,,,,,,,,,,,,,,,,,,,,17889,2,,
journalArticle,Subtraction neglect in perceptions of climate action strategies,"Suter, Manuel; Nielsen, Kristian Steensen; Berger, Sebastian",11/2025,Journal of Environmental Psychology,10.1016/j.jenvp.2025.102793,https://linkinghub.elsevier.com/retrieve/pii/S0272494425002762,False,"Elsevier, Stage 2 Manuscript",,02724944,,,,2026-04-21T16:07:02Z,,,,,,Suter2025SubtractionNeglectPerceptions,,2026-04-21T16:07:02Z,2026-04-22T22:44:12Z,,,,,,,,Journal of Environmental Psychology,LTLBNE6X,en,DOI.org (Crossref),,,,,,,,102793,,,,,,,,,,,,,,,,,,17888,107,,
journalArticle,When “We” or “They” exclude others: attributing and evaluating ostracism observed in in-groups and out-groups,"Arpin, Sarah Noel; Froehlich, Laura; Lantian, Anthony; Rudert, Selma Carolin; Stelter, Marleen",2017-09-02,Comprehensive Results in Social Psychology,10.1080/23743603.2017.1358477,https://www.tandfonline.com/doi/full/10.1080/23743603.2017.1358477,False,"CRSP, no access",,"2374-3603, 2374-3611",,,"Ostracism is a common social occurrence with severe psychological and behavioral consequences. Whereas many studies have focused on the perspective of ostracized individuals, our research explores observers’ perceptions of another’s ostracism, when the reason for ostracism is unclear. We investigated whether group membership aﬀects observers’ causal attributions and evaluations of observed ostracism. Based on previous research and theory (Black Sheep Eﬀect Ultimate Attribution Error), we hypothesized that when ostracism is observed in an out-group, the sources (i.e. the ostracizing group members) will be evaluated more negatively than the target (i.e. the ostracized individual), as the exclusion will be perceived as a violation of social norms. However, when ostracism is observed in the in-group, we hypothesized that observers would evaluate targets more negatively than the sources of ostracism. We further assumed that an intergroup bias in evaluation would be mediated by in-group-serving causal attributions. Results of an online experiment (N = 398) revealed that group membership inﬂuenced neither the attribution of responsibility nor the general evaluation of the ostracism sources and targets. Regardless of group membership, participants attributed responsibility for ostracism more to the sources than to the targets and rated targets as more likable. Though questions regarding the inﬂuence of group membership on observed ostracism remain open, the current study provided further insight into the impact of attributions on evaluation of ostracism sources and targets.",2026-03-10T22:22:18Z,,,,,,arpinWhenWeThey2017a,,2026-03-10T22:22:18Z,2026-04-22T22:43:56Z,,,,,,,2-3,Comprehensive Results in Social Psychology,HV2VZJ9H,en,DOI.org (Crossref),,,,,,,,143-165,,,,,,,,,,,,,,,When “We” or “They” exclude others,,,17861,2,,
journalArticle,"When does family size matter? Sibship size, socioeconomic status and education in England","Sheppard, Paula; Monden, Christiaan",2020/01,Evolutionary Human Sciences,10.1017/ehs.2020.54,https://www.cambridge.org/core/journals/evolutionary-human-sciences/article/when-does-family-size-matter-sibship-size-socioeconomic-status-and-education-in-england/256A8CFB498906AF9DD24FBDC72FFABF,False,"Cambridge, question",,2513-843X,,,", There is still no clear understanding of the relationship between sibship size and child outcomes. Research from across disciplines, and across settings, reports conflicting results suggesting that the relationship is complex and ecologically dependent. Evolutionary models predict that parents will make reproductive decisions based on their ability to invest in each child, but that this is not necessarily equal across children. Here we use data from the Next Steps study linked to National Pupil Database to examine the relationship between sibship size and Key Stage 4 (GCSE) maths and English grades in England for children born in 1989/1990. We were interested to further examine if and how associations might differ at the ends of the socioeconomic spectrum and we also tested if direct measures of parental investment could mitigate any negative impact of larger families. Multilevel ordinary least squares regression models with a random effect for school show that sibship sizes are associated with school grades, as is socioeconomic status. Moreover, the association between sibship size and grades holds true across the socioeconomic spectrum. Birth order was only weakly associated with school results, and only significant in some models. Parental investment is important, however, and might offset the some of the negative impact of larger families, for both maths and English attainment.",2025-05-13T20:14:21Z,,,,,,sheppardWhenDoesFamily2020,,2025-05-13T20:14:21Z,2026-04-22T22:37:35Z,,,,,,,,,A85JJKRW,en,Cambridge University Press,,,,,,,,e51,,,,,,,,,,,,,,,When does family size matter?,,,17792,2,,
journalArticle,Psychotherapy or medication for depression? Using individual symptom meta-analyses to derive a Symptom-Oriented Therapy (SOrT) metric for a personalised psychiatry,"Kappelmann, Nils; Rein, Martin; Fietz, Julia; Mayberg, Helen S.; Craighead, W. Edward; Dunlop, Boadie W.; Nemeroff, Charles B.; Keller, Martin; Klein, Daniel N.; Arnow, Bruce A.; Husain, Nusrat; Jarrett, Robin B.; Vittengl, Jeffrey R.; Menchetti, Marco; Parker, Gordon; Barber, Jacques P.; Bastos, Andre G.; Dekker, Jack; Peen, Jaap; Keck, Martin E.; Kopf-Beck, Johannes",2020-06-05,BMC Medicine,10.1186/s12916-020-01623-9,https://doi.org/10.1186/s12916-020-01623-9,False,BMC,,1741-7015,,,"Antidepressant medication (ADM) and psychotherapy are effective treatments for major depressive disorder (MDD). It is unclear, however, if treatments differ in their effectiveness at the symptom level and whether symptom information can be utilised to inform treatment allocation. The present study synthesises comparative effectiveness information from randomised controlled trials (RCTs) of ADM versus psychotherapy for MDD at the symptom level and develops and tests the Symptom-Oriented Therapy (SOrT) metric for precision treatment allocation.",2025-05-13T20:06:16Z,,,,,,Kappelmann2020PsychotherapyMedicationDepression,,2025-05-13T20:06:16Z,2026-04-22T22:34:55Z,,,,,,,1,BMC Medicine,UQM5T8H7,,BioMed Central,,,,,,,,170,,,,,,,,,,,,,,,Psychotherapy or medication for depression?,,,17750,18,,
journalArticle,"Same data, different analysts: variation in effect sizes due to analytical decisions in ecology and evolutionary biology","Gould, Elliot; Fraser, Hannah S.; Parker, Timothy H.; Nakagawa, Shinichi; Griffith, Simon C.; Vesk, Peter A.; Fidler, Fiona; Hamilton, Daniel G.; Abbey-Lee, Robin N.; Abbott, Jessica K.; Aguirre, Luis A.; Alcaraz, Carles; Aloni, Irith; Altschul, Drew; Arekar, Kunal; Atkins, Jeff W.; Atkinson, Joe; Baker, Christopher M.; Barrett, Meghan; Bell, Kristian; Bello, Suleiman Kehinde; Beltrán, Iván; Berauer, Bernd J.; Bertram, Michael Grant; Billman, Peter D.; Blake, Charlie K.; Blake, Shannon; Bliard, Louis; Bonisoli-Alquati, Andrea; Bonnet, Timothée; Bordes, Camille Nina Marion; Bose, Aneesh P. H.; Botterill-James, Thomas; Boyd, Melissa Anna; Boyle, Sarah A.; Bradfer-Lawrence, Tom; Bradham, Jennifer; Brand, Jack A.; Brengdahl, Martin I.; Bulla, Martin; Bussière, Luc; Camerlenghi, Ettore; Campbell, Sara E.; Campos, Leonardo L. F.; Caravaggi, Anthony; Cardoso, Pedro; Carroll, Charles J. W.; Catanach, Therese A.; Chen, Xuan; Chik, Heung Ying Janet; Choy, Emily Sarah; Christie, Alec Philip; Chuang, Angela; Chunco, Amanda J.; Clark, Bethany L.; Contina, Andrea; Covernton, Garth A.; Cox, Murray P.; Cressman, Kimberly A.; Crotti, Marco; Crouch, Connor Davidson; D’Amelio, Pietro B.; de Sousa, Alexandra Allison; Döbert, Timm Fabian; Dobler, Ralph; Dobson, Adam J.; Doherty, Tim S.; Drobniak, Szymon Marian; Duffy, Alexandra Grace; Duncan, Alison B.; Dunn, Robert P.; Dunning, Jamie; Dutta, Trishna; Eberhart-Hertel, Luke; Elmore, Jared Alan; Elsherif, Mahmoud Medhat; English, Holly M.; Ensminger, David C.; Ernst, Ulrich Rainer; Ferguson, Stephen M.; Fernandez-Juricic, Esteban; Ferreira-Arruda, Thalita; Fieberg, John; Finch, Elizabeth A.; Fiorenza, Evan A.; Fisher, David N.; Fontaine, Amélie; Forstmeier, Wolfgang; Fourcade, Yoan; Frank, Graham S.; Freund, Cathryn A.; Fuentes-Lillo, Eduardo; Gandy, Sara L.; Gannon, Dustin G.; García-Cervigón, Ana I.; Garretson, Alexis C.; Ge, Xuezhen; Geary, William L.; Géron, Charly; Gilles, Marc; Girndt, Antje; Gliksman, Daniel; Goldspiel, Harrison B.; Gomes, Dylan G. E.; Good, Megan Kate; Goslee, Sarah C.; Gosnell, J. Stephen; Grames, Eliza M.; Gratton, Paolo; Grebe, Nicholas M.; Greenler, Skye M.; Griffioen, Maaike; Griffith, Daniel M.; Griffith, Frances J.; Grossman, Jake J.; Güncan, Ali; Haesen, Stef; Hagan, James G.; Hager, Heather A.; Harris, Jonathan Philo; Harrison, Natasha Dean; Hasnain, Sarah Syedia; Havird, Justin Chase; Heaton, Andrew J.; Herrera-Chaustre, María Laura; Howard, Tanner J.; Hsu, Bin-Yan; Iannarilli, Fabiola; Iranzo, Esperanza C.; Iverson, Erik N. K.; Jimoh, Saheed Olaide; Johnson, Douglas H.; Johnsson, Martin; Jorna, Jesse; Jucker, Tommaso; Jung, Martin; Kačergytė, Ineta; Kaltz, Oliver; Ke, Alison; Kelly, Clint D.; Keogan, Katharine; Keppeler, Friedrich Wolfgang; Killion, Alexander K.; Kim, Dongmin; Kochan, David P.; Korsten, Peter; Kothari, Shan; Kuppler, Jonas; Kusch, Jillian M.; Lagisz, Malgorzata; Lalla, Kristen Marianne; Larkin, Daniel J.; Larson, Courtney L.; Lauck, Katherine S.; Lauterbur, M. Elise; Law, Alan; Léandri-Breton, Don-Jean; Lembrechts, Jonas J.; L’Herpiniere, Kiara; Lievens, Eva J. P.; de Lima, Daniela Oliveira; Lindsay, Shane; Luquet, Martin; MacLeod, Ross; Macphie, Kirsty H.; Magellan, Kit; Mair, Magdalena M.; Malm, Lisa E.; Mammola, Stefano; Mandeville, Caitlin P.; Manhart, Michael; Manrique-Garzon, Laura Milena; Mäntylä, Elina; Marchand, Philippe; Marshall, Benjamin Michael; Martin, Charles A.; Martin, Dominic Andreas; Martin, Jake Mitchell; Martinig, April Robin; McCallum, Erin S.; McCauley, Mark; McNew, Sabrina M.; Meiners, Scott J.; Merkling, Thomas; Michelangeli, Marcus; Moiron, Maria; Moreira, Bruno; Mortensen, Jennifer; Mos, Benjamin; Muraina, Taofeek Olatunbosun; Murphy, Penelope Wrenn; Nelli, Luca; Niemelä, Petri; Nightingale, Josh; Nilsonne, Gustav; Nolazco, Sergio; Nooten, Sabine S.; Novotny, Jessie Lanterman; Olin, Agnes Birgitta; Organ, Chris L.; Ostevik, Kate L.; Palacio, Facundo Xavier; Paquet, Matthieu; Parker, Darren James; Pascall, David J.; Pasquarella, Valerie J.; Paterson, John Harold; Payo-Payo, Ana; Pedersen, Karen Marie; Perez, Grégoire; Perry, Kayla I.; Pottier, Patrice; Proulx, Michael J.; Proulx, Raphaël; Pruett, Jessica L.; Ramananjato, Veronarindra; Randimbiarison, Finaritra Tolotra; Razafindratsima, Onja H.; Rennison, Diana J.; Riva, Federico; Riyahi, Sepand; Roast, Michael James; Rocha, Felipe Pereira; Roche, Dominique G.; Román-Palacios, Cristian; Rosenberg, Michael S.; Ross, Jessica; Rowland, Freya E.; Rugemalila, Deusdedith; Russell, Avery L.; Ruuskanen, Suvi; Saccone, Patrick; Sadeh, Asaf; Salazar, Stephen M.; Sales, Kris; Salmón, Pablo; Sánchez-Tójar, Alfredo; Santos, Leticia Pereira; Santostefano, Francesca; Schilling, Hayden T.; Schmidt, Marcus; Schmoll, Tim; Schneider, Adam C.; Schrock, Allie E.; Schroeder, Julia; Schtickzelle, Nicolas; Schultz, Nick L.; Scott, Drew A.; Scroggie, Michael Peter; Shapiro, Julie Teresa; Sharma, Nitika; Shearer, Caroline L.; Simón, Diego; Sitvarin, Michael I.; Skupien, Fabrício Luiz; Slinn, Heather Lea; Smith, Grania Polly; Smith, Jeremy A.; Sollmann, Rahel; Whitney, Kaitlin Stack; Still, Shannon Michael; Stuber, Erica F.; Sutton, Guy F.; Swallow, Ben; Taff, Conor Claverie; Takola, Elina; Tanentzap, Andrew J.; Tarjuelo, Rocío; Telford, Richard J.; Thawley, Christopher J.; Thierry, Hugo; Thomson, Jacqueline; Tidau, Svenja; Tompkins, Emily M.; Tortorelli, Claire Marie; Trlica, Andrew; Turnell, Biz R.; Urban, Lara; Van de Vondel, Stijn; van der Wal, Jessica Eva Megan; Van Eeckhoven, Jens; van Oordt, Francis; Vanderwel, K. Michelle; Vanderwel, Mark C.; Vanderwolf, Karen J.; Vélez, Juliana; Vergara-Florez, Diana Carolina; Verrelli, Brian C.; Vieira, Marcus Vinícius; Villamil, Nora; Vitali, Valerio; Vollering, Julien; Walker, Jeffrey; Walker, Xanthe J.; Walter, Jonathan A.; Waryszak, Pawel; Weaver, Ryan J.; Wedegärtner, Ronja E. M.; Weller, Daniel L.; Whelan, Shannon",2025-02-06,BMC Biology,10.1186/s12915-024-02101-x,https://doi.org/10.1186/s12915-024-02101-x,False,BMC,,1741-7007,,,"Although variation in effect sizes and predicted values among studies of similar phenomena is inevitable, such variation far exceeds what might be produced by sampling error alone. One possible explanation for variation among results is differences among researchers in the decisions they make regarding statistical analyses. A growing array of studies has explored this analytical variability in different fields and has found substantial variability among results despite analysts having the same data and research question. Many of these studies have been in the social sciences, but one small “many analyst” study found similar variability in ecology. We expanded the scope of this prior work by implementing a large-scale empirical exploration of the variation in effect sizes and model predictions generated by the analytical decisions of different researchers in ecology and evolutionary biology. We used two unpublished datasets, one from evolutionary ecology (blue tit, Cyanistes caeruleus, to compare sibling number and nestling growth) and one from conservation ecology (Eucalyptus, to compare grass cover and tree seedling recruitment). The project leaders recruited 174 analyst teams, comprising 246 analysts, to investigate the answers to prespecified research questions. Analyses conducted by these teams yielded 141 usable effects (compatible with our meta-analyses and with all necessary information provided) for the blue tit dataset, and 85 usable effects for the Eucalyptus dataset. We found substantial heterogeneity among results for both datasets, although the patterns of variation differed between them. For the blue tit analyses, the average effect was convincingly negative, with less growth for nestlings living with more siblings, but there was near continuous variation in effect size from large negative effects to effects near zero, and even effects crossing the traditional threshold of statistical significance in the opposite direction. In contrast, the average relationship between grass cover and Eucalyptus seedling number was only slightly negative and not convincingly different from zero, and most effects ranged from weakly negative to weakly positive, with about a third of effects crossing the traditional threshold of significance in one direction or the other. However, there were also several striking outliers in the Eucalyptus dataset, with effects far from zero. For both datasets, we found substantial variation in the variable selection and random effects structures among analyses, as well as in the ratings of the analytical methods by peer reviewers, but we found no strong relationship between any of these and deviation from the meta-analytic mean. In other words, analyses with results that were far from the mean were no more or less likely to have dissimilar variable sets, use random effects in their models, or receive poor peer reviews than those analyses that found results that were close to the mean. The existence of substantial variability among analysis outcomes raises important questions about how ecologists and evolutionary biologists should interpret published results, and how they should conduct analyses in the future.",2025-04-02T16:50:45Z,,,,,,Gould2025SameDataDifferent,,2025-04-02T17:10:54Z,2026-04-22T22:34:55Z,,,,,,,1,BMC Biol,N3T4JCAE,en,Springer Link,,,,,,,,35,,,,,,,,,,,,,,,"Same data, different analysts",,,17749,23,,
thesis,The roles of sustainability and motivational readiness in applied research: A thematic analysis,Sigrid Frantzen,2025,,,https://ntnuopen.ntnu.no/ntnu-xmlui/bitstream/handle/11250/3205318/no.ntnu%3Ainspera%3A294111239%3A64648948.pdf?sequence=1,False,question,,,,,,2025-10-02T05:09:08Z,,,,,,sigridfrantzenRolesSustainabilityMotivational2025,,2025-12-19T18:39:58Z,2026-04-21T20:14:40Z,,,,,,,,,ZSXZGFX5,,,,,,,,,,,,,,,,,,,,,,,,,,Bachelor's Thesis,Norwegian University of Science and Technology,20423,,,
journalArticle,Revisiting feeling of threat and agency detection: A preregistered virtual reality study.,"Szymanek, Piotr; Nenadalová, Jana; Van Leeuwen, Neil",08/2025,Psychology of Religion and Spirituality,10.1037/rel0000538,https://doi.apa.org/doi/10.1037/rel0000538,False,Stage 2 Manuscript,,"1943-1562, 1941-1022",,,"While agency detection has been used to explain religious phenomena, there are two competing theories regarding the neurocognitive mechanism underlying it: hyperactive agency detection device (HADD) and the predictive processing-based model. Those two theories differ in their predictions regarding the impact of feeling of threat on agency detection. The present study aimed to put this hypothesized effect to a new test in virtual reality. One hundred ninety-nine participants explored an agentless, foggy virtual forest, instructed to press a button whenever they perceive a being. While all participants were primed to expect a stable number of agents, we manipulated the description of beings, introducing them as either hostile or neutral, depending on the group. We also measured participants’ heart rate and their reported anxiety during the task. To test our hypotheses, we performed a Wilcoxon’s test for our main analysis. Two linear regressions models have been run to examine the moderating effect of arousal and whether anxiety mediates the relationship between priming and agency detection. We also performed a test of statistical equivalence and exploratory analyses. The study did not conﬁrm that people are more likely to falsely detect agents when they expect them to be dangerous, which casts doubt on HADD conceptualized as a threat-triggered mechanism. However, we found several patterns in both quantitative and qualitative data which call for further studies on the topic of agency detection as a building block of religious and spiritual phenomena.",2025-11-09T03:44:40Z,,,,,,Szymanek2025RevisitingFeelingThreat,,2025-11-09T03:44:40Z,2026-04-21T20:10:18Z,,,,,,,3,Psychology of Religion and Spirituality,L7IN28YV,en,DOI.org (Crossref),,,,,,,,161-174,,,,,,,,,,,,,,,Revisiting feeling of threat and agency detection,,,17742,17,,
journalArticle,Does informing partisans about partisan bias reduce partisan bias?,"Ferrari, Diogo",2025-02-24,The Journal of Politics,10.1086/735503,https://www.journals.uchicago.edu/doi/abs/10.1086/735503,False,,,0022-3816,,,,2025-07-02T05:07:37Z,,,,,,Ferrari2025DoesInformingPartisans,,2025-07-02T05:07:37Z,2026-04-21T19:45:32Z,,,,,,,,,8CHJY5RT,,journals.uchicago.edu (Atypon),,,,,,,,,,,,,The University of Chicago Press,,,,,,,,,,,,,17720,,,
journalArticle,prr.pdf,"Ferrari, Diogo",2024-04-02,,,https://osf.io/je347,False,⛔ No DOI found,,,,,,2026-04-21T19:44:10Z,,,,,,ferrariPrrpdf2024,,2026-04-21T19:44:10Z,2026-04-21T19:44:26Z,,,,,,,,,RMG86IBZ,en,osf.io,,,,,,,,,,,,,OSF,,,,,,,,,,,,,17709,,,
journalArticle,Stage 2 Registered Report: Variation in neurodevelopmental outcomes in children with sex chromosome trisomies: testing the double hit hypothesis,,,Wellcome Open Research,,https://wellcomeopenresearch.org/articles/3-85/v2,False,question,,,,,,2025-05-13T19:47:51Z,,,,,,Stage2Registered,,2025-05-13T19:47:51Z,2026-04-21T19:43:41Z,,,,,,,,,X9QDFI7C,,,,,,,,,,,,,,,,,,,,,,,,,,,,17693,,,
journalArticle,Mapping the Moral Mind: Computational & Formal Approaches to Understanding Prosocial Behaviour,"Maier, Maximilian",,,,,False,⛔ No DOI found,,,,,,,,,,,,MaierMappingMoralMind,,2026-01-12T04:26:30Z,2026-04-21T19:20:45Z,,,,,,,,,QHFN8DWV,en,Zotero,,,,,,,,,,,,,,,,,,,,,,,,,,17674,,,
journalArticle,Next Station: Closing the Gap in Education? The Impact of Fare-Free Public Transport in São Paulo,"Loureiro, Matheus N; Vieira, Renato S",,,,,False,⛔ No DOI found,,,,,"In 2015, the city of São Paulo, Brazil, began providing free public transportation to all secondary education students enrolled in public schools, benefiting nearly 1.5 million teenagers since its implementation. This study aims to evaluate the impacts of this policy, examining both short-term outcomes, such as secondary education enrollment, completion, proficiency, and concurrent participation in the formal labor market, as well as medium-term outcomes, including higher education enrollment, formal labor market participation, and wages after completing school. The analysis leverages a rich longitudinal dataset that tracks all Brazilian students through basic and higher education, as well as their participation in the formal labor market, from 2007 to 2023. To identify the policy’s impacts, we will implement a difference-in-differences strategy, comparing changes in outcomes for students in São Paulo after the policy’s adoption with changes observed for students in other Brazilian cities attending schools with similar pre-treatment characteristics. Additionally, we will examine heterogeneity in policy effects within São Paulo by comparing changes in outcomes between neighborhoods with higher and lower levels of public transportation accessibility. A preliminary analysis, based on this empirical strategy and using publicly available school-level data, estimated reductions in dropout rates of up to 3.4% in the first year of secondary education following the policy’s implementation. The individual-level analysis proposed in this registered report has already been approved and will be conducted in the Brazilian Ministry of Education’s Protected Data Room between August and September 2025.",,,,,,,LoureiroNextStationClosing,,2026-01-12T05:25:48Z,2026-04-21T19:20:45Z,,,,,,,,,UKLXCIVT,en,Zotero,,,,,,,,,,,,,,,,,,,,,,,,,,17673,,,
journalArticle,Replicating the unconscious working memory effect: a multisite Registered Report,"Franco-Martínez, Alicia; Rey-Sáez, Ricardo; Adrián-Ventura, Jesús; Amerio, Pietro; Baciero, Ana; Bennis, Amine; Bergström, Fredrik; Cleeremans, Axel; Contu, Laura; Dell’Acqua, Roberto; Deng, Xinping; Dolu, Fatma Nur; Gambarota, Filippo; Gao, Yi; Garre-Frutos, Francisco; Grubert, Anna; Hernando, Ana; Hinojosa, José A; Hoory, Asaf; Hou, ZhiKun; Hung, Shao-Min; Ito, Aine; Jimenez, Mikel; Kosachenko, Alexandra I; Kulaksız, Merve; Lee, Daryl Y H; Malas, Elmas Merve; Malejka, Simone; Montoro, Pedro R; Mudrik, Liad; Pavlov, Yuri G; Pesimena, Gabriele; Prieto, Antonio; Rahnev, Dobromir; Ringenberg, Lais; Sandoval-Lentisco, Alejandro; Sarodo, Akira; Schreiber, Maor; Sessa, Paola; Solana, Pablo; Tarasov, Dmitrii A; Tortajada, Miriam; Xue, Kai; Xue, Ziqian; Zheng, Yunxuan; Çinici, Merve; Shanks, David R; Soto, David; Vadillo, Miguel A",,,,,False,❓ Multiple DOI,,,,,"Although in recent years some studies have found evidence suggesting that working memory (WM) may operate on unconscious perceptual contents, decisive demonstrations of the existence of unconscious WM are lacking. In the present Registered Report, we replicate the first study on this topic by Soto et al. (Working memory without consciousness. Curr Biol 2011;21:R912–3.): a visual discrimination task asking participants to report the direction in which a subliminal Gabor grating was rotated after a 2-s delay. We acquired a multisite sample from 19 laboratories, with a larger number of participants (N = 531) and trials (720 in two sessions) than those typically used in previous studies. As a result, a large-sample, international, and open-access dataset is now available for researchers and future analyses. Furthermore, some minimal baseline requirements were guaranteed for the experimental task (i.e. number of valid trials, motivation, and consistent labels for the Perceptual Awareness Scale). The results showed (1) above-chance WM performance in cue-present trials reported as unseen (.55 accuracy), (2) a significant positive correlation between WM performance and cue detection sensitivity (r = .228), and (3) a significant above-chance intercept in the regression of performance on sensitivity (β0 = .521). These findings suggest that WM can operate on unconscious representations, although it remains positively associated with perceptual sensitivity. Crucially, because measurement error could compromise the interpretation of these three results, we provide evidence for our measures’ excellent reliability and, more fundamentally, for their validity.",,,,,,,Franco-MartinezReplicatingUnconsciousWorking,,2026-01-20T01:32:29Z,2026-04-21T19:20:45Z,,,,,,,,,ANNMRZFH,en,Zotero,,,,,,,,,,,,,,,,,,,,,,,,,,17671,,,
journalArticle,Do Musicians Have Better Short-Term Memory Than Nonmusicians? A Multilab Study,"Grassi, Massimo; Talamini, Francesca; Altoè, Gianmarco; Brattico, Elvira; Caclin, Anne; Carretti, Barbara; Drai-Zerbib, Véronique; Ferreri, Laura; Gambarota, Filippo; Grahn, Jessica; Fovino, Lucrezia Guiotto Nai; Roccato, Marco; Rodriguez-Fornells, Antoni; Swaminathan, Swathi; Tillmann, Barbara; Vuust, Peter; Wilbiks, Jonathan; Zentner, Marcel; Aguilar, Karla; Aryanto, Christ B; Leite, Frederico C Assis; Baldé, Aíssa M; Başkent, Deniz; Bishop, Laura; Kalsi, Graziela; Bouwer, Fleur L; Calcus, Axelle; Carraturo, Giulio; Cepero-Escribano, Victor; Criscuolo, Antonio; Dairain, Léo; Bella, Simone Dalla; Daniel, Oscar; Danielsen, Anne; de Parcevaux, Anne-Isabelle; Dellacherie, Delphine; Endestad, Tor",,,10.1177/25152459251379432,,False,,,,,,"Musicians are often regarded as a positive example of brain plasticity and associated cognitive benefits. This emerges when experienced musicians (e.g., musicians with more than 10 years of music training and practice) are compared with nonmusicians. A frequently observed behavioral finding is a short-term memory advantage of the former over the latter. Although available meta-analysis reported that the effect size of this advantage is medium (Hedges’s g = 0.5), no literature study was adequately powered to estimate reliably an effect of such size. This multilab study has been ideated, realized, and conducted in lab by several groups that have been working on this topic. Our ultimate goal was to provide a community-driven shared and reliable estimate of the musicians’ short-term memory advantage (if any) and set a method and a standard for future studies in neuroscience and psychology comparing musicians and nonmusicians. Thirty-three research units recruited a total of 600 experienced musicians and 600 nonmusicians, a number that is sufficiently large to estimate a small effect size (Hedges’s g = 0.3) with a high statistical power (i.e., 95%). Subsequently, we measured the difference in short-term memory for musical, verbal, and visuospatial stimuli. We also looked at cognitive, personality, and socioeconomic factors that might mediate the difference. Musicians had better short-term memory than nonmusicians for musical, verbal, and visuospatial stimuli with an effect size of, respectively, Hedges’s gs = 1.08 (95% confidence interval [CI] = [0.94, 1.22]; large), 0.16 (95% CI = [0.02 0.30]; very small), and 0.28 (95% CI = [0.15, 0.41]; small). This work sets the basis for sound research practices in studies comparing musicians and nonmusicians and contributes to the ongoing debate on the possible cognitive benefits of musical training.",,,,,,,GrassiMusiciansHaveBetter,,2026-01-20T01:44:56Z,2026-04-21T19:20:45Z,,,,,,,,,GKI424YZ,en,Zotero,,,,,,,,,,,,,,,,,,,,,,,,,,17669,,,
journalArticle,Does repetition increase perceived truth equally for conspiracy and trivia statements?: A,"Bowes, Shauna M; Fazio, Lisa K",,,,,False,⛔ No DOI found,,,,,"Repetition increases the perceived truth of information. This illusory truth effect is a welldocumented and robust phenomenon. Although research has primarily focused on trivia statements, the effects of repetition on belief have also been identified for consequential statements such as fake news headlines. Moreover, research reveals repetition increases accuracy ratings for conspiracy statements. However, in past work, the illusory truth effect was smaller for conspiracy statements than trivia statements. This result raises the intriguing possibility that there is something unique about conspiracy statements relative to trivia statements that makes them more resistant to the effects of repetition. However, this difference in the illusory truth effect between conspiracy and trivia statements may be due to differences in baseline plausibility rather than anything specific about conspiracy statements. Overall, the conspiracy statements were seen as less plausible than the trivia statements (both true and false trivia statements) in the prior experiment. In this registered report, we examined the illusory truth effect for conspiracy and trivia statements using the same procedure as in previous research, but we matched the statements on baseline plausibility. In line with our hypothesis, the effect of repetition on perceived truth was similar for conspiracy and trivia statements when they were equally implausible (or plausible). Results from this study replicate the generality of the illusory truth effect to statements that can cause harm and suggest that the psychological effect of repetition on truth ratings is equivalent for equally implausible (or plausible) conspiracy and trivia statements.",,,,,,,BowesDoesRepetitionIncrease,,2026-01-20T01:52:11Z,2026-04-21T19:20:45Z,,,,,,,,,DE244UTC,en,Zotero,,,,,,,,,,,,,,,,,,,,,,,,,,17668,,,
journalArticle,Loneliness and Empathy,"Floyd, Kory",2018-06-05,,,https://osf.io/4zwua,False,⛔ No DOI found,,,,,"Knowles et al. (2015) reported that lonely adults perform worse than non-lonely adults on social sensitivity tests framed as tests of social aptitude, but not on social sensitivity tests framed as tests of academic performance. This study attempts to replicate those findings with a considerably larger and more diverse sample.",2026-01-27T21:05:13Z,,,,,,Floyd2018LonelinessEmpathy,,2026-01-27T21:05:13Z,2026-04-21T19:20:43Z,,,,,,,,,GSZ4FLS9,en-US,osf.io,,,,,,,,,,,,,OSF,,,,,,,,,,,,,17651,,,
journalArticle,"Negative Is True Here and Now, But Not So Much There and Then","Jaffé, Mariela E.; Greifeneder, Rainer",2020-11-09,Experimental Psychology,,https://econtent.hogrefe.com/doi/10.1027/1618-3169/a000493,False,⛔ No DOI found,,1618-3169,,,Abstract. How do people judge the veracity of a message? The negativity bias in judgments of truth describes the phenomenon that the same message is more likely judged as true when framed negativel...,2025-05-13T20:38:12Z,,,world,,,Jaffe2020NegativeTrueHere,,2025-05-13T20:38:12Z,2026-04-21T19:20:30Z,,,,,,,,,WF6T8IGE,en,econtent.hogrefe.com,,,,,,,,,,,,,Hogrefe Publishing,,,,Distributed under the Hogrefe OpenMind License https://doi.org/10.1027/a000001,,,,,,,,,17634,,,
journalArticle,"The effects of false feedback on state memory distrust toward commission and omission, and recognition memory errors","Zhang, Yikang; Nash, Robert; Otgaar, Henry; Li, Chunlin",2023-09-08,Peer Community in Registered Reports,,https://osf.io/8qbkn/,False,⛔ No DOI found,,,,,"Our appraisals and beliefs about our memory functioning shape how we reconstruct and report specific memory episodes. Research has shown that people differ in the extent to which they are skeptical about their memories, which is termed as memory distrust. In general, memory distrust has two aspects: distrust over forgetting (i.e., making omission errors) and distrust over falsely recollecting events that did not happen (i.e., making commission errors). Although these two aspects of memory distrust have been studied, how they are associated with memory validation (e.g., the formation of autobiographical belief) and reporting remains unclear. In the present study, we plan to examine the effect of metacognitive appraisals on the memory validation process as well as the commission and omission errors in memory reporting. Hosted on the Open Science Framework",2025-07-31T23:56:49Z,,,,,,Zhang2023EffectsFalseFeedback,,2025-07-31T23:56:49Z,2026-04-21T19:20:28Z,,,,,,,,,QKJZWVT2,en,osf.io,,,,,,,,,,,,,OSF,,,,,,,,,,,,,17622,,,
journalArticle,Can adults automatically process and translate between numerical representations?,"Xenidou-Dervou, Iro; Appleton, Caroline; Rossi, Serena; Guy, Natasha; Gilmore, Camilla",2020-05-04,Peer Community in Registered Reports,,https://osf.io/ktq8e/,False,⛔ No DOI found,,,,,Hosted on the Open Science Framework,2025-07-31T23:52:45Z,,,,,,Xenidou-Dervou2020CanAdultsAutomatically,,2025-07-31T23:52:45Z,2026-04-21T19:20:27Z,,,,,,,,,DSNIBKFK,en,osf.io,,,,,,,,,,,,,OSF,,,,,,,,,,,,,17623,,,
journalArticle,Three Attempts to Replicate the Moral Licensing Effect,"Blanken, Irene; Ven, Niels van de; Zeelenberg, Marcel; Meijers, Marijn H. C.",2014-01-01,Social Psychology,,https://econtent.hogrefe.com/doi/10.1027/1864-9335/a000189,False,⛔ No DOI found,,1864-9335,,,"The present work includes three attempts to replicate the moral licensing effect by Sachdeva, Iliev, and Medin (2009). The original authors found that writing about positive traits led to lower don...",2025-05-01T01:49:55Z,,,world,,,Blanken2014ThreeAttemptsReplicate,,2025-05-01T01:49:55Z,2026-04-21T19:20:26Z,,,,,,,,,SCIFHIFD,en,econtent.hogrefe.com,,,,,,,,,,,,,Hogrefe Publishing,,,,,,,,,,,,,17619,,,
journalArticle,What Does It Take to Activate Stereotypes? Simple Primes Don’t Seem Enough,"Müller, Florian; Rothermund, Klaus",2014-01-01,Social Psychology,,https://econtent.hogrefe.com/doi/10.1027/1864-9335/a000183,False,⛔ No DOI found,,1864-9335,,,"According to social cognition textbooks, stereotypes are activated automatically if appropriate categorical cues are processed. Although many studies have tested effects of activated stereotypes on...",2025-05-01T01:50:31Z,,,world,,,Muller2014WhatDoesIt,,2025-05-01T01:50:31Z,2026-04-21T19:20:26Z,,,,,,,,,X6SBHYHK,en,econtent.hogrefe.com,,,,,,,,,,,,,Hogrefe Publishing,,,,,,,,,,What Does It Take to Activate Stereotypes?,,,17618,,,
journalArticle,The Effect of Money Priming on Self-Focus in the Imitation-Inhibition Task,"Genschow, Oliver; Schuler, Johannes; Cracco, Emiel; Brass, Marcel; Wänke, Michaela",2020-02-14,Experimental Psychology,,https://econtent.hogrefe.com/doi/10.1027/1618-3169/a000466,False,⛔ No DOI found,,1618-3169,,,"Abstract. The self-sufficiency hypothesis suggests that priming individuals with money makes them focus more strongly on themselves than on others. However, recently, research supporting this claim...",2025-05-03T23:50:15Z,,,world,,,Genschow2020EffectMoneyPriming,,2025-05-03T23:50:15Z,2026-04-21T19:20:25Z,,,,,,,,,TB73B2VA,en,econtent.hogrefe.com,,,,,,,,,,,,,Hogrefe Publishing,,,,Distributed under the Hogrefe OpenMind License https://doi.org/10.1027/a000001,,,,,,,,,17617,,,
journalArticle,"Replication of the Superstition and Performance Study by Damisch, Stoberock, and Mussweiler (2010)","Calin-Jageman, Robert J.; Caldwell, Tracy L.",2014-01-01,Social Psychology,,https://econtent.hogrefe.com/doi/10.1027/1864-9335/a000190,False,⛔ No DOI found,,1864-9335,,,"A recent series of experiments suggests that fostering superstitions can substantially improve performance on a variety of motor and cognitive tasks (Damisch, Stoberock, & Mussweiler, 2010). We con...",2025-05-10T06:25:22Z,,,world,,,Calin-Jageman2014ReplicationSuperstitionPerformance,,2025-05-10T06:25:22Z,2026-04-21T19:20:25Z,,,,,,,,,SUXJSWDG,en,econtent.hogrefe.com,,,,,,,,,,,,,Hogrefe Publishing,,,,,,,,,,,,,17616,,,
journalArticle,"“Drive the Lane; Together, Hard!”","Breuer, Johannes; Velez, John; Bowman, Nicholas; Wulf, Tim; Bente, Gary",2017-03-21,Journal of Media Psychology,,https://econtent.hogrefe.com/doi/10.1027/1864-1105/a000209,False,⛔ No DOI found,,1864-1105,,,"Abstract. As an entertainment technology, video games are a popular social activity that can allow for multiple players to cooperatively engage on-screen challenges. Emerging research has found tha...",2025-04-23T06:13:07Z,,,world,,,Breuer2017DriveLaneTogether,,2025-04-23T06:13:07Z,2026-04-21T19:20:24Z,,,,,,,,,UD9RRTTR,en,econtent.hogrefe.com,,,,,,,,,,,,,Hogrefe Publishing,,,,,,,,,,,,,17610,,,
journalArticle,"A Secondary Replication Attempt of Stereotype Susceptibility (Shih, Pittinsky, & Ambady, 1999)","Moon, Alice; Roeder, Scott S.",2014-01-01,Social Psychology,,https://econtent.hogrefe.com/doi/10.1027/1864-9335/a000193,False,⛔ No DOI found,,1864-9335,,,"Prior work suggests that awareness of stereotypes about a person’s in-group can affect a person’s behavior and performance when they complete a stereotype-relevant task, a phenomenon called stereotype susceptibility (Shih, Pittinsky, & Ambady, 1999). In a preregistered confirmatory design, we found that priming Asian women with social identities associated with math stereotypes did not influence their performance on a subsequent mathematics exam, and hypothesized moderators did not account for the effect. The conditions necessary to obtain the original results are not yet fully understood.",2025-04-23T06:13:04Z,,,world,,,Moon2014SecondaryReplicationAttempt,,2025-04-23T06:13:04Z,2026-04-21T19:20:24Z,,,,,,,,,CP2E8DMS,en,econtent.hogrefe.com,,,,,,,,,,,,,Hogrefe Publishing,,,,,,,,,,,,,17609,,,
journalArticle,Forming Impressions of Personality,"Nauts, Sanne; Langner, Oliver; Huijsmans, Inge; Vonk, Roos; Wigboldus, Daniël H. J.",2014-01-01,Social Psychology,,https://econtent.hogrefe.com/doi/10.1027/1864-9335/a000179,False,⛔ No DOI found,,1864-9335,,,"Asch’s seminal research on “Forming Impressions of Personality” (1946) has widely been cited as providing evidence for a primacy-of-warmth effect, suggesting that warmth-related judgments have a st...",2025-04-23T06:32:25Z,,,world,,,Nauts2014FormingImpressionsPersonality,,2025-04-23T06:32:25Z,2026-04-21T19:20:24Z,,,,,,,,,F2ETY2YY,en,econtent.hogrefe.com,,,,,,,,,,,,,Hogrefe Publishing,,,,,,,,,,,,,17608,,,
journalArticle,"A preregistered study on the relation between spirituality, religiosity, and interoceptive sensibility","Michalak, Johannes; Röer, Jan Philipp; Zierahn, Kim; Kelava, Augustin",11-12-2025,Archive for the Psychology of Religion,,,False,⛔ No DOI found,,,,,"The relationship between body and mind plays an important role in many spiritual and religious experiences. Previous studies that looked into embodiment in the psychology of religion have mainly focused on the motoric system or embodied cognition phenomena. Despite interoceptive sensibility (IS) playing an important role in cognition, emotion, and well-being, a systematic investigation of the relationship between religiosity, spirituality, and IS has not yet been conducted. In this preregistered report, we performed such an investigation. We used established measures and collected data from a large sample to guarantee sufficient statistical power. We contrasted groups with different religious backgrounds (Christians n = 271, Buddhists n = 236, and Muslims, n = 229) to explore possible religious differences in the relationship between religiosity, spirituality, and IS. As expected, the results showed that adaptive forms of IS were linked to spirituality. Significant correlations between IS and spirituality were observed across all religious groups. However, contrary to our hypothesis, these associations were strongest among Christians rather than Buddhists. While spirituality showed significant correlations with IS, the correlations between religiosity and IS were mostly non-significant when accounting for the shared variance between spirituality and IS. Our results indicate that IS, as the inner dimension of embodiment, may be a fundamental factor in shaping spiritual experiences across diverse faiths and denominations. The preregistered analysis plan, materials, raw data, and the analysis code are publicly available.",,,,,,,Michalak2025PreregisteredStudyRelation,,2025-11-21T01:32:18Z,2026-04-21T19:20:16Z,,,,,,,,,HEKUDM8E,en,Zotero,,,,,,,,,,,,,,,,,,,,,,,,,,17598,,,
journalArticle,Heat-Aggression Association-AMP,"McCarthy, Randy",2017-07-14,,,https://osf.io/r48ue,False,"CRSP, Preregistration, ⛔ No DOI found",,,,,,2026-04-15T22:17:22Z,,,,,,McCarthy2017HeatAggressionAssociationAMP,,2026-04-15T22:17:22Z,2026-04-21T19:20:08Z,,,,,,,,,QZ7SIF99,en-US,osf.io,,,,,,,,,,,,,OSF,,,,,,,,,,,,,17561,,,
journalArticle,Meaning and Happiness in Everyday Life,"Dwyer, Ryan; Dunn, Elizabeth; Hershfield, Hal",2016-08-02,,,https://osf.io/nq64z,False,"Preregistration, ⛔ No DOI found",,,,,,2026-04-15T20:24:45Z,,,,,,Dwyer2016MeaningHappinessEveryday,,2026-04-15T20:24:45Z,2026-04-21T19:20:08Z,,,,,,,,,BP395ADZ,en-US,osf.io,,,,,,,,,,,,,OSF,,,,,,,,,,,,,17559,,,
journalArticle,Planned Activity (Study 3),"Dwyer, Ryan; Dunn, Elizabeth; Hershfield, Hal",2016-08-09,,,https://osf.io/bxv86,False,"Preregistration, ⛔ No DOI found",,,,,,2026-04-15T20:27:56Z,,,,,,Dwyer2016PlannedActivityStudy,,2026-04-15T20:27:56Z,2026-04-21T19:20:08Z,,,,,,,,,FAP624N8,en-US,osf.io,,,,,,,,,,,,,OSF,,,,,,,,,,,,,17558,,,
journalArticle,Stage1_Doc7_RevisedProposal2,"Whillans, Ashley",2017-01-30,,,https://osf.io/7p3gf,False,"CRSP, Open Peer Review, ⛔ No DOI found",,,,,,2026-04-15T21:18:51Z,,,,,,Whillans2017Stage1_Doc7_RevisedProposal2,,2026-04-15T21:18:51Z,2026-04-21T19:20:08Z,,,,,,,,,B4WDIUJV,en,osf.io,,,,,,,,,,,,,OSF,,,,,,,,,,,,,17556,,,
journalArticle,"More evidence for the illusion of knowledge effect, but brief exposure to social media does not seem to modify it","Syed, Moin",2025/08/28,Peer Community in Registered Reports,10.24072/pci.rr.100986,https://rr.peercommunityin.org/PCIRegisteredReports/articles/rec?id=986,False,"Open Peer Review, PCI-RR, Stage 2 Manuscript",,2823-9393,,,"A recommendation of: Federica Ruzzante, Gustavo Cevolani, Folco Panizza Scrolling to wisdom: the impact of social media news exposure on knowledge perception https://osf.io/s3e49",2026-01-10T02:32:22Z,,,,,,syedMoreEvidenceIllusion2025,,2026-01-10T02:32:22Z,2026-04-21T18:58:26Z,,,Company: Peer Community in Registered Reports Distributor: Peer Community in Registered Reports Institution: Peer Community in Registered Reports Label: Peer Community in Registered Reports,,,,,PCI RR,RWLPXZJS,en,rr.peercommunityin.org,,,,,,,,100986,,,,,Peer Community In,,,,"(C) Peer Community in Registered Reports, 2025",,,,,,,,,17554,1,,
journalArticle,Registered report: Stress testing predictive models of ideological prejudice,"Thompson, Jordan L.; Cassario, Abigail L.; Vallabha, Shree; Gnall, Samantha A.; Rice, Sada; Solanki, Prachi; Carrillo, Alejandro; Brandt, Mark J.; Wetherell, Geoffrey A.; Cook, Corey",2025-10-13,PLOS One,10.1371/journal.pone.0334152,https://dx.plos.org/10.1371/journal.pone.0334152,False,"Multiple Study, Open Code, Open Data, Stage 2 Manuscript",,1932-6203,,,"In this registered report, we stress-tested existing models for predicting the ideology-prejudice association, which varies in size and direction across target groups. Previous models of this relationship use perceived ideology, status, and choice in group membership of target groups to predict the ideology-prejudice association across target groups. These analyses show that models using only the perceived ideology of the target group are more accurate and parsimonious in predicting the ideology-prejudice association than models using perceived status, choice, and all three characteristics in one model. Here, we stress-tested the original models by testing the models’ predictive utility with new measures of explicit prejudice, a comparative operationalization of prejudice, the Implicit Association Test (IAT), and additional target groups. In Study 1, we directly tested the previous models using absolute measures of prejudice that closely resemble the measures used in the original study. Our results indicated that the models replicate with distinct, yet conceptually similar measures of prejudice. As in previous work, our ideology-only and ideology, status, and choice models were the best predictors of the ideologyprejudice association. In Study 2, we developed new ideology-prejudice models for a comparative operationalization of prejudice using both explicit measures and the Implicit Association Test. We tested these new models using data from the Ideology 2.0 project collected by Project Implicit. Our results indicate that this model-building strategy was not effective for relative or IAT prejudice measures. We found no significant differences in predictive ability between the models. These results indicate that the ideology-only and ideology, status, and choice models are effective in predicting the ideology-prejudice association in a variety of absolute prejudice measures, but our results suggest this may not generalize to relative or IAT measures.",2025-10-22T01:08:54Z,,,,,,Thompson2025RegisteredReportStress,,2025-10-22T01:08:54Z,2026-04-21T17:33:01Z,,,,,,,10,PLoS One,96LQM48Y,en,DOI.org (Crossref),,,,,,,,e0334152,,,,,,,,,,,,,,,Registered report,,,17551,20,,
journalArticle,Varieties of Participation and Investment in Local Public Goods: Evidence from an RCT in Kenya,"Grillos, Tara; Touchton, Michael",2026-04,The Journal of Politics,10.1086/741603,https://www.journals.uchicago.edu/doi/abs/10.1086/741603,False,,,0022-3816,,,,2026-04-08T21:21:19Z,,,,,,Grillos2026VarietiesParticipationInvestment,,2026-04-08T21:21:19Z,2026-04-08T21:21:19Z,,,,,,,,,HNF7D6FP,,journals.uchicago.edu (Atypon),,,,,,,,,,,,,The University of Chicago Press,,,,,,,,,,Varieties of Participation and Investment in Local Public Goods,,,16398,,,
journalArticle,The role of insincere responding in research on conspiracy beliefs,"Liekefett, Luisa",2026/01/23,Peer Community in Registered Reports,10.24072/pci.rr.101201,https://rr.peercommunityin.org/articles/rec?id=1201,False,"PCI-RR, Stage 2 Manuscript",,2823-9393,,,"A recommendation of: Matt N. Williams, Mathew D. Marques, Mathew Ling, Stephen R. Hill, John Kerr, Edward J. R. Clarke, Ahnya Martin, Robert M. Ross Do you really believe that? Examining the prevalence and predictors of belief in conspiracy theories when accounting for insincerity https://osf.io/saqdn/files/xeasj?view_only=5598eac28e0a4a619835eb8c9a192e80",2026-02-14T00:43:16Z,,,,,,liekefettRoleInsincereResponding2026,,2026-02-14T00:43:16Z,2026-03-30T16:49:48Z,,,,,,,,PCI RR,R8RF94EP,en,rr.peercommunityin.org,,,,,,,,101201,,,,,Peer Community In,,,,"(C) Peer Community in Registered Reports, 2026",,,,,,,,,18786,1,,
journalArticle,Are colour-emotion associations linked to colour preference?,"Edwards, Grace",2025/09/03,Peer Community in Registered Reports,,https://rr.peercommunityin.org/PCIRegisteredReports/articles/rec?id=953,False,PCI-RR,,2823-9393,,,"A recommendation of: Anastazja Adamczyk, Christine Mohr, Elise Dan-Glauser, Domicele Jonauskaite Registered report protocol for the Perception Census: Linking colour preferences and colour-emotion associations https://osf.io/u8h5n?view_only=d783d8c9d2564c9c916370b66f9756e0",2026-01-08T18:55:43Z,,,,,,edwardsAreColouremotionAssociations2025,,2026-01-08T18:55:43Z,2026-03-30T16:49:48Z,,,Company: Peer Community in Registered Reports Distributor: Peer Community in Registered Reports Institution: Peer Community in Registered Reports Label: Peer Community in Registered Reports,,,,,PCI RR,7TKVUPCS,en,rr.peercommunityin.org,,,,,,,,,,,,,Peer Community In,,,,"(C) Peer Community in Registered Reports, 2025",,,,,,,,,14308,1,,
journalArticle,How does economic status moderate the effect of scarcity cues on attentional performance?,"Vuorre, Matti",2025/08/20,Peer Community in Registered Reports,10.24072/pci.rr.101021,https://rr.peercommunityin.org/PCIRegisteredReports/articles/rec?id=1021,False,PCI-RR,,2823-9393,,,"A recommendation of: Peter Szecsi, Miklos Bognar, Barnabas Szaszi Do Scarcity-Related Cues Affect the Sustained Attentional Performance of the Poor and the Rich Differently? https://osf.io/preprints/psyarxiv/nk4d9_v3?view_only=",2026-01-10T02:33:29Z,,,,,,vuorreHowDoesEconomic2025,,2026-01-10T02:33:29Z,2026-03-30T16:49:48Z,,,Company: Peer Community in Registered Reports Distributor: Peer Community in Registered Reports Institution: Peer Community in Registered Reports Label: Peer Community in Registered Reports,,,,,PCI RR,65KLWLUX,en,rr.peercommunityin.org,,,,,,,,101021,,,,,Peer Community In,,,,"(C) Peer Community in Registered Reports, 2025",,,,,,,,,14307,1,,
journalArticle,Do eye movements reflect visuospatial imagery in aphantasia?,"Yamada, Yuki; Reeder, Reshanne",2025/09/12,Peer Community in Registered Reports,,https://rr.peercommunityin.org/articles/rec?id=1024,False,PCI-RR,,2823-9393,,,"A recommendation of: Yusaku Takamura, Emaad Razzak, Sarah Coustaty, Jianghao Liu, Pierre Pouget, Alfredo Spagna, Paolo Bartolomeo Oculomotor Markers of Visuospatial Mental Imagery in Aphantasia and Visualizers https://osf.io/g4fzv",2026-01-12T04:55:22Z,,,,,,yamadaEyeMovementsReflect2025,,2026-01-12T04:55:22Z,2026-03-30T16:49:48Z,,,Company: Peer Community in Registered Reports Distributor: Peer Community in Registered Reports Institution: Peer Community in Registered Reports Label: Peer Community in Registered Reports,,,,,PCI RR,DBTP9LKD,en,rr.peercommunityin.org,,,,,,,,,,,,,Peer Community In,,,,"(C) Peer Community in Registered Reports, 2025",,,,,,,,,14306,1,,
journalArticle,Curiosity and learning in children and adolescents: an fMRI study,"Bazhydai, Marina",2025/09/11,Peer Community in Registered Reports,,https://rr.peercommunityin.org/articles/rec?id=1035,False,PCI-RR,,2823-9393,,,"A recommendation of: Ellen M. O'Donoghue, Pierre-Yves Oudeyer, Helene Sauzeon, Yana Fandakova, Matthias J. Gruber How curiosity enhances hippocampus-dependent learning across late childhood and early adolescence https://osf.io/c9m8d?view_only=206d69bc700347adbbc7e4d5329405e9",2026-01-12T05:10:01Z,,,,,,bazhydaiCuriosityLearningChildren2025,,2026-01-12T05:10:01Z,2026-03-30T16:49:48Z,,,Company: Peer Community in Registered Reports Distributor: Peer Community in Registered Reports Institution: Peer Community in Registered Reports Label: Peer Community in Registered Reports,,,,,PCI RR,T4E2GNZ2,en,rr.peercommunityin.org,,,,,,,,,,,,,Peer Community In,,,,"(C) Peer Community in Registered Reports, 2025",,,,,,Curiosity and learning in children and adolescents,,,14305,1,,
journalArticle,Personality traits predict perception of pandemic risk and compliance with infection control measures,"Sætrevik, Bjørn; Bjørkheim, Sebastian; Erevik, Eilin",2025-06-20,,,https://osf.io/https://osf.io/34gpd,False,Preprint,,,,,Presented by OSF,2025-10-02T18:10:15Z,,,,,,saetrevikPersonalityTraitsPredict2025,,2025-10-02T18:10:15Z,2026-03-03T19:42:17Z,,,,,,,,,N74UN2NY,en-us,osf.io,,,,,,,,,,,,,Open Science Framework,,,,,,,,,,,,,13560,,,
journalArticle,Effectiveness of a Hybrid Community-Based Heart-Healthy Lifestyle Intervention: A Three-Arm Randomized Controlled Trial Integrating mHealth and Motivational Interviewing,"Choo, Jina; Shin, Yura; Noh, Songwhi; Lee, Juneyoung",2025-12-17,JMIR mHealth and uHealth,10.2196/76521,,False,"JMIR, question",,2291-5222,,41407528,"BACKGROUND: Limited empirical evidence exists on the effectiveness of a hybrid approach to heart-healthy lifestyle interventions that integrates mHealth technology with face-to-face counseling. Moreover, its superiority over exclusive mHealth use in promoting heart-healthy behavioral outcomes within a community setting remains unclear. OBJECTIVE: This study aims to evaluate the effectiveness of a hybrid community-based approach to heart-healthy lifestyle intervention incorporating a mobile application and motivational interviewing among community-dwelling adults without a history of cardiovascular disease. METHODS: We conducted a three-arm, parallel-group, randomized controlled trial with assessments at baseline and after 12 weeks. A total of 75 participants, each presenting at least one component of metabolic syndrome and no history of cardiovascular disease, were randomly assigned to one of three groups: hybrid (n=25), mobile (n=25), or control (n=25). Participants were recruited through online platform. The hybrid group underwent a 12-week hybrid intervention combining a mobile application (i.e., ""My HeartHELP"") and face-to-face motivational interviewing led by a nursing researcher. The mobile group used only the mobile application, while the control group received written material on general heart health. The intervention was facilitated by three trained nursing researchers. The primary outcome was a composite score of 'heart-healthy behaviors', while secondary outcomes included scores for heart-healthy 'information', 'self-efficacy', 'motivation', and cardiovascular parameters. The trial was conducted in two rounds from October 2022 to May 2023. An intention-to-treat analysis was performed. RESULTS: Of the 75 participants, 72 (96%) completed the study. Compared with the control group, both the hybrid and mobile intervention groups demonstrated significantly greater improvements in behavioral outcomes, including composite heart-healthy behavior (F=7.25, P=.001), its theoretical predictors-heart-healthy motivation (F=8.54, P< .001) and self-efficacy for diet (F=4.87, P=.011) and exercise (F=5.48, P=.006)-as well as fasting glucose levels (F=3.90, P=.025) following the 12-week intervention. Particularly, the hybrid group-unlike the mobile group-showed significantly greater improvement in dietary behavior, a subscale of heart-healthy behavior, compared with the control group, and demonstrated significantly greater improvements in Interest/Enjoyment, a core subscale of intrinsic motivation than the mobile and control groups. CONCLUSIONS: The hybrid community-based heart-healthy lifestyle intervention-integrating a mobile application and motivational interviewing-demonstrated overall effectiveness comparable to the mobile application alone, while yielding greater improvements in dietary behavior and core intrinsic motivation. These findings highlight the potential of mHealth applications as practical, standalone tools to promote cardiovascular health, particularly in community settings with limited access to in-person professional support. However, incorporating motivational interviewing may further enhance internalized motivation and complex behavior changes over time. Health professionals can therefore adopt mHealth either independently or in combination with motivational interviewing. Future studies should optimize integration strategies to enhance effectiveness and evaluate the long-term sustainability of such hybrid approaches. CLINICALTRIAL: The trial was registered on the ISRCTN (no.83643383). INTERNATIONAL REGISTERED REPORT: RR2-10.1161/circ.147.suppl_1.P147.",,,,,,,chooEffectivenessHybridCommunityBased2025,,2025-12-22T05:53:09Z,2026-03-03T19:31:24Z,,,,,,,,JMIR Mhealth Uhealth,JD6A4553,eng,PubMed,,,,,,,,,,,,,,,,,,,,,,,Effectiveness of a Hybrid Community-Based Heart-Healthy Lifestyle Intervention,,,13530,,,
journalArticle,Neural activations and representations during episodic versus semantic memory retrieval,"Tibon, Roni; Greve, Andrea; Humphreys, Gina; Quent, Jörn Alexander; Henson, Richard",2026-01-27,Nature Human Behaviour,10.1038/s41562-025-02390-4,https://www.nature.com/articles/s41562-025-02390-4,False,"Cognitive neuroscience, Human behaviour",,2397-3374,,,"Although the distinction between episodic and semantic memory is supported by numerous neuropsychological studies, neuroimaging data have shown considerable overlap between regions that are activated during semantic and episodic remembering. This might indicate similar or shared mechanisms but might also result from inadequate task designs or poor functional magnetic resonance imaging signal coverage. Here we compared neural activations and representations associated with successful retrieval of episodic and semantic memories, using tasks that are more closely matched. A total of n = 40 participants recalled pairings between logos and brand names, where the pairings corresponded to real-world knowledge (semantic task) or were learned in an initial study phase (episodic task). Neither a priori-defined networks nor clusters generally activated by our task provided evidence for any difference between successful semantic and episodic retrieval, with the Bayes factor for the a priori networks supporting the null hypothesis of no difference. Protocol registration The Stage 1 protocol for this Registered Report was accepted in principle on 15 September 2021. The protocol, as accepted by the journal, can be found at https://osf.io/dm47y/.",2026-02-14T00:48:28Z,,,,,,Tibon2026NeuralActivationsRepresentations,,2026-02-14T00:48:28Z,2026-02-14T00:48:28Z,,,,,,,,Nat Hum Behav,GDSPIC5L,en,www.nature.com,,,,,,,,1-19,,,,,Nature Publishing Group,,,,"2026 The Author(s), under exclusive licence to Springer Nature Limited",,,,,,,,,14331,,,
journalArticle,GABAB Receptor signaling in CA1 Pyramidal Cells is not Regulated by Aging in the APP/PS1 Mouse Model of Amyloid Pathology,"Meftah, Soraya; Wilson, Max A.; Elliott, Jamie; McLay, Lauren; Dobrovolskis, Vladimirs; Rosencrans, Samuel; Taylor, Lewis W.; Mugnaini, Claudia; Mostallino, Rafaela; Durrant, Claire S.; Booker, Sam A.",2026/02/01,eNeuro,10.1523/ENEURO.0099-23.2025,https://www.eneuro.org/content/13/2/ENEURO.0099-23.2025,False,"Alzheimer’s disease, GABAB receptors, aging, amyloid pathology, hippocampus, pyramidal cells",,2373-2822,,41651661,"Dementia-causing diseases, including Alzheimer's disease (AD), are one of the greatest health concerns facing the aging world population. A key feature of AD is excessive accumulation of amyloid-beta, leading to synapse and cell loss in brain structures, such as the hippocampus. This neurodegeneration is preceded by impaired neuron function, notably reduced synaptic inhibition. Metabotropic GABAB receptors (GABABRs) may be modulated by amyloid precursor protein (APP) and are reported to be progressively lost from neuronal membranes of hippocampal pyramidal neurons. However, it remains unknown whether functional GABABR-mediated signaling changes over aging and whether or not pharmacological intervention can prevent receptor loss. In this study, we combine electrophysiological and biochemical analysis of hippocampal neurons in the Amyloid Precursor Protein/Presenilin-1 (APP/PS1) mouse model of AD from acute brain slices and organotypic slice cultures prepared from male and female mice to determine if functional GABABRs are lost and the effect of pharmacological modulation. Overall, we found that GABABR expression decreased with age, independent of genotype, with no evidence for postsynaptic GABABR loss in CA1 pyramidal cells at any age. We did observe a genotype-dependent reorganization of postsynaptic GABABR-mediated IPSCs, which was independent of age. Presynaptic GABABR-mediated inhibition was impaired in APP/PS1 mice, also independent of age. We observed that chronic GABABR modulation differentially regulated function but was independent of genotype. Overall, our data show that functional GABABR signaling is altered in APP/PS1 mice, independent of age, increasing our understanding of amyloidopathy-induced dysfunction.",2026-02-14T00:43:51Z,,,,,,Meftah2026GABABReceptorSignaling,,2026-02-14T00:43:51Z,2026-02-14T00:43:51Z,,,,,,,2,eNeuro,5CGNIXWZ,en,www.eneuro.org,,,,,,,,,,,,,Society for Neuroscience,,,,"Copyright © 2026 Meftah et al.. This is an open-access article distributed under the terms of the Creative Commons Attribution 4.0 International license, which permits unrestricted use, distribution and reproduction in any medium provided that the original work is properly attributed.",Research Article: New Research - Registered Report,,,,,,,,14339,13,,
webpage,My Vote History is Public Information? The Consequences of Administrative Transparency for Public Attitudes toward Elections,"Wager, Emily",2025-10-23,,10.1086/739293,https://www.journals.uchicago.edu/doi/10.1086/739293,False,,,,,,,2026-01-20T01:49:19Z,,,,,,Wager2025MyVoteHistory,,2026-01-20T01:49:19Z,2026-01-20T01:49:19Z,,,Archive Location: world,,,,,,BN687YDT,en,,,,,,,,,,,,,,,,,,"© 2025 Southern Political Science Association. All rights reserved, including rights for text and data mining and training of artificial intelligence technologies or similar technologies. Published by The University of Chicago Press for Southern Political Science Association.",,,,,,My Vote History is Public Information?,,,14443,,https://doi.org/10.1086/739293,research-article
journalArticle,Sign-tracking bias is associated with the inhibition of motor response to appetitive food cues,"Najberg, Hugo; Tapparel, Malika; Holmann, Joel N.; Spierer, Lucas",2026-01-08,Imaging Neuroscience,10.1162/IMAG.a.1118,https://doi.org/10.1162/IMAG.a.1118,False,MIT Press Direct,,2837-6056,,,"Response training, such as with the Go/NoGo task, reduces the value of trained items by requiring participants to repeatedly inhibit their responses to appetitive cues that typically elicit approach tendencies. This devaluation is thought to reflect a reduction in motivational conflict between cue-driven approach and task demand for response withholding. In this registered report, we examined whether individual differences in Pavlovian learning style, measured via a sign-tracking bias during a separate Pavlovian conditioning task, are associated with the topography of event-related potentials recorded during a food-related Go/NoGo task. We also assessed whether this bias correlates with participants’ reaction times and commission errors during the task.We found a covariance between sign-tracking bias and pre-training topographic electrophysiological responses during the P3 ERP component, but no association with training-induced plastic modification. Additionally, we found positive evidence for an absence of relationship between sign-tracking bias and behavioral responses at pre-training (r = 0.0, BF01 &gt; 3), and weak evidence for its absence post-training (r = 0.1, BF01 &lt; 3). These findings indicate that sign tracking bias modulates the activity of a specific brain network involved in inhibition of responses to appetitive cue. However, the absence of modulation induced by training suggests that food Go/NoGo training operates through pathways independent of the sign-tracking bias.",2026-01-20T01:42:40Z,,,,,,Najberg2026SigntrackingBiasAssociated,,2026-01-20T01:42:40Z,2026-01-20T01:42:57Z,,,,,,,,,284KYNCD,,Silverchair,,,,,,,,,,,,,,,,,,,,,,,,,,14445,,,
journalArticle,Positive Treatment Effects and High Heterogeneity of Hormonal Contraceptive Use on Women’s Sexuality,"Botzet, Laura J.; Rohrer, Julia M.; Penke, Lars; Arslan, Ruben C.",2026-01-09,Personality Science,10.1177/27000710251405173,https://doi.org/10.1177/27000710251405173,False,Sage,,2700-0710,,,"Different women experience hormonal contraceptives differently, reporting side effects on their sexuality that range from negative to positive. But research on such causal effects of hormonal contraceptives on psychological outcomes struggles both to identify average causal effects and capture the high heterogeneity in women’s treatment responses. In this study, we leveraged longitudinal data to improve our ability to separate the causal effects of hormonal contraceptives from other sources of association, including observed and unobserved confounding, reverse causality, and attrition. In this programmatic registered report (programmatic registered stage 1 protocol: https://osf.io/kj3h2; date of in-principle acceptance: 28/09/2023), we analyzed data from up to 5,041 women (23,130 observations), who participated in PAIRFAM, a German longitudinal panel dataset consisting of 14 waves, using Bayesian multilevel regressions. To deal with confounding and probe the robustness of findings, we implemented two analysis approaches: adjusted regression analysis and inverse probability of treatment weighting approach. We found evidence for positive average treatment effects of hormonal contraceptives on sexual frequency and sexual satisfaction, but no robust evidence for effects on desired sexual frequency. Furthermore, to move beyond average treatment effects, we analyzed heterogeneity in treatment responses. We found relatively high heterogeneity in individual treatment effects on sexual frequency and sexual satisfaction. Interindividual differences were not systematically related to individual treatment effects, and those treatment effects did not predict women’s decisions about which contraceptive method to use in the long run. Our results contribute to understanding the effects of hormonal contraceptives on sexuality in a naturalistic setting, where women adapt their choice of contraceptive method to their own experiences.",2026-01-20T01:35:54Z,,,,,,Botzet2026PositiveTreatmentEffects,,2026-01-20T01:35:54Z,2026-01-20T01:36:01Z,,,,,,,,,NBHXURRM,EN,SAGE Journals,,,,,,,,27000710251405173,,,,,SAGE Publications,,,,,,,,,,,,,14448,7,,
journalArticle,No Evidence for Associations Among Minimal Self Facets or with Attachment in Early Childhood: A Registered Report,"Steinmassl, Konstantin; Paulus, Markus",2026-01-06,Journal of Cognition and Development,10.1080/15248372.2025.2606269,https://www.tandfonline.com/doi/full/10.1080/15248372.2025.2606269,False,,,"1524-8372, 1532-7647",,,"The development of the minimal self - distinguished in the facets sense of agency, body ownership, and interoception – has recently gained attention in developmental science. While research proposes the presence of minimal self facets in young children, interrelations among the three facets and cognitive mechanisms driving their development remain debated. Current theories suggest that minimal self facets are dynamic and plastic, affected by top-down processes and cognitive representations. To advance developmental theorizing, the present registered report had four aims. It a) examined how strongly the three minimal self facets are related, and b) investigated the impact of one central cognitive process – the internal working model (IWM) of attachment – on young children’s explicit self, and c), their minimal self. Furthermore, it d) explored whether the impact of the IWM is particularly strong in emotional contexts. A total of 120 fiveyear-old children from an urban German area participated. Established measures were used to assess all three minimal self facets, explicit selfconcept, and dimensional security of attachment IWM. We found no significant relations between the three minimal self facets and no prediction of minimal self facets by attachment security. Thus, the study provides no evidence for an influence of attachment IWM on minimal self facets in childhood. Exploratory analyses showed a relation between attachment categories and the malleability of sense of body ownership suggesting that a categorical approach to attachment is relevant for considerations of minimal self facets. We suggest that future research should integrate the sensorimotor grounding of attachment.",2026-01-12T05:25:40Z,,,,,,Steinmassl2026NoEvidenceAssociations,,2026-01-12T05:25:40Z,2026-01-12T05:25:41Z,,,,,,,,Journal of Cognition and Development,Z9KG4NQF,en,DOI.org (Crossref),,,,,,,,1-33,,,,,,,,,,,,,,,No Evidence for Associations Among Minimal Self Facets or with Attachment in Early Childhood,,,14459,,,
journalArticle,Reducing Assessment Time Without Sacrificing Content Validity in Short-Form Development: An Illustration Through the Revised 20-Item Short Version of the UPPS-P Impulsive Behavior Scale (UPPS-P-20-R),"Fournier, Loïs; Heeren, Alexandre; Baggio, Stéphanie; Clark, Luke; Verdejo-García, Antonio; Perales, José C.; Billieux, Joël; van Ravenzwaaij, Don",2026-01-05,Collabra: Psychology,10.1525/collabra.150350,https://doi.org/10.1525/collabra.150350,False,,,2474-7394,,,"The UPPS-P Impulsive Behavior Scale is a well-established psychometric instrument for assessing impulsivity, a key multidimensional psychological construct encompassing distinct facets that are differentially associated with numerous psychopathological and neuropathological symptoms across various disorders. To facilitate its integration in clinical and research settings, Billieux et al. (2012) developed and evaluated the psychometric properties of a 20-item short version of the UPPS-P Impulsive Behavior Scale (UPPS-P-20), reducing assessment time to approximately one-third of that of the original version of the psychometric instrument. Despite its widespread popularity, legitimate concerns were raised about the content validity of this short version of the UPPS-P Impulsive Behavior Scale. Indeed, the inevitable loss of construct-level content coverage in short-form development, although often unaddressed by researchers, warrants in-depth examination. Therefore, the present registered report aimed to develop and evaluate the psychometric properties of a revised short version of the UPPS-P Impulsive Behavior Scale through an expert-driven and data-driven methodological approach to short-form development emphasizing item-level and construct-level content validity. Taken together, the present registered report provides professionals in clinical and research settings (1) a revised short English-language psychometric instrument for assessing impulsivity – i.e., the revised 20-item short version of the UPPS-P Impulsive Behavior Scale (UPPS-P-20-R) – that presents strong psychometric properties, notably addressing the legitimate concerns critically highlighted about the content validity of the UPPS-P-20, and (2) a data-driven methodological approach to construct-level content validity in short-form development – i.e., the R package shortr – that can be adopted to develop short versions of any psychometric instrument.",2026-01-12T05:25:01Z,,,,,,Fournier2026ReducingAssessmentTime,,2026-01-12T05:25:01Z,2026-01-12T05:25:01Z,,,,,,,1,Collabra: Psychology,FKZARKKW,,Silverchair,,,,,,,,150350,,,,,,,,,,,,,,,Reducing Assessment Time Without Sacrificing Content Validity in Short-Form Development,,,14460,12,,
journalArticle,"Loneliness, Isolation, Cognition, and Mortality Risk: Harmonization Within a Coordinated Analysis Framework","Yoneda, Tomiko; Jackson, Kathryn; Bedjeti, Katy; Muniz-Terrera, Graciela; Mroczek, Daniel; Steptoe, Andrew; Ong, Anthony; Graham, Eileen",2025-12-31,Innovation in Aging,10.1093/geroni/igaf122.1683,https://pmc.ncbi.nlm.nih.gov/articles/PMC12761437/,False,PMC,,2399-5300,PMC12761437,null,"Loneliness and social isolation are associated with several negative health outcomes in older adulthood, including adverse cognitive outcomes and increased mortality risk. Between-study variability in how these constructs are defined and modeled poses a major challenge, potentially contributing to inconsistencies in previous findings. In response, this registered report leveraged a coordinated data analysis framework, applying independent but harmonized operational definitions and statistical models across 11 longitudinal studies of aging (N > 110,000) representing 20 countries. Using Cox regression, logistic regression, and multistate survival models (MSMs), we systematically examined how loneliness and social isolation—both separately and in combination—are associated with cognitive aging outcomes (no cognitive impairment, mild cognitive impairment, severe cognitive impairment) and mortality risk. Preliminary synthesized results based on random-effects meta-analysis show that loneliness and isolation both predict increased risk of dementia and death in Cox and logistic models (all ps < 0.001), with isolation showing a particularly strong link to mortality. In MSMs, however, loneliness (but not isolation) was associated with an increased risk of transitioning from no impairment to mild cognitive impairment. Loneliness and isolation were also associated with an increased risk of transitioning from mild cognitive impairment to death, but this was only true for isolation when loneliness was included in the model. Conversely, isolation appears to be most important for the transition from mild to severe cognitive impairment. Discussion will focus on the evidence for and against the generalizability and variability in associations among social disparities, cognitive outcomes, and mortality risk across individuals, time, and countries.",2026-01-12T05:24:40Z,,,,,,Yoneda2025LonelinessIsolationCognition,,2026-01-12T05:24:40Z,2026-01-12T05:24:43Z,,,,,,,Suppl 2,Innov Aging,5XE2XWYF,,PubMed Central,,,,,,,,igaf122.1683,,,,,,,,,,,,,,,"Loneliness, Isolation, Cognition, and Mortality Risk",,,14461,9,,
journalArticle,A registered report megastudy on the persuasiveness of the most-cited climate messages,"Voelkel, Jan G.; Ashokkumar, Ashwini; Abeles, Adina T.; Crawford, Jarret T.; Fuller, Kylie; Redekopp, Chrystal; Bongiorno, Renata; Campbell, Troy H.; Ecker, Ullrich K. H.; Feinberg, Matthew; Hart, P. Sol; Hornsey, Matthew J.; Jost, John T.; Kay, Aaron C.; Leiserowitz, Anthony; Lewandowsky, Stephan; Maibach, Edward; Nisbet, Erik C.; Pidgeon, Nick F.; Spence, Alexa; van der Linden, Sander; Wolsko, Christopher V.; Willenbring, Jane K.; Malhotra, Neil; Willer, Robb",2026-01-05,Nature Climate Change,10.1038/s41558-025-02536-2,https://www.nature.com/articles/s41558-025-02536-2,False,"Communication, Psychology",,1758-6798,,,"It is important to understand how persuasive the most-cited climate change messaging strategies are. In five replication studies, we found limited evidence of persuasive effects of three highly cited strategies (N = 3,216). We then conducted a registered report megastudy (N = 13,544) testing the effects of the 10 most-cited climate change messaging strategies on Americans’ pro-environmental attitudes and behaviour. Six messages significantly affected multiple preregistered attitudes, with effects ranging from 1 to 4 percentage points. Persuasiveness varied little across party lines, inconsistent with theories predicting heterogeneous effects for targeted messages. No message increased pro-environmental donations, suggesting costly behaviours are difficult to influence with messaging alone. Inference of mechanisms driving effects was limited as the most impactful messages influenced multiple mediating variables. Taken together, these results identify several persuasive strategies, while also highlighting the limits of short-form messages for increasing Americans’ support for action to address climate change.",2026-01-12T05:24:19Z,,,,,,Voelkel2026RegisteredReportMegastudy,,2026-01-12T05:24:19Z,2026-01-12T05:24:19Z,,,,,,,,Nat. Clim. Chang.,YGUEHELM,en,www.nature.com,,,,,,,,1-12,,,,,Nature Publishing Group,,,,"2026 The Author(s), under exclusive licence to Springer Nature Limited",,,,,,,,,14462,,,
journalArticle,A Head-to-Head Comparison of the Incremental Validity of Four Major Mentalizing Tests Against Mentalizing Self-Reports: A Preregistered Study in Adults,"Guignette, Léa; Caparos, Serge; Quesque, François; Trémolière, Bastien; Nimon, Kim; Gosling, Corentin J.",2025-10-14,Assessment,10.1177/10731911251374588,https://doi.org/10.1177/10731911251374588,False,Sage,,1073-1911,,,"Mentalizing, the ability to attribute mental states to oneself and others, is commonly assessed using a variety of neuropsychological tests. However, whether these tools capture unique aspects of mentalizing or primarily reflect reasoning and language abilities remains unclear. This pre-registered study examines the incremental validity of four widely used mentalizing assessments: the Hinting Task, the Faux-Pas test, the Reading the Mind in the Eyes Test, and Frith–Happé Animations. We aim to determine whether these tests uniquely predict self-reported mentalizing abilities in daily life (using various self-reported indices of mentalizing) beyond general reasoning and language skills. Beyond testing the incremental validity of each test, we will also conduct several exploratory analyses, including head-to-head comparisons between the performance-based tests and multimodal associations between tests and self-report questionnaires. This study will clarify the relevance of mentalizing assessments, offering valuable implications for research and clinical practice.",2026-01-12T05:22:00Z,,,,,,Guignette2025HeadtoHeadComparisonIncremental,,2026-01-12T05:22:01Z,2026-01-12T05:22:11Z,,,,,,,,Assessment,7XVBCIAB,EN,SAGE Journals,,,,,,,,10731911251374588,,,,,SAGE Publications Inc,,,,,,,,,,A Head-to-Head Comparison of the Incremental Validity of Four Major Mentalizing Tests Against Mentalizing Self-Reports,,,14464,,,
journalArticle,"Registered report: Predictors and trajectories of physical activity before, during, and following twin pregnancy from the Norwegian Mother, Father and Child Cohort Study","Andreassen, Silje Malen; Reis Costa, Denise; Laine, Katariina; Evenson, Kelly R.; Vangen, Siri; Owe, Katrine Mari",2025-12-28,Journal of Sports Sciences,10.1080/02640414.2025.2609026,https://www.tandfonline.com/doi/full/10.1080/02640414.2025.2609026,False,,,"0264-0414, 1466-447X",,,"Many pregnant women do not meet guidelines for physical activity, and women with twin pregnancies are less likely to be physically active compared with singleton pregnancies. During and following pregnancy, physical activity patterns and their related predictors have not been previously explored in women pregnant with twins. Therefore, we aimed to examine stability and change in leisure-time physical activity (LTPA) from pre-pregnancy, during pregnancy, and up to 18 months after childbirth in women pregnant with twins and identify predictors of their LTPA patterns. This study was based on data from a nationwide, prospective cohort study, the Norwegian Mother, Father and Child Cohort Study (1999–2008), and the Medical Birth Registry of Norway. We used latent class growth analysis and logistic regression to identify patterns of LTPA and associated predictors among women pregnant with twins (n = 1,796). Two patterns were identified: low/moderate (53.3%) and high (46.7%). Parity, pre-pregnancy overweight and obesity, and primary education were associated with 36–60% lower odds of belonging to the high LTPA class compared to the low-to-moderate LTPA class. There is an urgent need to study the potential consequences of physical activity in twin pregnancies on maternal and fetal health.",2026-01-12T05:16:37Z,,,,,,Andreassen2025RegisteredReportPredictors,,2026-01-12T05:16:37Z,2026-01-12T05:16:38Z,,,,,,,,Journal of Sports Sciences,PQ2UGNKM,en,DOI.org (Crossref),,,,,,,,1-13,,,,,,,,,,,,,,,Registered report,,,14465,,,
journalArticle,"Comparison of Virus Watch COVID-19 Positivity, Incidence, and Hospitalization Rates With Other Surveillance Systems: Surveillance Study","Fong, Wing Lam Erica; Nguyen, Vincent Grigori; Beale, Sarah; Byrne, Thomas E.; Geismar, Cyril; Fragaszy, Ellen; Kovar, Jana; Yavlinsky, Alexei; Abubakar, Ibrahim; Hayward, Andrew C.; Aldridge, Robert W.",2025-09-29,JMIR Public Health and Surveillance,10.2196/69655,https://publichealth.jmir.org/2025/1/e69655,False,"JMIR, JMIR: Registered",,,,,"Background: Effective disease surveillance is essential for understanding epidemiology, detecting outbreaks, and enabling timely public health responses, as demonstrated during the COVID-19 pandemic. In the UK, large-scale studies such as the ONS COVID-19 Infection Survey (CIS) monitored SARS-CoV-2 transmission but required significant resources, making them challenging to sustain in resource-limited settings. In contrast, the Virus Watch study, with a lower cost, relied on self-reported data and symptomatic testing, while SARI Watch leveraged hospital data for cost-effective surveillance. Objective: Our study evaluates Virus Watch’s effectiveness in tracking COVID-19 trends, using ONS CIS and SARI Watch as benchmarks for comparison. Methods: We used the Virus Watch prospective community cohort study to estimate COVID-19 positivity, incidence and hospitalisation rates in England and Wales from June 2020 to February 2023. We compared our findings with modelled positivity and incidence rates from ONS CIS and COVID-19 hospitalisation rates from SARI Watch using 9-week rolling Spearman’s ⍴ correlation to measure synchrony. Results: 58,628 participants were recruited into the Virus Watch study between June 2020 and March 2022, of whom 52,526 (90%) were reported to be living in England and 1,532 (2.6%) in Wales. Virus Watch estimates of COVID-19 positivity and incidence rates in England and Wales were highly correlated with those from ONS CIS. Despite lower absolute values in Virus Watch estimates, both studies showed strong global (overall ⍴s > 0.90) and local (median ⍴s > 0.75) synchrony over time. However, Virus Watch estimates of hospitalisations with COVID-19 were significantly lower and less synchronised with SARI Watch estimates (overall: 0.72, P<.001; median: 0.49, IQR 0.15-0.70). In Wales, Virus Watch estimates exhibited greater variability and lower local synchrony compared to England (overall positivity ⍴: 0.75, P<.001; overall incidence rate ⍴: 0.85, P<.001). Conclusions: Our results highlight the effectiveness of the Virus Watch approach in providing accurate estimates of COVID-19 positivity and incidence rates, even in the absence of national surveillance systems. This low-cost method can be adapted to various settings, particularly low-resource ones, to strengthen public health surveillance and inform timely interventions.",2026-01-12T05:10:59Z,,,,,,Fong2025ComparisonVirusWatch,,2026-01-12T05:10:59Z,2026-01-12T05:11:14Z,,,Company: JMIR Public Health and Surveillance Distributor: JMIR Public Health and Surveillance Institution: JMIR Public Health and Surveillance Label: JMIR Public Health and Surveillance,,,,1,,HVFYPY4I,EN,publichealth.jmir.org,,,,,,,,e69655,,,,,"JMIR Publications Inc., Toronto, Canada",,,,"Unless stated otherwise, all articles are open-access distributed under the terms of the Creative Commons Attribution License (http://creativecommons.org/licenses/by/2.0/), which permits unrestricted use, distribution, and reproduction in any medium, provided the original work (""first published in the Journal of Medical Internet Research..."") is properly cited with original URL and bibliographic citation information. The complete bibliographic information, a link to the original publication on http://www.jmir.org/, as well as this copyright and license information must be included.",,,,,,"Comparison of Virus Watch COVID-19 Positivity, Incidence, and Hospitalization Rates With Other Surveillance Systems",,,14467,11,,
journalArticle,Do multicultural barriers hinder fintech development? A pre-registered report,"Zhang, Haiyang; Wang, Lina; Song, Wenda",2025-12-01,Pacific-Basin Finance Journal,10.1016/j.pacfin.2025.102953,https://www.sciencedirect.com/science/article/pii/S0927538X25002902,False,"Cultural diversity, Cultural economics, Dialect, Fintech",,0927-538X,,,"This pre-registered report aims to explore the impact of cultural diversity on fintech development through the perspective of dialectal diversity. Specifically, we want to investigate three key questions: (1) Does cultural diversity influence fintech development? (2) If it does, what are the underlying mechanisms? (3) Moreover, does the impact of cultural diversity on fintech development vary across regions or households with heterogeneous characteristics? To explore these questions, we plan to utilize regional dialect data and analytical methods such as instrumental variables and fixed effects to examine fintech adoption at the household level. This report contributes to understanding the informal institutional factors underpinning the development of fintech, and provides new theoretical and practical perspectives for building a more comprehensive and inclusive fintech system.",2026-01-12T05:08:20Z,,,,,,Zhang2025MulticulturalBarriersHinder,,2026-01-12T05:08:20Z,2026-01-12T05:08:20Z,,,,,,,,Pacific-Basin Finance Journal,I7GI5H4G,,ScienceDirect,,,,,,,,102953,,,,,,,,,,,,,,,Do multicultural barriers hinder fintech development?,,,14468,94,,
journalArticle,A Registered Report on Selective Reporting in Single-Case Experimental Research,"Travers, Jason C.; Tincani, Matt; Dowdy, Art; Forbes, Heather; Johnson, Jenee Vickers",2025-09-27,Remedial and Special Education,10.1177/07419325251350697,https://doi.org/10.1177/07419325251350697,False,,,0741-9325,,,"Selective reporting is the exclusion of some study results from research reports, usually those that do not support claims of intervention effectiveness. Selective reporting inflates the perceived effects of an intervention and may mislead researchers and professionals to erroneous conclusions and courses of action. This registered report systematically investigated selective reporting in single-case experimental research studies in special education by comparing data and results reported in dissertation research published between 2010 and 2015 to respective published journal articles. Our search yielded 1,810 dissertations, of which 124 were published as journal articles and coded for discrepancies. Of the 41 dissertation-article pairs with discrepancies, we found 10 (8%) pairs that appeared to selectively report results for one or more participants and/or dependent variables. Published articles tended to report a greater number of experimental effects with larger effect sizes than dissertations. Researchers using single-case experimental designs should resist selective reporting and adopt open and transparent reporting practices.",2026-01-12T05:07:46Z,,,,,,Travers2025RegisteredReportSelective,,2026-01-12T05:07:46Z,2026-01-12T05:07:46Z,,,,,,,,,JIJ36LPZ,EN,SAGE Journals,,,,,,,,07419325251350697,,,,,SAGE Publications Inc,,,,,,,,,,,,,14469,,,
journalArticle,Toward Digital Self-Monitoring of Mental Health in the General Population: Scoping Review of Existing Approaches to Self-Report Measurement,"Koh, Zhao Hui; Serbetci, Duygu; Skues, Jason; Murray, Greg",2025-09-18,JMIR Mental Health,10.2196/59351,https://mental.jmir.org/2025/1/e59351,False,"JMIR, JMIR: Registered, JMIR: Stage 2 Only",,,,,"Background: With the ubiquity of smartphones, digital self-report instruments have enormous potential to support the general population in monitoring their mental health. A primary challenge for researchers committed to advancing this work is simply to scope the plethora of widely used candidate instruments. The overarching aim of this study was to address this challenge to support and guide future research in this burgeoning area. Objective: This study aimed to conduct a literature review of self-report instruments used in empirical studies to measure mental health (1) in the general population, (2) delivered in a digital format, and (3) in longitudinal designs. Given the wide range of recognized “mental health” constructs, the review’s search strategies were guided by Keyes’ dual continua model of mental health, recognizing both deficits- and strengths-based constructs. This study’s primary objective was to develop a first-of-its-kind ranking and synthesis of the most frequently used instruments that are potentially suitable for mental health self-monitoring. It was not an objective of this study to evaluate psychometric properties of the identified instruments—we hope the present ranking and synthesis will provide the foundation for future research into optimal digital, prospective self-report of mental health. Methods: Five major electronic databases were searched. Studies that administered digital mental health instruments (in English) repeatedly to community dwellers in the general adult population were eligible. The included studies were grouped by instruments for synthesis using a narrative approach. Results: Preliminary screening of 95,849 records identified 8460 eligible records, among which 1000 records were randomly selected over 4 iterations for full-text screening. A total of 223 records were included. We found that the top 30 most commonly used instruments accounted for 78.4% (308/393) of the total usage across studies. These instruments predominantly measure deficits-based mental health constructs. The Patient Health Questionnaire 9 Items and Generalized Anxiety Disorder 7 Items were by far the most used instruments. The most commonly measured strengths-based constructs were life satisfaction and mental well-being. Conclusions: The findings of this review strongly suggest that scientific investigation of mental health constructs across time on digital platforms still prioritizes deficits-focused instruments originally developed for pen-and-paper administration using classical test theory. These findings are discussed in light of evidence in the literature that deficits-focused instruments demonstrate inferior distributional properties (floor effects) in the general population and theory suggesting that both deficits- and strengths-focused measurements are required to holistically assess mental health. Limitations of the review include the restricted focus on English language instruments and the pragmatic approach to selecting records for full-text screening. It is concluded that, in the smartphone age, it would be timely to develop new digital instruments framed by holistic models of mental health and using contemporary test construction approaches. Trial Registration: PROSPERO CRD42022306547; https://www.crd.york.ac.uk/PROSPERO/view/CRD42022306547",2026-01-12T04:47:50Z,,,,,,Koh2025DigitalSelfMonitoringMental,,2026-01-12T04:47:50Z,2026-01-12T04:48:31Z,,,Company: JMIR Mental Health Distributor: JMIR Mental Health Institution: JMIR Mental Health Label: JMIR Mental Health,,,,1,,Y4NFPFVT,EN,mental.jmir.org,,,,,,,,e59351,,,,,"JMIR Publications Inc., Toronto, Canada",,,,"Unless stated otherwise, all articles are open-access distributed under the terms of the Creative Commons Attribution License (http://creativecommons.org/licenses/by/2.0/), which permits unrestricted use, distribution, and reproduction in any medium, provided the original work (""first published in the Journal of Medical Internet Research..."") is properly cited with original URL and bibliographic citation information. The complete bibliographic information, a link to the original publication on http://www.jmir.org/, as well as this copyright and license information must be included.",,,,,,Toward Digital Self-Monitoring of Mental Health in the General Population,,,14472,12,,
journalArticle,Using Smart Displays to Implement an eHealth System for Older Adults With Multiple Chronic Conditions: Randomized Controlled Trial,"Landucci, Gina; Sr, David H. Gustafson; Mares, Marie-Louise; Pe-Romashko, Klaren; Curtin, John J.; Hu, Yaxin; Maus, Adam; Thompson, Kasey; Saunders, Sydney; Brown, Kaitlyn; Woodburn, Judith; Mutlu, Bilge",2025-11-18,JMIR Aging,10.2196/75991,https://aging.jmir.org/2025/1/e75991,False,"JMIR, JMIR: PRE-registered",,,,,"Background: Smart displays and speakers offer voice interaction, which may be more accessible and appealing to older adults with chronic pain and other multimorbid conditions. Previous trials found stronger socioemotional benefits of ElderTree (vs control) among those with high primary care use and multiple chronic conditions. Objective: This study aims to test whether older adults with chronic pain and multiple other chronic conditions use and benefit more from ElderTree, an eHealth intervention targeting pain and quality of life, when delivered on a smart display. Methods: We recruited 269 participants from the University of Wisconsin-Madison health system and community organizations and randomly assigned 1:1:1 to (1) smart display with internet and ElderTree, plus usual care; (2) touchscreen laptop with internet and ElderTree, plus usual care; or (3) usual care alone. Participants were aged ≥60 years, had a chronic pain diagnosis or reported chronic pain, and at least 3 common chronic conditions. Primary outcomes were pain interference and psychosocial quality of life. Data sources were baseline, 4-month, and 8-month surveys and continuous ElderTree usage data. Results: No significant differences were found between the laptop versus smart display groups for pain interference (b=–0.11, 95% CI –1.07 to 0.85; P=.82) or psychosocial quality (b=–0.21, 95% CI –0.96 to 0.55; P=.56), nor between the combined laptop+smart display group versus control group for either outcome (pain interference: b=–0.41, 95% CI –1.23 to 0.41; P=.33; psychosocial quality of life: b=0.04, 95% CI –0.61 to 0.69; P=.90). Mediation was not tested because effects on primary outcomes were nonsignificant. Gender did not moderate the effect of laptop versus smart display groups in pain interference (b=–1.56, 95% CI –3.56 to 0.44; P=.13). Gender did moderate the effect of the combined laptop+smart display group versus control group (b=1.91, 95% CI 0.11 to 3.71; P=.04). Women showed a significant decrease in pain interference (b=–0.69, 95% CI –1.29 to –0.10; P=.02), whereas women in the control group showed no significant change (b=0.25, 95% CI –0.53 to 1.04; P=.53). Men in the combined group showed a nonsignificant decrease (b=–0.67, 95% CI –1.47 to 0.14; P=.10), whereas men in the control group showed a significant decrease (b=–1.61, 95% CI –2.88 to –0.35; P=.01). Participants assigned to the laptop versus smart display used ElderTree more frequently and had more favorable perceptions. Analyses of secondary and exploratory outcomes showed no significant differences between groups. Conclusions: We found no significant differences between the combined ElderTree group and the control group for changes over time in any primary, secondary, or exploratory outcomes. Moderation analyses indicated that only gender moderated study arm effects, and only for the laptop+smart display versus control group on changes over time in the two primary outcomes. Trial Registration: ClinicalTrials.gov NCT04798196; https://clinicaltrials.gov/ct2/show/NCT04798196",2026-01-12T04:45:28Z,,,,,,Landucci2025UsingSmartDisplays,,2026-01-12T04:45:28Z,2026-01-12T04:45:59Z,,,Company: JMIR Aging Distributor: JMIR Aging Institution: JMIR Aging Label: JMIR Aging,,,,1,,8UYPT3C2,EN,aging.jmir.org,,,,,,,,e75991,,,,,"JMIR Publications Inc., Toronto, Canada",,,,"This is an open-access article distributed under the terms of the Creative Commons Attribution License (https://creativecommons.org/licenses/by/4.0/), which permits unrestricted use, distribution, and reproduction in any medium, provided the original work, first published JMIR Aging, is properly cited. The complete bibliographic information, a link to the original publication on https://aging.jmir.org/, as well as this copyright and license information must be included.",,,,,,Using Smart Displays to Implement an eHealth System for Older Adults With Multiple Chronic Conditions,,,14475,8,,
journalArticle,Exposure to Radiation and Thyroid Cancer Risk Among Young Female Nurses: Longitudinal Analysis From the Korea Nurses’ Health Study,"Kim, Young Taek; Sung, Choa; Pang, Yanghee; Cha, Chiyoung",2025-09-18,JMIR Cancer,10.2196/68037,https://cancer.jmir.org/2025/1/e68037,False,"JMIR, JMIR: Registered, question",,,,,"Background: Thyroid cancer is one of the most commonly diagnosed malignancies in South Korea, with incidence rates among the highest globally. Young women, in particular, represent a high-risk group, likely due to a combination of biological, occupational, and environmental factors. However, the specific risk factors contributing to thyroid cancer development in this population remain poorly understood. Objective: This study aims to identify the risk factors associated with thyroid cancer among young female nurses using longitudinal survival analysis. Methods: This longitudinal study used data from the Korea Nurses’ Health Study (KNHS), a prospective national cohort of female nurses. Data from the first, fifth, seventh, and ninth surveys were used to construct a person-period data set. Female nurses aged in their 20s at baseline were included. Time-varying explanatory variables included age, marital status, BMI, smoking, alcohol consumption, perceived stress, sleep problems, nursing position, night shift work, working unit, and duration of radiation exposure. The dependent variable was self-reported physician-diagnosed thyroid cancer. Kaplan-Meier survival analysis and Cox proportional hazards regression were performed to examine the association between risk factors and thyroid cancer occurrence. Results: A total of 22,759 person-period cases were analyzed, and 105 thyroid cancer events were identified. Kaplan-Meier analysis showed significant associations between thyroid cancer occurrence and age (χ²1=51.6, P&lt;.001), marital status (χ²1=25.1, P&lt;.001), sleep problems (χ²1=20.3, P&lt;.001), night shift work (χ²1=20.1, P&lt;.001), working unit (χ²1=13.0, P&lt;.001), and duration of radiation exposure (χ²1=91.0, P&lt;.001). In the Cox regression model, nurses aged in their 20s had a significantly higher risk of thyroid cancer than those aged in their 30s (hazard ratio [HR] 4.602, 95% CI 1.893-11.188). Those who worked night shifts were also at an increased risk (HR 1.923, 95% CI 1.127-3.280). Compared with no exposure, radiation exposure showed a dose-response relationship: &lt;1 year: HR 3.449, 95% CI 1.474-8.074; ≥1 year: HR 4.178, 95% CI 2.702-6.461. Conclusions: Younger age, night shift work, and duration of radiation exposure were significantly associated with an increased risk of thyroid cancer in young female nurses. These findings highlight the importance of early screening and occupational risk management, including regular radiation monitoring and support for circadian health, in health care settings.",2026-01-12T04:44:02Z,,,,,,Kim2025ExposureRadiationThyroid,,2026-01-12T04:44:02Z,2026-01-12T04:44:18Z,,,Company: JMIR Cancer Distributor: JMIR Cancer Institution: JMIR Cancer Label: JMIR Cancer,,,,1,,Z28P54LR,EN,cancer.jmir.org,,,,,,,,e68037,,,,,"JMIR Publications Inc., Toronto, Canada",,,,"Unless stated otherwise, all articles are open-access distributed under the terms of the Creative Commons Attribution License (http://creativecommons.org/licenses/by/2.0/), which permits unrestricted use, distribution, and reproduction in any medium, provided the original work (""first published in the Journal of Medical Internet Research..."") is properly cited with original URL and bibliographic citation information. The complete bibliographic information, a link to the original publication on http://www.jmir.org/, as well as this copyright and license information must be included.",,,,,,Exposure to Radiation and Thyroid Cancer Risk Among Young Female Nurses,,,14476,11,,
journalArticle,Understanding the Thoughts and Preferences for Technologies Designed to Detect Feelings of Loneliness: Interview Study Among Older Adults,"Rees, Jessica; Ratcliffe, John; Liu, Wei; Zhou, Yi; Ourselin, Sebastien; Antonelli, Michela; Patel, Ashay; Shi, Yu; Liu, Jingqi; Tinker, Anthea; Matcham, Faith",2025-09-18,JMIR Human Factors,10.2196/73694,https://humanfactors.jmir.org/2025/1/e73694,False,"JMIR, JMIR: Registered, JMIR: Stage 2 Only",,,,,"Background: Loneliness is a negative emotional state which is common in later life. The accumulative effects of loneliness have significant impact on physical and mental health of older adults. Automatic methods for detection and prediction are an emerging field to support early identification of loneliness. Objective: We aim to qualitatively explore the thoughts and preferences of people aged 65 and over regarding technologies to detect feelings of loneliness in later life. Methods: We conducted 60 semi-structured interviews with people aged 65 and over between September 2022 and August 2023. Data were analysed using a reflective thematic approach on NVIVO software. Results: Three themes were identified representing what older adults considered important in a system able to detect loneliness. 1) Interest and Control of Data, which was a priority for older adults; 2) Perceived Usefulness to Address Loneliness, which related to the importance of providing recommendations to reduce feelings of loneliness after detection; and 3) Personalisation as a Priority, which included the level of loneliness for which an alert was sent and selection of relevant individuals who would be sent a loneliness alert. Conclusions: Findings from this in-depth qualitative study provide important perspectives from people with lived-experience of loneliness on the context in which a sensor-based loneliness detection system would be most useful and acceptable to older adults. Future research will include such perspectives in the design of innovative technologies enabling the early detection of loneliness and access to timely interventions to tackle loneliness in later life.",2026-01-12T04:42:55Z,,,,,,Rees2025UnderstandingThoughtsPreferences,,2026-01-12T04:42:55Z,2026-01-12T04:43:28Z,,,Company: JMIR Human Factors Distributor: JMIR Human Factors Institution: JMIR Human Factors Label: JMIR Human Factors,,,,1,,UEDDYGVA,EN,humanfactors.jmir.org,,,,,,,,e73694,,,,,"JMIR Publications Inc., Toronto, Canada",,,,"This is an open-access article distributed under the terms of the Creative Commons Attribution License (https://creativecommons.org/licenses/by/4.0/), which permits unrestricted use, distribution, and reproduction in any medium, provided the original work, first published JMIR Human Factors, is properly cited. The complete bibliographic information, a link to the original publication on https://humanfactors.jmir.org/, as well as this copyright and license information must be included.",,,,,,Understanding the Thoughts and Preferences for Technologies Designed to Detect Feelings of Loneliness,,,14477,12,,
journalArticle,Antibiotic use and survival from breast cancer: A population-based cohort study in England and Wales,"Cardwell, Chris R.; Baxter, Sarah M.; Snelling, Andrew JHL; Chen, Daniel Tzu-Hsuan; Atakpa, Emma C.; McMenamin, Úna; McIntosh, Stuart A.; Hicks, Blánaid; Coupland, Carol AC; Brady, Aaron J.; Bannon, Finian J.; Hippisley-Cox, Julia",2025-12-21,Nature Communications,10.1038/s41467-025-67800-7,https://www.nature.com/articles/s41467-025-67800-7,False,"Breast cancer, Cancer epidemiology, Epidemiology, Microbiota",,2041-1723,,,"The role of the gut microbiota in carcinogenesis is increasingly being acknowledged. Recent studies in multiple breast cancer mouse models have found that antibiotics, by altering the gut microbiota, can accelerate tumour growth. In humans, a recent cohort study restricted to triple negative breast cancer showed that breast cancer patients using a greater number of antibiotics had markedly worse survival. These studies have raised concerns about repeated antibiotic use in breast cancer patients. In this Registered Report, we investigated whether breast cancer patients using oral antibiotics had increased breast cancer-specific mortality. In population-based cohorts (n = 44,452), we did not observe a statistically significant association between antibiotic prescriptions after diagnosis and breast cancer-specific mortality (adjusted HR = 1.07 95% CI 0.87, 1.33) apart from prescriptions of 12 or more antibiotics (adjusted HR = 1.62 95% CI 1.31, 2.01). This association was weaker after adjustment for infections (adjusted HR = 1.44 95% 1.14, 1.81), when restricted to antibiotics within five years (adjusted HR = 1.33 95% 0.95, 1.84), and was similar for deaths from other causes (adjusted HR = 1.69 95% 1.19, 2.41). Frequent antibiotic users had higher cancer-specific mortality but the attenuation of associations in sensitivity analyses, and similar findings for other causes of death, suggest this increase may reflect residual confounding. Protocol registration: The Stage 1 protocol for this Registered Report was accepted in principle on 7 November 2023. The protocol, as accepted by the journal, can be found at https://doi.org/10.6084/m9.figshare.24746721.v1.",2026-01-12T04:29:55Z,,,,,,Cardwell2025AntibioticUseSurvival,,2026-01-12T04:29:55Z,2026-01-12T04:29:55Z,,,,,,,1,Nat Commun,3AKRUCXB,en,www.nature.com,,,,,,,,11336,,,,,Nature Publishing Group,,,,2025 The Author(s),,,,,,Antibiotic use and survival from breast cancer,,,14480,16,,
preprint,The role of relational timing in sustaining economic cooperation,"McEllin, Luke; Böhm, Robert",2025-12-12,,10.31234/osf.io/fa3hk_v1,https://osf.io/preprints/psyarxiv/fa3hk_v1/,False,,,,,,"Pooling resources toward a shared goal is central to human cooperation, yet contributions often decline over time as free-riders (and the anticipation thereof) destabilize the interaction. Prior research highlights that incentives, norms, and preferences as stabilize cooperation, but has largely overlooked the role of when we decide—particularly in relation to one another. We propose that relational timing functions as a cue that shapes expectations of cooperation and as a signal of cooperative intent. We employed a repeated four-player public goods game (30 rounds), manipulating whether participants receive (a) timing feedback and (b) contribution feedback (2 x 2 between subjects design). We hypothesize that timing feedback increases cooperation. Competing process hypotheses predict that stable temporal dynamics reinforce cooperation most when contribution feedback is present (reinforcement hypothesis) or, alternatively, when it is absent (signaling hypothesis). Exploratory analyses examine how cooperation unfolds across rounds and whether temporal stability predicts sustained cooperation.",2026-01-12T04:28:09Z,,fa3hk_v1,,,,McEllin2025RoleRelationalTiming,,2026-01-12T04:28:09Z,2026-01-12T04:28:09Z,,,,,,,,,4Q6KLTGG,,OSF Preprints,,,,,,,,,,,,,,,,PsyArXiv,,,,,,,,,,14481,,,
journalArticle,Design of an Automated Mobile Phone-Based Reminder and Incentive System: Application in a Quasi-Randomized Controlled Trial to Improve the Timeliness of Childhood Vaccinations in Tanzania,"Zwetselaar, Marco van; Ostermann, Jan; Beti, Melkiory; Baumgartner, Joy Noel; Mfinanga, Sayoki; Ngadaya, Esther; Vasudevan, Lavanya; Thielman, Nathan",2025-09-10,JMIR Formative Research,10.2196/65150,https://formative.jmir.org/2025/1/e65150,False,"JMIR, JMIR: Registered, JMIR: Stage 2 Only",,,,,"Background: The global, nearly universal penetration of mobile phones has offered novel opportunities for delivering health services and communicating health-related information to individuals. A low-cost system that facilitates autonomous communication with individuals via mobile phones holds potential for expanding the reach of health messaging and service delivery in settings with human resource and infrastructure limitations. Objective: We sought to design a flexible, low-code system using open-source software that could be adapted to different contexts and technical environments and accommodate a wide range of automation needs. We report on key details of the mobile phone-based appointment reminder and incentive system (mParis), document its use, review implementation challenges and adaptations to address these challenges in the context of a quasi-randomized trial of mobile phone-based reminders and incentives as means of increasing the timeliness of routine childhood vaccinations in Tanzania, and outline other use cases that highlight the versatility of the system. Methods: The mParis instance described in this manuscript, which is hosted in Tanzania, sent automated, individualized vaccination reminders to the mobile phones of mothers of young children. Process workflows, based on the national childhood vaccination schedule of Tanzania, were programmed into mParis. Reminders for vaccinations due at ages 6, 10, and 14 weeks were sent 7 days and 1 day prior to and 14 days after each vaccination due date. A subset of messages included financial incentive offers to mothers for the timely vaccination of their children. We report on implementation outcomes, challenges, and adaptations to address these challenges. Results: Between August and December 2017, 412 pregnant women were enrolled into the trial. After mothers reported the birth of their children, individualized vaccination reminder messages were sent for vaccination due dates between January and July 2018. From March 2018, messages contained financial incentive offers. Of 1,397 messages sent, 1,122 SMS (80.3%) were recorded as delivered, 249 (18.8%) as expired and resent, 23 (1.6%) as failed, and 3 (0.2%) as sent but lacking delivery confirmation. 633 messages (45.3%) contained tiered incentive offers. Of 173 women who received at least one message, 67 (38.7%) were sent reminders only; 106 women (61.3%) were sent at least one incentivized message. Numerous challenges were encountered during the system’s implementation, despite its deliberate design to accommodate basic problems such as intermittent internet access and power failures. Continuous adaptation to increase the resilience of the system, complemented by limited backstops, resulted in a successful deployment. Conclusions: mParis’ open-source nature, auditability, and ability to autonomously execute algorithms in a low-resource setting with frequent infrastructure challenges suggest favorable prospects to automate health communication in a wide range of settings. mParis’ use in multiple other health-related research studies demonstrates its versatility and ability to accommodate challenges that may be encountered in diverse other contexts. Clinical Trial: ClinicalTrials.gov: NCT03252288",2026-01-12T04:24:28Z,,,,,,Zwetselaar2025DesignAutomatedMobile,,2026-01-12T04:24:28Z,2026-01-12T04:24:51Z,,,Company: JMIR Formative Research Distributor: JMIR Formative Research Institution: JMIR Formative Research Label: JMIR Formative Research,,,,1,,49G9PJ8M,EN,formative.jmir.org,,,,,,,,e65150,,,,,"JMIR Publications Inc., Toronto, Canada",,,,"Unless stated otherwise, all articles are open-access distributed under the terms of the Creative Commons Attribution License (http://creativecommons.org/licenses/by/2.0/), which permits unrestricted use, distribution, and reproduction in any medium, provided the original work (""first published in the Journal of Medical Internet Research..."") is properly cited with original URL and bibliographic citation information. The complete bibliographic information, a link to the original publication on http://www.jmir.org/, as well as this copyright and license information must be included.",,,,,,Design of an Automated Mobile Phone-Based Reminder and Incentive System,,,14483,9,,
journalArticle,Testing the Efficacy of a Web-Based Intervention for Loss and Bereavement in Later Life (AgE-health Study): Results From a Randomized Controlled Trial,"Welzel, Franziska D.; Pabst, Alexander; Stein, Janine; Bleck, Franziska; Riedel-Heller, Steffi G.; Löbner, Margrit",2025-09-09,Journal of Medical Internet Research,10.2196/68662,https://www.jmir.org/2025/1/e68662,False,"JMIR, JMIR: Registered, question",,,,,"Background: The loss of a loved one is a common yet stressful event in later life. Internet- and mobile-based interventions have been proposed as an effective treatment approach for individuals with prolonged grief. Objective: The AgE-health study aimed to investigate the efficacy of an eHealth intervention, trauer@ktiv, in reducing prolonged grief symptoms in a sample of older adults. The trauer@ktiv intervention is an unguided, web-based self-management intervention based on cognitive behavioral therapy principles, addressing grief in later life. Methods: The AgE-health study was designed as a randomized controlled trial with an active control group (CG). Recruitment and data assessment took place between October 2020 and September 2022. A sample of 177 older adults (aged ≥60 years) with prolonged grief symptoms was randomly assigned to the intervention group (IG; access to the trauer@ktiv eHealth intervention) or the active CG (access to an information brochure on loss and grief). Participants were interviewed at 2 time points, before and after accessing the intervention, via postal questionnaires (baseline and follow-up 4 months after the intervention). The primary outcome was the reduction in prolonged grief symptoms assessed with the Prolonged Grief-13 scale. Adjusted mixed-effects regression models were used to test for changes in primary and secondary outcomes (eg, depression and self-efficacy) as part of an intention-to-treat (ITT) analysis. The study procedure was described in detail in the study protocol. Results: From baseline to 4 months after the intervention, 7 participants were lost to follow-up. Final analyses included a sample of 170 individuals (IG: n=81, 47.6%; CG: n=89, 52.4%). The study population had an average age of 67.3 (SD 6.4; range 60-95) years and consisted predominantly of female participants (129/170, 75.9%). While there was a pre-post-reduction in persistent grief symptoms, the ITT analysis showed no significant differences between IG and CG at follow-up (Prolonged Grief-13 scale, average marginal effect of 0.56, 95% CI –2.30 to 3.44, P=.70). Similarly, the ITT analysis showed no significant treatment effects for any of the secondary outcomes at follow-up. The trauer@ktiv intervention was rated high on satisfaction and usability. More than half of the IG (49/81, 61%) completed 5 or more of the 8 modules of the eHealth intervention. Conclusions: The tested eHealth intervention, trauer@ktiv, showed no superiority compared to an active CG in reducing prolonged grief symptoms in a sample of older bereaved individuals. Therefore, trauer@ktiv is not suitable as a stand-alone treatment. However, as the ease of use and satisfaction with the application were high, there may be potential for the intervention within a stepped and collaborative treatment approach. Trial Registration: German Clinical Trials Register DRKS00020595; https://drks.de/search/de/trial/DRKS00020595",2026-01-12T03:52:58Z,,,,,,Welzel2025TestingEfficacyWebBased,,2026-01-12T03:52:58Z,2026-01-12T03:53:20Z,,,Company: Journal of Medical Internet Research Distributor: Journal of Medical Internet Research Institution: Journal of Medical Internet Research Label: Journal of Medical Internet Research,,,,1,,ABXZ7UJ9,EN,www.jmir.org,,,,,,,,e68662,,,,,"JMIR Publications Inc., Toronto, Canada",,,,,,,,,,Testing the Efficacy of a Web-Based Intervention for Loss and Bereavement in Later Life (AgE-health Study),,,14485,27,,
journalArticle,"Capability, Opportunity, and Motivation in Data Sharing Behaviour","Karhulahti, Veli-Matti",2025/09/08,Peer Community in Registered Reports,10.24072/pci.rr.101084,https://rr.peercommunityin.org/PCIRegisteredReports/articles/rec?id=1084,False,,,2823-9393,,,"A recommendation of: Emma L. Henderson, Ruth Abrams, Afrodita Marcu, Lou Atkins, Emily K. Farran Investigating the barriers and enablers to data sharing behaviours: A qualitative Registered Report https://osf.io/8yqbs",2026-01-08T18:54:54Z,,,,,,Karhulahti2025CapabilityOpportunityMotivation,,2026-01-08T18:54:54Z,2026-01-08T18:54:54Z,,,Company: Peer Community in Registered Reports Distributor: Peer Community in Registered Reports Institution: Peer Community in Registered Reports Label: Peer Community in Registered Reports,,,,,PCI RR,NB5QQLXX,en,rr.peercommunityin.org,,,,,,,,101084,,,,,Peer Community In,,,,"(C) Peer Community in Registered Reports, 2025",,,,,,,,,14486,1,,
journalArticle,Implementation of an Adaptive Intervention Design to Improve Pre-Service Speech-language Pathologists Knowledge of Behavior Support Practices,"Chow, Jason; Hampton, Lauren",2025-12-01,Research in Special Education,10.25894/rise.2834,https://riseopenjournal.org/article/id/2834/,False,,,3068-983X,,,"Purpose: The purpose of this study was to improve pre-service speech-language pathologists (SLPs) behavior management knowledge and self-efficacy through adaptive intervention options. Method: Using a sequential multiple-assignment randomized trial, we aimed to identify the best pathways to knowledge that considers an individual's response to instruction. We initially randomly assigned participants to either read a practitioner article or complete an online video module on two evidence-based behavior support practices. Results: Through a series of re-randomizations and intervention components, results suggested that overall knowledge improved across participants regardless of intervention sequence. We intended to explore moderators of intervention efficacy (content engagement, self-efficacy) and assess social validity; however, our final sample was too small for a meaningful analysis. Conclusion: Implementation of the SMART design was a challenge to full participation. We couch the discussion of our results in the context of the design, implementation, and areas of learning and promise, and directions for future research.",2026-01-08T18:51:44Z,,,,,,Chow2025ImplementationAdaptiveIntervention,,2026-01-08T18:51:44Z,2026-01-08T18:51:44Z,,,,,,,0,,AHJ2GHVA,eng,riseopenjournal.org,,,,,,,,,,,,,Aperio Press,,,,"Copyright: © 2025 The Author(s). This is an open-access article distributed under the terms of the Creative Commons Attribution-NonCommercial 4.0 International License (CC BY-NC 4.0), which enables reusers to distribute, remix, adapt, and build upon the material in any medium or format for noncommercial purposes only, and only so long as attribution is given to the creator. See https://creativecommons.org/licenses/by-nc/4.0/.",,,,,,,,,14488,2,,
journalArticle,A Multiple Technology–Based Physical Activity Intervention for Latina Adolescents: Results From the Chicas Fuertes Randomized Controlled Trial,"Carson, Jacob R.; Greenstadt, Emily; Olivera, Brittany; Dunsiger, Shira; Zive, Michelle; Higgins, Michael; Godino, Job; Marcus, Bess; Meyer, Dawn; Larsen, Britta",2025-12-11,JMIR mHealth and uHealth,10.2196/71623,https://mhealth.jmir.org/2025/1/e71623,False,"JMIR, JMIR: Registered, JMIR: Stage 2 Only",,,,,"Background: Background: Latina adolescents report low levels of moderate-vigorous physical activity (MVPA) and high lifetime risk of lifestyle-related diseases. There is a lack of MVPA interventions targeted at this demographic despite documented health disparities. Given their high rates of using mobile technology, interventions delivered through mobile devices may be effective for this population. Objective: Objective: The current paper examines efficacy of the Chicas Fuertes intervention in increasing MVPA across six months in Latina adolescents. Methods: Methods: Participants were Latina adolescents (ages 13-18) in San Diego County who reported being underactive (<150 minutes/week of MVPA). All participants received a wearable fitness tracker (Fitbit Inspire HR); half were randomly assigned to also receive the multimedia intervention. Intervention components included a personally tailored website, personalized texting based on Fitbit data, and social media. The primary outcome was change in minutes of weekly MVPA from baseline to six months (6m), measured by ActiGraph accelerometers and the 7-Day Physical Activity Recall Interview. Changes in daily steps using Fitbit devices were also examined to test intervention efficacy. Results: Results: Participants (N=160) were 15.3 years old on average, and mostly second generation in the U.S. For ActiGraph-measured MVPA, participants in the Intervention group (N=83) increased from a median of 0 min/week at baseline (IQR 26) to 64 min/week at 6m (IQR 28) compared to Control participants, who showed increases from a median of 0 at baseline (IQR 24) to 41 min/week at 6m (IQR 21) (P=.04). Self-reported MVPA increased in the Intervention group from a median of 119 min/week at baseline (IQR 122.5) to 147 min/week at 6m (IQR 85) compared to Control participants, who showed increases from a median of 120 (IQR 186.25) at baseline to 124 min/week at 6m (IQR 69) (P=.03). Steps also increased in both groups, with the Intervention group showing significantly greater increases (P=.03). Conclusions: Conclusions: This intervention was successful in using a tailored technology-based strategy to increase MVPA in Latina adolescents and provides a promising approach for addressing a key health behavior. Given the scalable technology used, future studies should focus on broad scale dissemination to address health disparities. Clinical Trial: ClinicalTrials.gov NCT04190225; https://clinicaltrials.gov/study/NCT04190225?id=NCT04190225",2026-01-08T18:44:54Z,,,,,,Carson2025MultipleTechnologyBased,,2026-01-08T18:44:54Z,2026-01-08T18:45:11Z,,,Company: JMIR mHealth and uHealth Distributor: JMIR mHealth and uHealth Institution: JMIR mHealth and uHealth Label: JMIR mHealth and uHealth,,,,1,,IPHJBYQK,EN,mhealth.jmir.org,,,,,,,,e71623,,,,,"JMIR Publications Inc., Toronto, Canada",,,,"Unless stated otherwise, all articles are open-access distributed under the terms of the Creative Commons Attribution License (http://creativecommons.org/licenses/by/4.0/), which permits unrestricted use, distribution, and reproduction in any medium, provided the original work (""first published in JMIR mHealth and uHealth..."") is properly cited with original URL and bibliographic citation information. The complete bibliographic information, a link to the original publication on http://mhealth.jmir.org/, as well as this copyright and license information must be included.",,,,,,A Multiple Technology–Based Physical Activity Intervention for Latina Adolescents,,,14491,13,,
journalArticle,Development of a Hospital-at-Home Digital Twin for Patients With Frailty: Scoping Review,"Yahya, Faiza; Cooper, Matthew; Saif, Wahib; Kassem, Mohamad; Nazar, Hamde",2025-12-10,Journal of Medical Internet Research,10.2196/81510,https://www.jmir.org/2025/1/e81510,False,"JMIR, JMIR: Registered, JMIR: Stage 2 Only",,,,,"Background: Increasing demand on healthcare systems requires innovative and transformative solutions to deliver efficient, high-quality care. One promising approach is Digital Twin (DT) technology, which leverages real time data to create dynamic virtual representations of a physical entity (individuals or space) to anticipate future scenarios and support care decisions. While DTs have been explored in various sectors, their application in Hospital at Home (HaH), which delivers acute level care in home environments, remains unexplored. Objective: This review bridges a critical knowledge gap and examines the existing evidence on DT-enabling tools for managing patients with frailty in home settings. This will identify the underpinning architectural components required to inform a HaH-DT system which can support clinical decision-making. Methods: Six electronic databases (Embase, MEDLINE, Cochrane CENTRAL, CINAHL, Web of Science and Scopus) were searched, along with grey literature, to identifying primary studies published in English, between January 2019 and September 2025. Included studies had to report on the monitoring or management of patients with frailty within their own home, and information was charted on a pre-defined data collection form to answer the research objectives. Review articles, protocols, and conference abstracts were excluded. Results: Sixty-nine reports were included, of which 54% (n=37) used quantitative approaches, and 36% (n=25) were pilot or feasibility studies. Reports were analysed for DT-enabling tools and systematically mapped across the proposed five-layered DT architecture: sensing, communication, storage, analytics, and visualisation. Taxonomies of DT layers, their interconnections, and the classifications of the types of data collected (e.g., about the patient, the home environment, the use of medical equipment) are presented. This evidence identifies DT-enabling tools used for a variety of functions and a range of sensing technologies that exist (e.g., passive sensing via wearables, active physiological sensors, ambient sensors to detect motion/environmental changes). The most prevalent modes of communication were wireless and network-based (n=36), with the majority using Bluetooth (n=12). This review highlights better understanding of data management, in particular secure storage, is required within local healthcare systems. The emerging potential of predictive and prescriptive analytics, which can enable clinicians to predict risk, support clinical decision-making, or activate alert-triggered health interventions were mapped. Existing evidence suggests analytics methods are currently largely descriptive with a lack of advanced methods such as prescriptive analytics to enable recommendations of an optimal course of action, and the absence of diagnostic analytics which can highlight why a situation has occurred. Reported DT-enabling tools demonstrate patient-centered benefits, including enhanced motivation, reassurance, and personalised care. However, concerns persist regarding device accuracy, user acceptability, and implications for carers and organisational workflows. Conclusions: This review is among the first to systematically map DT-enabling tools to inform a potential HaH-DT in patients with frailty and organised by a 5-layered conceptual model. Understanding these architectural layers provides the foundations to enable stakeholders advance research and development in areas where there are knowledge gaps and consider how a HaH DT can effectively operate within current healthcare systems. By leveraging technology-enabled care in complex home-based settings, there is great potential to deliver safer, personalised and timely care.",2026-01-08T18:41:52Z,,,,,,Yahya2025DevelopmentHospitalatHomeDigital,,2026-01-08T18:41:52Z,2026-01-08T18:42:23Z,,,Company: Journal of Medical Internet Research Distributor: Journal of Medical Internet Research Institution: Journal of Medical Internet Research Label: Journal of Medical Internet Research,,,,1,,3GWYV3H8,EN,www.jmir.org,,,,,,,,e81510,,,,,"JMIR Publications Inc., Toronto, Canada",,,,,,,,,,Development of a Hospital-at-Home Digital Twin for Patients With Frailty,,,14495,27,,
journalArticle,The MyRelief Digital Educational Self-Management Program for Persistent Low Back Pain: Feasibility Uncontrolled Trial,"Larsson, Caroline; Marley, Joanne; Piccinini, Flavia; Howes, Sarah; Casoni, Elisa; Aschettino, Vincenzo; Carvalho, Carlos Vaz de; McDonough, Suzanne",2025-08-27,JMIR Formative Research,10.2196/74948,https://formative.jmir.org/2025/1/e74948,False,"JMIR, JMIR: Registered, JMIR: Stage 2 Only",,,,,"Background: Low back pain (LBP) is a leading cause of work absence globally. Digital interventions have the potential to increase access to self-management support for individuals with persistent LBP. Objective: To evaluate the feasibility, usability and acceptability of an online educational programme (MyRelief) designed to support self-management strategies for people with persistent LBP Methods: A prospective uncontrolled feasibility study was conducted across four countries Italy, Portugal, Sweden and the United Kingdom between 2020 and 2021. Adults in employment with non-specific persistent low-back pain (>3months) with access to the internet were eligible to participate. Participants were given access to MyRelief, an eight unit evidence based educational self-management programme. Feasibility of the MyRelief programme was assessed using recruitment rates, a priori success threshold of >70% of the target sample (50 participants), retention <35% drop-out rate. Pre and post intervention measures of functional disability were assessed using the Oswestry Disability Index (ODI), and health related quality of life using the EQ-5D-5L. Additional post intervention measures included the Patient enablement instrument (PEI) the System Usability Scale (SUS). Quantitative data were analysed descriptively, and qualitative feedback was analysed using a reflexive analytical approach. Results: The recruitment feasibility threshold was met (80%), forty participants (21 women,19 men) mean age of 57 years, mean pain duration 11.5 years enrolled in the study. 17 participants (11 male, 6 female) completed both the baseline and 12 week follow-up questionnaires. This represented a retention rate of 42.5% (n=17/40) and a dropout rate of 57.5% , which did not meet a priori criteria of < 35% dropouts. Approximately half of the participants presented with low baseline disability scores (mean ODI 24.0; 95%CI:18-31) with no significant change at follow-up (mean ODI 23.9; 95%CI:16- 31). EQ-5D-5L scores improved from 0.68 (95%CI: 0.608-0.76) to 0.72 (95%CI: 0.66-0.79) indicating a clinically significant change. PEI scores post intervention were high (mean 5.31) indicating good perceived enablement. The mean SUS score was 72.4 (95%CI: 67.5-73.3) indicating an good level of perceived ease-of-use. Over all the quality of outcome measure completion was high (100%). Qualitative feedback indicated areas for improvement relating to challenges around access and navigation within the website. Conclusions: The MyRelief study demonstrated feasibility in terms of recruitment but not retention. However low baseline disability levels are not representative of the wider persistent LBP population. Future studies should broaden recruitment strategies, in particular recruiting from healthcare settings to improve representativeness. Although usability met industry standards, qualitative feedback suggests that navigation and accessibility require further optimisation to better align with end-user preferences for online digital health interventions. Clinical Trial: ClinicalTrial.gov, NCT04673773; https://clinicaltrials.gov/ct2/show/NCT04673773",2026-01-08T18:20:23Z,,,,,,Larsson2025MyReliefDigitalEducational,,2026-01-08T18:20:23Z,2026-01-08T18:22:23Z,,,Company: JMIR Formative Research Distributor: JMIR Formative Research Institution: JMIR Formative Research Label: JMIR Formative Research,,,,1,,SXI5ISNY,EN,formative.jmir.org,,,,,,,,e74948,,,,,"JMIR Publications Inc., Toronto, Canada",,,,"Unless stated otherwise, all articles are open-access distributed under the terms of the Creative Commons Attribution License (http://creativecommons.org/licenses/by/2.0/), which permits unrestricted use, distribution, and reproduction in any medium, provided the original work (""first published in the Journal of Medical Internet Research..."") is properly cited with original URL and bibliographic citation information. The complete bibliographic information, a link to the original publication on http://www.jmir.org/, as well as this copyright and license information must be included.",,,,,,The MyRelief Digital Educational Self-Management Program for Persistent Low Back Pain,,,14503,9,,
journalArticle,Identifying Themes for an Initial Beta Version of a Mobile Health App for Latino and Native Hawaiian/Pacific Islander Communities: Co-Design and Community-Based Participatory Research in a Code to Community Study,"Holub, Christina; Barrera, Amy L; Gonzalez, Rosalva Romero; Hoang, Diana; Prieto, Luna; Fesili, Sameulu; Smith, Tiana; Kaur, Harleen; Surban, Cassandra; Markidis, Michael; Lepule, Tana; Martinez, Konane",2025,JMIR Formative Research,10.2196/76178,https://formative.jmir.org/2025/1/e76178,False,JMIR,,,,,,2025-09-12T09:01:14Z,,,,,,Holub2025IdentifyingThemesInitial,,2025-09-12T09:01:14Z,2025-12-02T00:47:43Z,,,,,,,,,5NI6IXHA,,,,,,,,,,,,,,,,,,,,,,,,,,,,14538,9,,
journalArticle,Combining External Medical Knowledge for Improving Obstetric Intelligent Diagnosis: Model Development and Validation,"Zhang, Kunli; Cai, Linkun; Song, Yu; Liu, Tao; Zhao, Yueshu",2021-05-10,JMIR Medical Informatics,10.2196/25304,https://medinform.jmir.org/2021/5/e25304,False,JMIR,,,,,"Background: Data-driven medical health information processing has become a new development trend in obstetrics. Electronic medical records (EMRs) are the basis of evidence-based medicine and an important information source for intelligent diagnosis. To obtain diagnostic results, doctors combine clinical experience and medical knowledge in their diagnosis process. External medical knowledge provides strong support for diagnosis. Therefore, it is worth studying how to make full use of EMRs and medical knowledge in intelligent diagnosis. Objective: This study aims to improve the performance of intelligent diagnosis in EMRs by combining medical knowledge. Methods: As an EMR usually contains multiple types of diagnostic results, the intelligent diagnosis can be treated as a multilabel classification task. We propose a novel neural network knowledge-aware hierarchical diagnosis model (KHDM) in which Chinese obstetric EMRs and external medical knowledge can be synchronously and effectively used for intelligent diagnostics. In KHDM, EMRs and external knowledge documents are integrated by the attention mechanism contained in the hierarchical deep learning framework. In this way, we enrich the language model with curated knowledge documents, combining the advantages of both to make a knowledge-aware diagnosis. Results: We evaluate our model on a real-world Chinese obstetric EMR dataset and showed that KHDM achieves an accuracy of 0.8929, which exceeds that of the most advanced classification benchmark methods. We also verified the model’s interpretability advantage. Conclusions: In this paper, an improved model combining medical knowledge and an attention mechanism is proposed, based on the problem of diversity of diagnostic results in Chinese EMRs. KHDM can effectively integrate domain knowledge to greatly improve the accuracy of diagnosis.",2025-06-09T23:26:14Z,,,,,,Zhang2021CombiningExternalMedical,,2025-06-09T23:26:14Z,2025-12-02T00:35:47Z,,,Company: JMIR Medical Informatics Distributor: JMIR Medical Informatics Institution: JMIR Medical Informatics Label: JMIR Medical Informatics,,,,5,,6NN5M6DQ,EN,medinform.jmir.org,,,,,,,,e25304,,,,,"JMIR Publications Inc., Toronto, Canada",,,,"This is an open-access article distributed under the terms of the Creative Commons Attribution License (https://creativecommons.org/licenses/by/4.0/), which permits unrestricted use, distribution, and reproduction in any medium, provided the original work, first published JMIR Medical Informatics, is properly cited. The complete bibliographic information, a link to the original publication on https://medinform.jmir.org/, as well as this copyright and license information must be included.",,,,,,Combining External Medical Knowledge for Improving Obstetric Intelligent Diagnosis,,,14540,9,,
journalArticle,Feasibility of a Real-Time Clinical Augmented Reality and Artificial Intelligence Framework for Pain Detection and Localization From the Brain,"Hu, Xiao-Su; Nascimento, Thiago D.; Bender, Mary C.; Hall, Theodore; Petty, Sean; O’Malley, Stephanie; Ellwood, Roger P.; Kaciroti, Niko; Maslowski, Eric; DaSilva, Alexandre F.",2019-06-28,Journal of Medical Internet Research,10.2196/13594,https://www.jmir.org/2019/6/e13594,False,JMIR,,,,,"Background: For many years, clinicians have been seeking for objective pain assessment solutions via neuroimaging techniques, focusing on the brain to detect human pain. Unfortunately, most of those techniques are not applicable in the clinical environment or lack accuracy. Objective: This study aimed to test the feasibility of a mobile neuroimaging-based clinical augmented reality (AR) and artificial intelligence (AI) framework, CLARAi, for objective pain detection and also localization direct from the patient’s brain in real time. Methods: Clinical dental pain was triggered in 21 patients by hypersensitive tooth stimulation with 20 consecutive descending cold stimulations (32°C-0°C). We used a portable optical neuroimaging technology, functional near-infrared spectroscopy, to gauge their cortical activity during evoked acute clinical pain. The data were decoded using a neural network (NN)–based AI algorithm to classify hemodynamic response data into pain and no-pain brain states in real time. We tested the performance of several networks (NN with 7 layers, 6 layers, 5 layers, 3 layers, recurrent NN, and long short-term memory network) upon reorganized data features on pain diction and localization in a simulated real-time environment. In addition, we also tested the feasibility of transmitting the neuroimaging data to an AR device, HoloLens, in the same simulated environment, allowing visualization of the ongoing cortical activity on a 3-dimensional brain template virtually plotted on the patients’ head during clinical consult. Results: The artificial neutral network (3-layer NN) achieved an optimal classification accuracy at 80.37% (126,000/156,680) for pain and no pain discrimination, with positive likelihood ratio (PLR) at 2.35. We further explored a 3-class localization task of left/right side pain and no-pain states, and convolutional NN-6 (6-layer NN) achieved highest classification accuracy at 74.23% (1040/1401) with PLR at 2.02. Conclusions: Additional studies are needed to optimize and validate our prototype CLARAi framework for other pains and neurologic disorders. However, we presented an innovative and feasible neuroimaging-based AR/AI concept that can potentially transform the human brain into an objective target to visualize and precisely measure and localize pain in real time where it is most needed: in the doctor’s office. International Registered Report Identifier (IRRID): RR1-10.2196/13594",2025-05-03T23:55:31Z,,,,,,Hu2019FeasibilityRealTimeClinical,,2025-05-03T23:55:31Z,2025-12-02T00:27:38Z,,,Company: Journal of Medical Internet Research Distributor: Journal of Medical Internet Research Institution: Journal of Medical Internet Research Label: Journal of Medical Internet Research,,,,6,,Q43RQWJD,EN,www.jmir.org,,,,,,,,e13594,,,,,"JMIR Publications Inc., Toronto, Canada",,,,,,,,,,,,,14544,21,,
journalArticle,No Evidence for Curiosity‐Driven Information Selection Advantage in Infants’ Novel Word Learning,"Bazhydai, Marina; Wong, Malcolm K. Y.; Altmann, Elena Constanze; Jones, Samuel David; Westermann, Gert",2026-1,Developmental Science,10.1111/desc.70101,https://pmc.ncbi.nlm.nih.gov/articles/PMC12662157/,False,,,1363-755X,PMC12662157,41313223,"The cognitive mechanisms and benefits of active learning in early child development are poorly understood. The current study investigated 20–23‐month‐old infants’ curiosity‐driven information selection in a novel word learning task, designed to identify any potential advantage for active learning over passive learning. In a gaze‐contingent eye‐tracking paradigm, infants in one condition were given the opportunity to structure their own information seeking to actively create word learning opportunities for themselves, while infants in two other conditions engaged in learning novel words passively. Infants’ learning of word‐object associations was compared across active and passive learning paradigms. The results indicate no advantage of active information selection on retention of novel words above and beyond passive learning, with infants across all conditions retaining novel words above chance. This study provides a crucial insight advancing our understanding of early word learning, and of the mechanisms and benefits of active, curiosity‐based learning in infants.",2025-12-01T23:51:35Z,,,,,,Bazhydai2026NoEvidenceCuriosityDriven,,2025-12-01T23:51:35Z,2025-12-01T23:51:35Z,,,,,,,1,Dev Sci,S88TBJQ8,,PubMed Central,,,,,,,,e70101,,,,,,,,,,,,,,,,,,14561,29,,
journalArticle,Does Retrieval Practice Protect Memory Against Stress? A Meta-Analysis | Swiss Psychology Open: the official journal of the Swiss Psychological Society,"Mihaylova, Mariela; Zocca, Marie; Kliegel, Matthias; Rothen, Nicolas",2025-01-28T11:44:57+00:00,,10.5334/spo.101,https://swisspsychologyopen.com/articles/10.5334/spo.101,False,swiss psychology open,,,,,"Stressors like test anxiety are known to decrease memory retrieval, whereas retrieval practice is the phenomenon that actively recalling information from memory enhances memory. Evidence suggests retrieval practice can protect memory against the negative effects of stress on memory (Agarwal et al., 2014; Smith &amp; Thomas, 2018), however the findings are mixed (Yang et al., 2020). Understanding whether retrieval practice maintains memory performance under stress could transform memory resilience and lead to new cognitive interventions. This raises the need for a meta-analytic summary of the literature to understand the effects of retrieval practice on memory in relation to stressors. In this registered report, we conducted a meta-analysis (k = 10, n = 908) on the impact of stress following learning with retrieval practice from 2006&ndash;2024 using databases and other information sources. We found a positive effect of retrieval practice in stress conditions, Hedges&rsquo; g = 0.45, 95% CI [0.17, 0.72] with a random-effects two-level model, suggesting retrieval practice is more beneficial than restudy during stress. Significant heterogeneity was observed along with a moderate risk of bias, yet little evidence for publication bias. We did not find significant moderators in this sample. Future studies should be conducted with sufficiently powered samples and using other types of control, or non-retrieval practice, strategies to better understand the protective effects of retrieval practice on memory following stress. We registered our meta-analysis, with datafile, code and supplementary here: https://osf.io/jwx4f/.",2025-12-01T23:44:24Z,,,,,,Mihaylova2025DoesRetrievalPractice,,2025-12-01T23:44:24Z,2025-12-01T23:44:38Z,,,,,,,,,FHSKM7YG,en-US,swisspsychologyopen.com,,,,,,,,,,,,,,,,,,,,,,,Does Retrieval Practice Protect Memory Against Stress?,,,14562,,,
journalArticle,Which factors in China? A pre-registered study,"Gharghori, Philip; Nguyen, Annette",2025-11-28,Pacific-Basin Finance Journal,10.1016/j.pacfin.2025.103012,https://www.sciencedirect.com/science/article/pii/S0927538X2500349X,False,"Asset pricing, China, Factor models, Pacific-Basin Finance Journal, Spanning regressions",,0927-538X,,,"We evaluate the ability of the asset pricing models of Liu, Stambaugh and Yuan (2019), hereafter LSY, and Fama and French (2018) to price Chinese stocks. Following the methodology specified in the pre-registered report (Gharghori and Nguyen, 2025), we employ spanning regressions and maximum Sharpe ratios to compare models. Our results show that the LSY models exhibit higher Sharpe ratios and outperform both conventional and modified Fama-French models in spanning regressions. In contrast to developed markets, the investment factor carries a negative premium in China. Additionally, the LSY models do not span this factor. Consequently, the model that delivers the highest Sharpe ratio is the one that augments the LSY four-factor model with the investment factor of Fama-French.",2025-12-01T23:41:05Z,,,,,,Gharghori2025WhichFactorsChina,,2025-12-01T23:41:05Z,2025-12-01T23:41:25Z,,,,,,,,Pacific-Basin Finance Journal,AL4BYRH5,,ScienceDirect,,,,,,,,103012,,,,,,,,,,,,,,,Which factors in China?,,,14563,,,
journalArticle,Registered Report Stage I: Effects of a nurse-led stress management and resilience training programme for nursing undergraduates: A study protocol for a randomised wait-list controlled trial,"Wong, Julia Sze-Wing; Chan, Helen Yue-Lai; Lee, Iris Fung-Kam; Tsang, Mark Cheuk-Man; Wong, Stephanie Wai-Shun; Chow, Meyrick Chum-Ming",2025-11-27,Mental Health & Prevention,10.1016/j.mhp.2025.200467,https://www.sciencedirect.com/science/article/pii/S2212657025000777,False,"Mental Health & Prevention, Resilience, nursing education, nursing students, randomised controlled trial, stress management",,2212-6570,,,"Aim Resilience is the ability to adapt well to adversity, trauma, tragedy, threats, or significant sources of stress, and it can be learned and developed in anyone. The psychological, social, and mental health of Hong Kong youths has been substantially adversely affected by protests that arose in 2019–2020 and the social and economic impacts of the COVID-19 pandemic in 2020–2022. Nursing students must cope with academic stress and must often overcome unexpected adversity during clinical placements and in transitioning from a student to a registered nurse in their final year of study. Therefore, this study aims to introduce a nurse-led stress management and resilience training (SMART) programme for final-year nursing undergraduates and examine the effectiveness of the programme in improving the students’ resilience and mental health outcomes. Methods The proposed project will involve a randomised wait-list-controlled trial. Four hundred final-year nursing undergraduates will be randomly assigned to a wait-list control or intervention group. They will be required to attend three 2.5-hour face-to-face training sessions delivered biweekly. The SMART programme will be delivered by an experienced team, comprising an experienced nurse educator and a certified counsellor. The levels of resilience, stress, anxiety, and depressive symptoms of both groups will be measured using the Connor–Davidson Resilience Scale 10 and the Depression Anxiety and Stress Scale 21 at four time points. Results The results of the proposed project will be shared after the completion of the study. Conclusion This study will evaluate the effectiveness of the SMART programme among nursing undergraduates.",2025-12-01T23:39:40Z,,,,,,Wong2025RegisteredReportStage,,2025-12-01T23:39:40Z,2025-12-01T23:40:04Z,,,,,,,,Mental Health & Prevention,3QHTYA2Q,,ScienceDirect,,,,,,,,200467,,,,,,,,,,,,,,,Registered Report Stage I,,,14564,,,
journalArticle,Association of hyperuricemia with coronary heart disease and other cardiovascular outcomes: A systematic review and dose-response meta-analysis,"Lyu, Diyang; Zhuang, Rui; Li, Jiaqi; Wu, Yucen; Di, Yiming; Song, Meifen; Ma, Liyong; Li, Jingen; Zhang, Yong; Acevedo-Melo, Andres Mauricio",2025-11-18,PLOS One,10.1371/journal.pone.0337091,https://dx.plos.org/10.1371/journal.pone.0337091,False,,,1932-6203,,,"Introduction Uric acid (UA) is considered as a potential risk factor for coronary heart disease (CHD) and other cardiovascular diseases (CVDs). However, the association between hyperuricemia and the risk of CHD and other cardiovascular outcomes has not been fully clarified. This systematic review and dose-response meta-analysis was conducted to comprehensively the association between hyperuricemia and the risk of CHD or other cardiovascular outcomes in the general population. Methods We systematically searched Medline, Cochrane Library, Embase, and two clinical trial registration databases from inception to June 30, 2025, without restrictions on language or publication status. Only cohort and case-control studies enrolling participants without CHD, other CVDs, or gout at baseline were included. The primary outcome was the association between hyperuricemia and the risk of CHD, and secondary outcomes were the association between hyperuricemia and the risk of fatal and nonfatal CVDs, included CHD death, CVD, CVD death, and myocardial infarction (MI). Risk of bias was assessed using the Risk Of Bias In Non-randomized Studies-of Exposure (ROBINS-E) tool. All statistical analyses were performed using R 4.4.2. We conducted meta-analyses, heterogeneity assessments, publication bias tests, trim-and-fill analyses, subgroup and sensitivity analyses, meta-regressions, and dose-response meta-analyses. The GRADE recommendation was used to evaluate the quality of evidence. Results A total of 42 articles representing 39 individual studies and 1,082,880 participants were included. Among these, 2 articles were assess as “very high risk of bias”, eight as “high risk of bias”, and two as “some concerns”. Hyperuricemia was significantly associated with an increased risk of CHD [HR 1.21 (95%CI 1.14–1.28), p < 0.001, I2 = 34.34%], CHD death [1.20 (1.05–1.36), p = 0.005, I2 = 41.28%], CVD death [1.75 (1.12–2.74), p = 0.014, I2 = 49.48%], and MI [1.23 (1.03–1.47), p = 0.025, I2 = 56.96%]. No significant association was observed for overall CVD risk [1.09 (0.94–1.27), p = 0.245, I2 = 0%]. For each unit increase in serum UA, the risk of CHD, CHD death, CVD, CVD death, and MI increased by 16%, 13%, 12%, 11%, and 7%, respectively. No factors with a significant impact on the results were identified through subgroup analyses or meta-regression. Sex may have a potential influence, but the results were not robust. Further dose-response meta-analysis revealed a linear relationship between higher serum UA and CVD risk, and a U-shaped association between serum UA and CVD mortality in men. The quality of evidence was rated as low for CHD and very low for the other cardiovascular outcomes. Conclusion This systematic review and dose-response meta-analysis provides low- to very-low-quality evidence suggesting that hyperuricemia may be associated with an increased risk of CHD and other fatal or nonfatal CVDs. Trial registration This study was registered in PROSPERO CRD42024538553.",2025-12-01T13:03:25Z,,,,,,Lyu2025AssociationHyperuricemiaCoronary,,2025-12-01T13:03:25Z,2025-12-01T13:03:25Z,,,,,,,11,PLoS One,B37M4QAP,en,DOI.org (Crossref),,,,,,,,e0337091,,,,,,,,,,,,,,,Association of hyperuricemia with coronary heart disease and other cardiovascular outcomes,,,14683,20,,
journalArticle,"Measuring the effect of short, animated storytelling videos to boost psychological capital in US adults: a randomized controlled trial","Adam, Maya; Rohr, Julia; Greuel, Merlin; Nguyen, Kinh; Aziz, Mirna Abd El; Gates, Jennifer; Überreiter, Charlotte; Supady, Alexander; Bärnighausen, Till",2025-11-18,Scientific Reports,10.1038/s41598-025-26894-1,https://www.nature.com/articles/s41598-025-26894-1,False,,,2045-2322,,,"This trial and its outcomes were registered with clinicaltrials.gov on Feb. 7, 2023 under the identifier NCT05718973. The stage 1 protocol for this Registered Report was accepted in principle on 18/09/23. The protocol, as accepted by the journal, can be found at: 10.6084/m9.figshare.24246511.",2025-12-01T13:02:15Z,,,,,,Adam2025MeasuringEffectShort,,2025-12-01T13:02:15Z,2025-12-01T13:02:15Z,,,,,,,1,Sci Rep,7FZEPXVW,en,DOI.org (Crossref),,,,,,,,40326,,,,,,,,,,,,,,,"Measuring the effect of short, animated storytelling videos to boost psychological capital in US adults",,,14685,15,,
journalArticle,A replication of Triplett’s ‘social facilitation experiment’,"McHugh, Cillian; Griffin, Siobhán M.; Kinsella, Elaine L.; Quayle, Michael; Strunz, Bob; Muldoon, Orla T.",2025-11-18,Scientific Reports,10.1038/s41598-025-25608-x,https://www.nature.com/articles/s41598-025-25608-x,False,,,2045-2322,,,"Abstract A seminal study by Triplett provided initial evidence for the social facilitation effect, and over the last century, research has demonstrated this effect across a range of settings. However, despite the importance attributed to Triplett’s study, no research has replicated the original study paradigm. Furthermore, in the context of research advances and methodological rigour, some elements of the original study weaken the validity of the observed findings. We address these critical limitations and replicate the original study, employing a standardized study protocol to minimize potential confounds, such as practice effects. This research reports on 445 school-aged children ( M age = 10.8, SD = 1.3) who completed the study. As pre-registered in our Stage 1 submission, using a purpose-built apparatus, participants turned a crank to move a marker along a string course between two pulleys. Pairs of participants completed this task four times, twice alone and twice together. Trial order was standardized and balanced to control for possible order/practice effects. In line with Triplett’s original study, we show that participants completed the task faster in the together condition than in the alone condition. We also show interesting variability depending on age and gender, as well as demonstrating “carryover” effects. Thus, we replicate and extend this classic finding, adding to the literature on social facilitation/competitive coaction. In addition, the materials and methods developed here provide a template for future studies to further examine this phenomenon. Protocol registration The Stage 1 protocol for this Registered Report is available at https://osf.io/vsgpq , and appears as accepted in principle by the journal on 10th August 2022.",2025-12-01T13:01:02Z,,,,,,McHugh2025ReplicationTriplettsSocial,,2025-12-01T13:01:02Z,2025-12-01T13:01:02Z,,,,,,,1,Sci Rep,U3Z9G8VQ,en,DOI.org (Crossref),,,,,,,,40366,,,,,,,,,,,,,,,,,,14687,15,,
journalArticle,You don’t have to tell a story! A registered report testing the effectiveness of narrative versus non-narrative misinformation corrections,"Ecker, Ullrich K. H.; Butler, Lucy H.; Hamby, Anne",2020,Cognitive Research: Principles and Implications,https://doi.org/10.1186/s41235-020-00266-x,https://cognitiveresearchjournal.springeropen.com/articles/10.1186/s41235-020-00266-x,False,,,,,,,2025-05-13T20:37:01Z,,,,,,Ecker2020YouDontHave,,2025-05-13T20:37:01Z,2025-11-25T00:56:21Z,,,,,,,1,,LVWDJR83,,,,,,,,,,64,,,,,,,,,,,,,,,,,,14690,5,,
journalArticle,Removing facial features from structural MRI images biases visual quality assessment,"Provins, Céline; Savary, Élodie; Sanchez, Thomas; Mullier, Emeline; Barranco, Jaime; Fischi-Gómez, Elda; Alemán-Gómez, Yasser; Richiardi, Jonas; Poldrack, Russell A.; Hagmann, Patric; Esteban, Oscar","Apr 30, 2025",PLOS Biology,10.1371/journal.pbio.3003149,https://journals.plos.org/plosbiology/article?id=10.1371/journal.pbio.3003149,False,,,1545-7885,,,"A critical step before data-sharing of human neuroimaging is removing facial features to protect individuals’ privacy. However, not only does this process redact identifiable information about individuals, but it also removes non-identifiable information. This introduces undesired variability into downstream analysis and interpretation. This registered report investigated the degree to which the so-called defacing altered the quality assessment of T1-weighted images of the human brain from the openly available “IXI dataset”. The effect of defacing on manual quality assessment was investigated on a single-site subset of the dataset (N = 185). By comparing two linear mixed-effects models, we determined that four trained human raters’ perception of quality was significantly influenced by defacing by modeling their ratings on the same set of images in two conditions: “nondefaced” (i.e., preserving facial features) and “defaced”. In addition, we investigated these biases on automated quality assessments by applying repeated-measures, multivariate ANOVA (rm-MANOVA) on the image quality metrics extracted with MRIQC on the full IXI dataset (N = 581; three acquisition sites). This study found that defacing altered the quality assessments by humans and showed that MRIQC’s quality metrics were mostly insensitive to defacing.",2025-08-25T22:09:39Z,,,,,,Provins2025RemovingFacialFeatures,,2025-08-25T22:09:39Z,2025-11-25T00:55:13Z,,,,,,,4,PLOS Biology,P3HX85HU,en,PLoS Journals,,,,,,,,e3003149,,,,,Public Library of Science,,,,,,,,,,,,,14699,23,,
journalArticle,"Dark, gray, or bright creativity? (Re)investigating the link between creativity and dishonesty","Ścigała, Karolina A; Schild, Christoph; Zettler, Ingo",2022-01-01,European Journal of Personality,10.1177/08902070211010993,https://doi.org/10.1177/08902070211010993,False,,,0890-2070,,,"The question of whether and, if so, how creativity and unethical behavior such as dishonesty are related to each other has been addressed in multiple studies, with mixed results overall. The aim of this Registered Report is to shed further light on this issue. We first present a meta-analysis on the relation between creativity and dishonesty comprising the samples from a pre-registered multi-lab study (on a different topic), which indicated no relation between the constructs in question (k = 19, N = 2,154, rp = .02). Next, we examined the relation between creativity and dishonesty in a study (N = 1,152), in which we addressed several limitations of previous research. Specifically, we examined relations between comprehensively assessed creativity and dishonesty using subjective and objective indicators for both constructs. We found mixed results concerning the relation between creativity and dishonesty. In the majority of the confirmatory statistical tests, subjective creativity was positively related, whereas objective creativity was negatively related to dishonesty in the mind game. However, in exploratory analyses, we found that neither subjective nor objective creativity was related to dishonesty in the second dishonesty measure, the sender–receiver game.",2025-05-11T10:11:28Z,,,,,,Scigala2022DarkGrayBright,,2025-05-11T10:11:28Z,2025-11-25T00:55:02Z,,,,,,,1,Eur J Pers,35WL5ZX6,EN,SAGE Journals,,,,,,,,108-129,,,,,SAGE Publications Ltd,,,,,,,,,,"Dark, gray, or bright creativity?",,,14700,36,,
journalArticle,"Landscape of Participant-Centric Initiatives for Medical Research in the United States, the United Kingdom, and Japan: Scoping Review","Hamakawa, Nao; Nakano, Rumiko; Kogetsu, Atsushi; Coathup, Victoria; Kaye, Jane; Yamamoto, Beverley Anne; Kato, Kazuto",2020-08-04,Journal of Medical Internet Research,10.2196/16441,https://www.jmir.org/2020/8/e16441,False,"JMIR, JMIR: Registered",,,,,"Background: Information and communication technology (ICT) has made remarkable progress in recent years and is being increasingly applied to medical research. This technology has the potential to facilitate the active involvement of research participants. Digital platforms that enable participants to be involved in the research process are called participant-centric initiatives (PCIs). Several PCIs have been reported in the literature, but no scoping reviews have been carried out. Moreover, detailed methods and features to aid in developing a clear definition of PCIs have not been sufficiently elucidated to date. Objective: The objective of this scoping review is to describe the recent trends in, and features of, PCIs across the United States, the United Kingdom, and Japan. Methods: We applied a methodology suggested by Levac et al to conduct this scoping review. We searched electronic databases—MEDLINE (Medical Literature Analysis and Retrieval System Online), Embase (Excerpta Medica Database), CINAHL (Cumulative Index of Nursing and Allied Health Literature), PsycINFO, and Ichushi-Web—and sources of grey literature, as well as internet search engines—Google and Bing. We hand-searched through key journals and reference lists of the relevant articles. Medical research using ICT was eligible for inclusion if there was a description of the active involvement of the participants. Results: Ultimately, 21 PCIs were identified that have implemented practical methods and modes of various communication activities, such as patient forums and use of social media, in the field of medical research. Various methods of decision making that enable participants to become involved in setting the agenda were also evident. Conclusions: This scoping review is the first study to analyze the detailed features of PCIs and how they are being implemented. By clarifying the modes and methods of various forms of communication and decision making with patients, this review contributes to a better understanding of patient-centric involvement, which can be facilitated by PCIs.",2025-05-13T20:20:40Z,,,,,,Hamakawa2020LandscapeParticipantCentricInitiatives,,2025-05-13T20:20:40Z,2025-11-25T00:01:06Z,,,Company: Journal of Medical Internet Research Distributor: Journal of Medical Internet Research Institution: Journal of Medical Internet Research Label: Journal of Medical Internet Research,,,,8,,UG35LHW4,EN,www.jmir.org,,,,,,,,e16441,,,,,"JMIR Publications Inc., Toronto, Canada",,,,,,,,,,"Landscape of Participant-Centric Initiatives for Medical Research in the United States, the United Kingdom, and Japan",,,14710,22,,
preprint,Multi-task benchmarking of single-cell multimodal omics integration methods,"Liu, Chunlei; Ding, Sichang; Kim, Hani Jieun; Long, Siqu; Xiao, Di; Ghazanfar, Shila; Yang, Pengyi",2024-09-19,,10.1101/2024.09.15.613149,http://biorxiv.org/lookup/doi/10.1101/2024.09.15.613149,False,,,,,,"Abstract Single-cell multimodal omics technologies have empowered the profiling of complex biological systems at a resolution and scale that were previously unattainable. These biotechnologies have propelled the fast-paced innovation and development of data integration methods, leading to a critical need for their systematic categorisation, evaluation, and benchmark. Navigating and selecting the most pertinent integration approach poses a significant challenge, contingent upon the tasks relevant to the study goals and the combination of modalities and batches present in the data at hand. Understanding how well each method performs multiple tasks, including dimension reduction, batch correction, cell type classification and clustering, imputation, feature selection, and spatial registration, and at which combinations will help guide this decision. This study develops a much-needed guideline on choosing the most appropriate method for single-cell multimodal omics data analysis through a systematic categorisation and comprehensive benchmarking of current methods. The Stage 1 protocol for this Registered Report was accepted in principle on 30th July 2024. The protocol, as accepted by the journal, can be found at https://springernature.figshare.com/articles/journal_contribution/Multi-task_benchmarking_of_single-cell_multimodal_omics_integration_methods/26789902 .",2025-11-17T11:47:03Z,,,,,,Liu2024MultitaskBenchmarkingSinglecell,,2025-11-17T11:47:03Z,2025-11-17T11:47:03Z,,,,,,,,,XX7LKVNM,en,DOI.org (Crossref),,,,,,,,,,,,,,,,Bioinformatics,http://creativecommons.org/licenses/by-nc/4.0/,,,,,,,,,14828,,,
journalArticle,How prior knowledge and statement truth affect retrieval experiences over time,"Pillai, Raunak M.; Arshad, Suha; Fazio, Lisa K.",2025-11-06,Memory,10.1080/09658211.2025.2584452,https://www.tandfonline.com/doi/full/10.1080/09658211.2025.2584452,False,,,"0965-8211, 1464-0686",,,"When retrieving information, people often shift over time from “Remembering” high levels of detail about a study episode to simply “Knowing” the information absent such detail. This “Remember-Know” shift is well-documented for true information, and recent work suggests that this effect exists, but is attenuated, for false information. One explanation for this difference is that true information is better represented in people’s prior knowledge, supporting retention of this content as “Known” over time. In this registered report we tested this hypothesis by measuring people’s reported retrieval experiences (e.g., “Remembering” or “Knowing”) for true and false information at two levels of anticipated prior knowledge. While we replicate the “Remember-Know” shift, we do not find that it differs by anticipated prior knowledge. We also examine the relation between retrieval experiences and the production of encountered information, as well as the impact of repeated testing on retrieval experiences.",2025-11-17T11:31:39Z,,,,,,Pillai2025HowPriorKnowledge,,2025-11-17T11:31:39Z,2025-11-17T11:31:39Z,,,,,,,,Memory,BSLAMJZS,en,DOI.org (Crossref),,,,,,,,1-17,,,,,,,,,,,,,,,,,,14839,,,
journalArticle,Design and patient characteristics of the randomized controlled trial TExT-MED + FANS A test of mHealth augmented social support added to a patient-focused text-messaging intervention for emergency department patients with poorly controlled diabetes,"Burner, Elizabeth; Mercado, Janisse; Hernandez-Saenz, Antonio; Peters, Anne; Mack, Wendy; Baezconde-Garbanati, Lourdes; Arora, Sanjay; Wu, Shinyi",2019-05-01,Contemporary Clinical Trials,10.1016/j.cct.2019.03.003,https://www.sciencedirect.com/science/article/pii/S1551714418307250,False,"Diabetes, Emergency department, Latinos, Social support, mHealth",,1551-7144,,,"Although diabetes is a nationwide epidemic, US Latinos are a particularly vulnerable population. Culturally appropriate interventions can combat this disparity, especially those that increase social support. However, these interventions face significant cost and time barriers, which mHealth (mobile health) may overcome. This trial examines the benefit of adding social support to an existing text-message based, patient-focused mHealth intervention for emergency department patients with poorly controlled diabetes. Family members and friends of patients were randomized to mHealth augmented social support training (daily text-messages that synchronize with the patient messages) or a pamphlet based training (the same content mailed to their house.) We hypothesize that patients who received mHealth augmented social support will have a larger improvement in diabetes management (glycosylated hemoglobin or A1C) than those receiving standard support at six-months, and that improvement will be sustained at twelve-months. Secondary patient outcomes are clinical (weight, blood pressure), behavioral (medication adherence, self-care activities) and psychosocial (general and diabetes-specific social support, self-efficacy, diabetes-related distress, depression, fatalism and quality of life). We screened 2004 patients and enrolled 166 patient/supporter dyads. 70% of patients are Spanish-speaking, 51% female, with a mean A1C of 10.8. We employed innovative measures to remotely enroll family members and support a bilingual population, which will assist other investigators in design of similar trials. The findings of our trial will have real-world applicability for clinicians, health system administrators, health educators and mHealth developers who aim to improve the health of this vulnerable population.",2025-11-10T22:24:24Z,,,,,,Burner2019DesignPatientCharacteristics,,2025-11-10T22:24:24Z,2025-11-10T22:24:24Z,,,,,,,,Contemporary Clinical Trials,A96GV756,,ScienceDirect,,,,,,,,1-8,,,,,,,,,,,,,,,,,,14933,80,,
journalArticle,Home-based virtual reality training after discharge from hospital-based stroke rehabilitation: a parallel randomized feasibility trial,"Sheehy, Lisa; Taillon-Hobson, Anne; Sveistrup, Heidi; Bilodeau, Martin; Yang, Christine; Welch, Vivian; Hossain, Alomgir; Finestone, Hillel",2019-06-07,Trials,10.1186/s13063-019-3438-9,https://doi.org/10.1186/s13063-019-3438-9,False,"Rehabilitation, Stroke, Technology, Telerehabilitation, Virtual reality",,1745-6215,,,"Virtual reality training (VRT) uses computer software to track a user’s movements and allow him or her to interact with a game presented on a television screen. VRT is increasingly being used for the rehabilitation of arm function, balance and walking after stroke. Patients often require ongoing therapy post discharge from inpatient rehabilitation. Outpatient therapy may be limited or inaccessible due to waiting lists, transportation issues, distance etc.; therefore, home-based VRT could provide the required therapy in a more convenient and accessible setting. The objectives of this parallel randomized feasibility trial are to determine (1) the feasibility of using VRT in the home post stroke and (2) the feasibility of a battery of quantitative and qualitative outcome measures of stroke recovery.",2025-11-09T11:26:27Z,,,,,,Sheehy2019HomebasedVirtualReality,,2025-11-09T11:26:27Z,2025-11-09T11:26:27Z,,,,,,,1,Trials,TAVA6WN4,,BioMed Central,,,,,,,,333,,,,,,,,,,,,,,,Home-based virtual reality training after discharge from hospital-based stroke rehabilitation,,,14946,20,,
journalArticle,"Acceptability to patients, carers and clinicians of an mHealth platform for the management of Parkinson’s disease (PD_Manager): study protocol for a pilot randomised controlled trial","Antonini, Angelo; Gentile, Giovanni; Giglio, Manuela; Marcante, Andrea; Gage, Heather; Touray, Morro M. L.; Fotiadis, Dimitrios I.; Gatsios, Dimitris; Konitsiotis, Spyridon; Timotijevic, Lada; Egan, Bernadette; Hodgkins, Charo; Biundo, Roberta; Pellicano, Clelia; Hatzakis, Harry; Correia, Joao; Antonini, Angelo; Marcante, Andrea; Biundo, Roberta; Gentile, Giovanni; Manuela, Giglio; Weis, Luca; Chiarot, Margherita; Zanin, Viviana; Seljak, Barbara Korousic; Cestnik, Bojan; Aleksovski, Darko; Miljkovic, Dragana; Novak, Franc; Bohanec, Marko; Anzic, Tina; Podpecan, Vid; Valmarska, Anita; Papa, Gregor; Blazica, Bojan; Boshkoska, Biljana Mileva; Vilzmann, Robert; Assogna, Francesca; Spalletta, Gianfranco; Pellicano, Clelia; Pellicano, Gaia Romana; Palma, Valentina; Scudellari, Cristina; Soru, Tiziana; Napoletano, Mino; Fanciulli, Francesca; Raffaelli, Matteo; Banks, Adrian; Elliot, Brian; Hodgkins, Charo; Seiss, Ellen; Gage, Heather; Timotijevic, Lada; Egan, Bernadette; Rusconi, Patrice; Peacock, Matthew; Gillies, Sarah; Puttock, Elizabeth; Touray, Morro M. L.; Gatsios, Dimitris; Gatsios, Dimitris; Rigas, George; Fotiadis, Dimitrios; Vera, Cecilia; Uceda, Javier; Mascato, Samanta Villanueva; de la Cal, Javier Rojo; Olmedo, José Javier Serrano; Martinez, Fernando; Arrendondo, Maria Teresa; Cikajlo, Imre; Peterlin-Potisk, Karmen; on behalf of the PD_Manager consortium",2018-09-14,Trials,10.1186/s13063-018-2767-4,https://doi.org/10.1186/s13063-018-2767-4,False,"Cost consequence analysis, Parkinson’s disease, Utility, mHealth",,1745-6215,,,"Parkinson’s disease is a degenerative neurological condition causing multiple motor and non-motor symptoms that have a serious adverse effect on quality of life. Management is problematic due to the variable and fluctuating nature of symptoms, often hourly and daily. The PD_Manager mHealth platform aims to provide a continuous feed of data on symptoms to improve clinical understanding of the status of any individual patient and inform care planning. The objectives of this trial are to (1) assess patient (and family carer) perspectives of PD_Manager regarding comfort, acceptability and ease of use; (2) assess clinician views about the utility of the data generated by PD_Manager for clinical decision making and the acceptability of the system in clinical practice.",2025-11-09T11:22:15Z,,,,,,Antonini2018AcceptabilityPatientsCarers,,2025-11-09T11:22:15Z,2025-11-09T11:22:15Z,,,,,,,1,Trials,5ITCB5T4,,BioMed Central,,,,,,,,492,,,,,,,,,,,,,,,"Acceptability to patients, carers and clinicians of an mHealth platform for the management of Parkinson’s disease (PD_Manager)",,,14951,19,,
journalArticle,A Community-Based Addiction Rehabilitation Electronic System to Improve Treatment Outcomes in Drug Abusers: Protocol for a Randomized Controlled Trial,"Wang, Zhe; Chen, Shujuan; Chen, Junning; Xu, Chunfeng; Chen, Zhikang; Zhuang, Wenxu; Li, Xu; Zhao, Min; Haifeng, Jiang",2018-11-06,Frontiers in Psychiatry,10.3389/fpsyt.2018.00556,https://www.frontiersin.org/journals/psychiatry/articles/10.3389/fpsyt.2018.00556/full,False,"Community Health Services, Drug abuse, Rehabilitation, mobile health",,1664-0640,,,"Introduction: Relapse is very common in drug abusers and contributes to a series of negative consequences. Effective addiction treatment exists but there are some problems in the implementation process. Mobile health (mHealth) offers a potential solution to improving recovery outcome for drug abusers in the community. The research team developed a community-based addiction rehabilitation electronic system (CAREs). The primary aim of this study is to explore whether the integrated rehabilitation based on program CAREs promotes drug abusers to keep abstinence. The secondary aim is to evaluate the impact of CAREs on interaction between drug users and service providers, and on addiction-related physical and social functions.Method and analysis: A randomized controlled trial (RCT) will be conducted. The study is a superiority trial with parallel group design. Seventy drug abusers who are newly ordered to undergo community rehabilitation will be recruited from the community in Shanghai. Participants will be 1:1 randomly assigned to receive integrated community rehabilitation by using CAREs or only receiving routine community rehabilitation for 6 months. Corresponding social workers will provide service and monitor their drug use behavior in accordance with the routine work-flow. Outcomes will be assessed at baseline and in the 6th month. The primary outcome is the performance on illicit drug urine test which will be carried out regularly twice per week during the study period. Secondary study outcomes include longest duration of sustained abstinence, days that participants interact with social workers, and the decrease rate of addiction-related issues severity index. Chi-square tests and ANOVAs will be used to compare characteristics of the members of the two groups. GEE will be used to compare the seven dimensions scores of the ASI between groups.Discussion: The study provides evidence for the feasibility and effectiveness of the ""CAREs"" system through comparing the results of the intervention group with the control group. This paper describes the design and methodology of the study.Ethics and dissemination: The Ethical Board of SMHC approved the study protocol. All participants will present for the informed consent process. After study completion, the results will be published.",2025-11-09T11:21:11Z,,,,,,Wang2018CommunityBasedAddictionRehabilitation,,2025-11-09T11:21:11Z,2025-11-09T11:21:11Z,,,,,,,,Front. Psychiatry,XXLUDE8M,English,Frontiers,,,,,,,,,,,,,Frontiers,,,,,,,,,,A Community-Based Addiction Rehabilitation Electronic System to Improve Treatment Outcomes in Drug Abusers,,,14953,9,,
journalArticle,Post-authorisation passive enhanced safety surveillance of seasonal influenza vaccines: protocol of a pilot study in England,"Lusignan, Simon de; Santos, Gaël Dos; Correa, Ana; Haguinet, François; Yonova, Ivelina; Lair, Florence; Byford, Rachel; Ferreira, Filipa; Stuttard, Karen; Chan, Tom",2017-05-01,,10.1136/bmjopen-2016-015469,https://bmjopen.bmj.com/content/7/5/e015469,False,,,,,,"Aim To pilot enhanced safety surveillance of seasonal influenza vaccine meeting the European Medicines Agency (EMA) requirement to rapidly detect a significant increase in the frequency or severity of adverse events of interest (AEIs), which may indicate risk from the new season’s vaccine. Study design A prospective passive enhanced safety surveillance combining data collection from adverse drug reaction (ADR) cards with automated collection of pseudonymised routinely collected electronic health record (EHR) data. This study builds on a feasibility study carried out at the start of the 2015/2016 influenza season. We will report influenza vaccine exposure and any AEIs reported via ADR card or recorded directly into the EHR, from the commencement of influenza vaccination and ends as specified by EMA (30 November 2016). Setting Ten volunteer English general practices, primarily using the GSK influenza vaccines. They had selected this vaccine in advance of the study. Participants People who receive a seasonal influenza vaccine, in each age group defined in EMA interim guidance: 6 months to 5 years, 6–12 years, 13–17 years, 18–65 years and >65 years. Outcome measures The primary outcome measure is the rate of AEIs occurring within 7 days postvaccination, using passive surveillance of general practitioner (GP) EHR systems enhanced by a card-based ADR reporting system. Extracted data will be presented overall by brand (Fluarix Tetra vs others), by age strata and risk groups. The secondary outcome measure is the vaccine uptake among the subjects registered in the enrolled general practices. Ethics and dissemination Ethical approval was granted by the Proportionate Review Sub-committee of the North East—Newcastle & North Tyneside 2 on 5 August 2016. The study received approval from the Health Research Authority on 1 September 2016. We will produce an interim analysis within 8 weeks, and an end-of-study report, which will be submitted to peer-reviewed journals.",2025-11-09T11:07:08Z,,,,,,Lusignan2017PostauthorisationPassiveEnhanced,,2025-11-09T11:07:08Z,2025-11-09T11:07:08Z,,,,,,,,,P9G9IWQF,en,bmjopen.bmj.com,,,,,,,,,,,,,British Medical Journal Publishing Group,,,,"© Article author(s) (or their employer(s) unless otherwise stated in the text of the article) 2017. All rights reserved. No commercial use is permitted unless otherwise expressly granted.. This is an Open Access article distributed in accordance with the Creative Commons Attribution Non Commercial (CC BY-NC 4.0) license, which permits others to distribute, remix, adapt, build upon this work non-commercially, and license their derivative works on different terms, provided the original work is properly cited and the use is non-commercial. See: http://creativecommons.org/licenses/by-nc/4.0/",Epidemiology,,,,,Post-authorisation passive enhanced safety surveillance of seasonal influenza vaccines,,,14970,,,
journalArticle,"EVIDENT 3 Study: A randomized, controlled clinical trial to reduce inactivity and caloric intake in sedentary and overweight or obese people using a smartphone application: Study protocol","Recio-Rodriguez, José I.; Gómez-Marcos, Manuel A.; Agudo-Conde, Cristina; Ramirez, Ignasi; Gonzalez-Viejo, Natividad; Gomez-Arranz, Amparo; Salcedo-Aguilar, Fernando; Rodriguez-Sanchez, Emiliano; Alonso-Domínguez, Rosario; Sánchez-Aguadero, Natalia; Gonzalez-Sanchez, Jesus; Garcia-Ortiz, Luis; Investigators, on behalf of the EVIDENT 3",January 2018,Medicine,10.1097/MD.0000000000009633,https://journals.lww.com/md-journal/pages/articleviewer.aspx?year=2018&issue=01120&article=00054&type=Fulltext,False,,,,,,"Introduction: Mobile technology, when included within multicomponent interventions, could contribute to more effective weight loss. The objective of this project is to assess the impact of adding the use of the EVIDENT 3 application, designed to promote healthy living habits, to traditional modification strategies employed for weight loss. Other targeted behaviors (walking, caloric-intake, sitting time) and outcomes (quality of life, inflammatory markers, measurements of arterial aging) will also be evaluated. Methods: Randomized, multicentre clinical trial with 2 parallel groups. The study will be conducted in the primary care setting and will include 700 subjects 20 to 65 years, with a body mass index (27.5–40 kg/m2), who are clinically classified as sedentary. The primary outcome will be weight loss. Secondary outcomes will include change in walking (steps/d), sitting time (min/wk), caloric intake (kcal/d), quality of life, arterial aging (augmentation index), and pro-inflammatory marker levels. Outcomes will be measured at baseline, after 3 months, and after 1 year. Participants will be randomly assigned to either the intervention group (IG) or the control group (CG). Both groups will receive the traditional primary care lifestyle counseling prior to randomization. The subjects in the IG will be lent a smartphone and a smartband for a 3-month period, corresponding to the length of the intervention. The EVIDENT 3 application integrates the information collected by the smartband on physical activity and the self-reported information by participants on daily food intake. Using this information, the application generates recommendations and personalized goals for weight loss. Discussion: There is a great diversity in the applications used obtaining different results on lifestyle improvement and weight loss. The populations studied are not homogeneous and generate different results. The results of this study will help our understanding of the efficacy of new technologies, combined with traditional counseling, towards reducing obesity and enabling healthier lifestyles. Ethics and dissemination: The study was approved by the Clinical Research Ethics Committee of the Health Area of Salamanca (“CREC of Health Area of Salamanca”) on April 2016. A SPIRIT checklist is available for this protocol. The trial was registered in ClinicalTrials.gov provided by the US National Library of Medicine-number NCT03175614.",2025-11-09T11:01:29Z,,,,,,Recio-Rodriguez2018EVIDENT3Study,,2025-11-09T11:01:29Z,2025-11-09T11:01:29Z,,,,,,,2,,J7QURYA4,en-US,journals.lww.com,,,,,,,,e9633,,,,,,,,,,,,,,,EVIDENT 3 Study,,,14977,97,,
journalArticle,Assessing the efficacy and safety of STOP (successful treatment for paranoia)—an app-based cognitive bias modification therapy for paranoia: a randomised clinical trial protocol,"Yiend, Jenny; Taher, Rayan; Fialho, Carolina; Hampshire, Chloe; Hsu, Che-Wei; Kabir, Thomas; Keppens, Jeroen; McGuire, Philip; Mouchlianitis, Elias; Peters, Emmanuelle; Ricci, Tanya; Shergill, Sukhwinder; Stahl, Daniel; Vamvakas, George; Jacobsen, Pamela; Richards, AI; Kenny, Alex; Brooks, Edmund; Curtis, Emily; Pinfold, Vanessa; Kurup, Nandita; Apte, Neeraj; Gupta, Neha; the MPIT; Avegen",2024-12-02,Trials,10.1186/s13063-024-08570-3,https://doi.org/10.1186/s13063-024-08570-3,False,"Cognitive bias modification, Computerised therapy, Interpretation bias, Paranoia, Persecutory delusions, Psychosis, RCT",,1745-6215,,,"Paranoia, the belief that you are at risk of significant physical or emotional harm from others, is a common difficulty, which causes significant distress and impairment to daily functioning, including in psychosis-spectrum disorders. According to cognitive models of psychosis, paranoia may be partly maintained by cognitive processes, including interpretation biases. Cognitive bias modification for paranoia (CBM-pa) is an intervention targeting the bias towards interpreting ambiguous social scenarios in a way that is personally threatening. This study aims to test the efficacy and safety of a mobile app version of CBM-pa, called STOP (successful treatment of paranoia).",2025-11-09T10:54:55Z,,,,,,Yiend2024AssessingEfficacySafety,,2025-11-09T10:54:55Z,2025-11-09T10:54:55Z,,,,,,,1,Trials,MHTIXN2B,,BioMed Central,,,,,,,,806,,,,,,,,,,,,,,,Assessing the efficacy and safety of STOP (successful treatment for paranoia)—an app-based cognitive bias modification therapy for paranoia,,,14983,25,,
journalArticle,Development and usability testing of HEARTPA♀N: protocol for a mixed methods strategy to develop an integrated smartphone and web-based intervention for women with cardiac pain,"Parry, Monica; Dhukai, Abida; Clarke, Hance; Bjørnnes, Ann Kristin; Cafazzo, Joseph A.; Cooper, Lynn; Harvey, Paula; Katz, Joel; Lalloo, Chitra; Leegaard, Marit; Légaré, France; Lovas, Mike; McFetridge-Durdle, Judith; McGillion, Michael; Norris, Colleen; Parente, Laura; Patterson, Rose; Pilote, Louise; Pink, Leah; Price, Jennifer; Stinson, Jennifer; Uddin, Akib; Victor, J. Charles; Watt-Watson, Judy; Auld, Carol; Faubert, Christine; Park, Deborah; Park, Marianne; Rickard, Beatrice; DeBonis, Vincenza Spiteri",2020-03-01,,10.1136/bmjopen-2019-033092,https://bmjopen.bmj.com/content/10/3/e033092,False,,,,,,"Introduction More women experience cardiac pain related to coronary artery disease and cardiac procedures compared with men. The overall goal of this programme of research is to develop an integrated smartphone and web-based intervention (HEARTPA♀N) to help women recognise and self-manage cardiac pain. Methods and analysis This protocol outlines the mixed methods strategy used for the development of the HEARTPA♀N content/core feature set (phase 2A), usability testing (phase 2B) and evaluation with a pilot randomised controlled trial (RCT) (phase 3). We are using the individual and family self-management theory, mobile device functionality and pervasive information architecture of mHealth interventions, and following a sequential phased approach recommended by the Medical Research Council to develop HEARTPA♀N. The phase 3 pilot RCT will enable us to refine the prototype, inform the methodology and calculate the sample size for a larger multisite RCT (phase 4, future work). Patient partners have been actively involved in setting the HEARTPA♀N research agenda, including defining patient-reported outcome measures for the pilot RCT: pain and health-related quality of life (HRQoL). As such, the guidelines for Inclusion of Patient-Reported Outcomes in Clinical Trial Protocols (SPIRIT-PRO) are used to report the protocol for the pilot RCT (phase 3). Quantitative data (eg, demographic and clinical information) will be summarised using descriptive statistics (phases 2AB and 3) and a content analysis will be used to identify themes (phase 2AB). A process evaluation will be used to assess the feasibility of the implementation of the intervention and a preliminary efficacy evaluation will be undertaken focusing on the outcomes of pain and HRQoL (phase 3). Ethics and dissemination Ethics approval was obtained from the University of Toronto (36415; 26 November 2018). We will disseminate knowledge of HEARTPA♀N through publication, conference presentation and national public forums (Café Scientifique), and through fact sheets, tweets and webinars. Trial registration number [NCT03800082][1]. [1]: /lookup/external-ref?link_type=CLINTRIALGOV&access_num=NCT03800082&atom=%2Fbmjopen%2F10%2F3%2Fe033092.atom",2025-11-09T10:49:02Z,,,,,,Parry2020DevelopmentUsabilityTesting,,2025-11-09T10:49:02Z,2025-11-09T10:49:02Z,,,,,,,,,CHTZI5NR,en,bmjopen.bmj.com,,,,,,,,,,,,,British Medical Journal Publishing Group,,,,"© Author(s) (or their employer(s)) 2020. Re-use permitted under CC BY-NC. No commercial re-use. See rights and permissions. Published by BMJ.. http://creativecommons.org/licenses/by-nc/4.0/This is an open access article distributed in accordance with the Creative Commons Attribution Non Commercial (CC BY-NC 4.0) license, which permits others to distribute, remix, adapt, build upon this work non-commercially, and license their derivative works on different terms, provided the original work is properly cited, appropriate credit is given, any changes made indicated, and the use is non-commercial. See: http://creativecommons.org/licenses/by-nc/4.0/.",Cardiovascular medicine,,,,,Development and usability testing of HEARTPA♀N,,,14989,,,
preprint,Dynamics of the Gut Microbiota in MEBO and PATM conditions: Protocol of a fully remote clinical study,"Gabashvili, Irene S.",2020-08-24,,10.1101/2020.08.21.20179242,https://www.medrxiv.org/content/10.1101/2020.08.21.20179242v1,False,,,,,,"Summary The proposed study will identify microbial communities associated with flare ups and remissions of MEBO (systemic malodor of metabolic origin) or PATM (“People allergic to me”) conditions. Background Human odor-prints, mostly owing to the microbiome, have proven their value as biomarkers of health and environmental exposures.In recent years, microbial networks responsible for localized malodors (e.g., halitosis [1,2], groin area, foot and axillary odor [3,4]) have been mapped by using next generation sequencing approaches.Intestinal microbes responsible for psychologically debilitating systemic malodor (whole-body and extraoral halitosis), however, remain to be identified. Even a relatively straightforward disorder of choline metabolism trimethylaminuria (TMAU) is thought to exhibit complex host-gene microbiome interactions [5] and has not been sufficiently studied.Mapping gut microbiome is needed to understand human metabolic disfunction, make proper dietary recommendations and develop targeted treatments such as microbial therapies [6–8]. Our preliminary analysis of culture-, PCR- and 16S-RNA-based data found several Operational Taxonomic Units (OTUs) potentially linked to systemic malodor. Proposed controlled pilot study will provide a more comprehensive evaluation and, combined with our prior data [9–12], will help to develop new therapies and treatments.",2025-11-09T10:22:24Z,,,,,,Gabashvili2020DynamicsGutMicrobiota,,2025-11-09T10:22:24Z,2025-11-09T10:22:24Z,,,Pages: 2020.08.21.20179242,,,,,,EVFK7HPG,en,medRxiv,,,,,,,,,,,,,,,,medRxiv,"© 2020, Posted by Cold Spring Harbor Laboratory. This pre-print is available under a Creative Commons License (Attribution-NonCommercial-NoDerivs 4.0 International), CC BY-NC-ND 4.0, as described at http://creativecommons.org/licenses/by-nc-nd/4.0/",,,,,,Dynamics of the Gut Microbiota in MEBO and PATM conditions,,,14995,,,
journalArticle,Assessing the efficacy and acceptability of an internet-delivered intervention for resilience among college students: A pilot randomised control trial protocol,"Enrique, A.; Mooney, O.; Salamanca-Sanabria, A.; Lee, C. T.; Farrell, S.; Richards, D.",2019-09-01,Internet Interventions,10.1016/j.invent.2019.100254,https://www.sciencedirect.com/science/article/pii/S2214782919300648,False,"College students, Human support, Internet-delivered treatment, Positive psychology, Resilience, Well-being",,2214-7829,,,"Background Exposure to new stressors places college students at increased risk for developing mental health problems. Preventive interventions aimed at enhancing resilience have the potential to improve mental health and well-being in college students and internet-delivery may improve access to these interventions. However, few studies have evaluated the efficacy of online interventions for resilience in college students. The present study seeks to assess the feasibility [initial efficacy and acceptability] of a newly developed internet-delivered intervention for resilience provided with human or automated support, in a sample of college students. Method A pilot randomised controlled trial including three groups: 1) an intervention group with human support; 2) an intervention group with automated support; and 3) a waiting list control group. The intervention, Space for Resilience, is based on positive psychology and consists of seven modules, delivered over a period of eight weeks. Primary outcomes measures will include the Connor-Davidson Resilience Scale (CD-RISC) and the Pemberton Happiness Index (PHI). Secondary outcomes measures will include the Brief Resilience Scale (BRS), the Patient Health Questionnaire – 4 items (PHQ-4), the Rosenberg Self-Esteem Scale (RSES), and the Perceived Stress Scale – 4 items (PSS-4). Acceptability will be examined using the Satisfaction with Treatment (SAT) questionnaire. Analysis will be conducted on an intention-to-treat basis. Discussion The study seeks to establish the initial efficacy and acceptability of an internet-delivered intervention for resilience with human support and automated support. Apart from determining the impact of the intervention on acceptability and effectiveness, this study will be a first to explore more clearly the relative benefits of different support modes.",2025-11-09T08:41:48Z,,,,,,Enrique2019AssessingEfficacyAcceptability,,2025-11-09T08:41:48Z,2025-11-09T08:41:48Z,,,,,,,,Internet Interventions,55NBM4LQ,,ScienceDirect,,,,,,,,100254,,,,,,,,,,,,,,,Assessing the efficacy and acceptability of an internet-delivered intervention for resilience among college students,,,15001,17,,
journalArticle,System-integrated technology-enabled model of care to improve the health of stroke patients in rural China: protocol for SINEMA—a cluster-randomized controlled trial,"Gong, Enying; Gu, Wanbing; Sun, Cheng; Turner, Elizabeth L.; Zhou, Yun; Li, Zixiao; Bettger, Janet Prvu; Oldenburg, Brian; Amaya-Burns, Alba; Wang, Yilong; Xu, Li-Qun; Yao, Jianmin; Dong, Dejin; Xu, Zhenli; Li, Chaoyun; Hou, Mobai; Yan, Lijing L.",2019-01-01,American Heart Journal,10.1016/j.ahj.2018.08.015,https://www.sciencedirect.com/science/article/pii/S0002870318302679,False,,,0002-8703,,,"Background Despite the significant burden of stroke in rural China, secondary prevention of stroke is suboptimal. This study aims to develop a SINEMA for the secondary prevention of stroke in rural China and to evaluate the effectiveness of the model compared with usual care. Methods The SINEMA model is being implemented and evaluated through a 1-year cluster-randomized controlled trial in Nanhe County, Hebei Province in China. Fifty villages from 5 townships are randomized in a 1:1 ratio to either the intervention or the control arm (usual care) with a target to enroll 25 stroke survivors per village. Village doctors in the intervention arm (1) receive systematic cascade training by stroke specialists on clinical guidelines, essential medicines and behavior change; (2) conduct monthly follow-up visits with the support of a mobile phone application designed for this study; (3) participate in virtual group activities with other village doctors; 4) receive performance feedback and payment. Stroke survivors participate in a health education and project briefing session, receive monthly follow-up visits by village doctors and receive a voice message call daily as reminders for medication use and physical activities. Baseline and 1-year follow-up survey will be conducted in all villages by trained staff who are blinded of the randomized allocation of villages. The primary outcome will be systolic blood pressure and the secondary outcomes will include diastolic blood pressure, medication adherence, mobility, physical activity level and quality of life. Process and economic evaluation will also be conducted. Discussion This study is one of very few that aim to promote secondary prevention of stroke in resource-constrained settings and the first to incorporate mobile technologies for both healthcare providers and patients in China. The SINEMA model is innovative as it builds the capacity of primary healthcare workers in the rural area, uses mobile health technologies at the point of care, and addresses critical health needs for a vulnerable community-dwelling patient group. The findings of the study will provide translational evidence for other resource-constrained settings in developing strategies for the secondary prevention of stroke.",2025-11-09T08:19:18Z,,,,,,Gong2019SystemintegratedTechnologyenabledModel,,2025-11-09T08:19:18Z,2025-11-09T08:19:18Z,,,,,,,,American Heart Journal,D8T4R543,,ScienceDirect,,,,,,,,27-39,,,,,,,,,,,,,,,System-integrated technology-enabled model of care to improve the health of stroke patients in rural China,,,15016,207,,
journalArticle,Brain+ AlcoRecover: A Randomized Controlled Pilot-Study and Feasibility Study of Multiple-Domain Cognitive Training Using a Serious Gaming App for Treating Alcohol Use Disorders,"Mistarz, Nicolaj; Nielsen, Anette Søgaard; Andersen, Kjeld; Goudriaan, Anneke E.; Skøt, Lotte; Mathiasen, Kim; Michel, Tanja Maria; Mellentin, Angelina Isabella",2021-10-01,Frontiers in Psychiatry,10.3389/fpsyt.2021.727001,https://www.frontiersin.org/journals/psychiatry/articles/10.3389/fpsyt.2021.727001/full,False,"cognitive disability, cognitive trainig, feasibility, randomized controlled trial",,1664-0640,,,"Background: Patients with alcohol use disorder (AUD) exhibit deficits in various cognitive domains Mobile health (mHealth) services are promising in terms of delivering cognitive training in gamified versions. So far, studies examining the effects of mHealth-based cognitive training in AUD patients have, however, focused on specific rather than multiple cognitive domains and overlooked the importance of clinical outcomes. Aims: The aims of this pilot study are to examine (1) whether using smartphone-based, multi-domain cognitive training with gamified elements as part of conventional treatment for AUD indicate effect, and (2) whether the intervention is acceptable and feasible as part of conventional treatment for AUD. Methods: A consecutive outpatient treatment seeking sample of 60 patients will be randomly assigned to receive: 1) smartphone-based, multi-domain cognitive training with gamified elements together with treatment as usual (TAU) or e a sham version of the same cognitive training together with TAU. Cognitive outcomes will be assessed via the training application at baseline and post-treatment. Clinical outcomes will be assessed at baseline, post-treatment, and at 6-months follow-up using the Addiction Severity Index. Furthermore, the 30 patients randomized to the intervention group will be invited to participate in the second phase, that is the feasibility study, at post-treatment. Implications: It is anticipated that this pilot study will provide tentative evidence for the effectiveness of smartphone-based, multi-domain cognitive training as well as information about the usability and feasibility of this type of training, including acceptability and compliance. The study will also contribute with feedback derived from the patients about how to improve and implement the tool. If promising, the findings will be used to plan a large-scale RCT. Since cognitive deficits are not addressed in current treatments for AUD, gamified cognitive training delivered through smartphones may increase the effectiveness of current treatment for AUD as well as introduce more mHealth-based treatment that is both accessible and cost-effective.",2025-11-09T08:14:59Z,,,,,,Mistarz2021BrainAlcoRecoverRandomized,,2025-11-09T08:14:59Z,2025-11-09T08:14:59Z,,,,,,,,Front. Psychiatry,6ZU5IHCT,English,Frontiers,,,,,,,,,,,,,Frontiers,,,,,,,,,,Brain+ AlcoRecover,,,15017,12,,
journalArticle,Development and Evaluation of a Digital Health Intervention to Prevent Type 2 Diabetes in Primary Care: The PREDIABETEXT Study Protocol for a Randomised Clinical Trial,"Galmes-Panades, Aina M.; Angullo, Escarlata; Mira-Martínez, Sofía; Bennasar-Veny, Miquel; Zamanillo-Campos, Rocío; Gómez-Juanes, Rocío; Konieczna, Jadwiga; Jiménez, Rafael; Serrano-Ripoll, Maria Jesús; Fiol-deRoque, Maria Antonia; Miralles, Jerónima; Yañez, Aina M.; Romaguera, Dora; Vidal-Thomas, Maria Clara; Llobera-Canaves, Joan; García-Toro, Mauro; Vicens, Catalina; Gervilla-García, Elena; Oña, José Iván; Malih, Narges; Leiva, Alfonso; Bulilete, Oana; Montaño, Juan José; Gili, Margalida; Roca, Miquel; Ricci-Cabello, Ignacio",2022/1,International Journal of Environmental Research and Public Health,10.3390/ijerph192214706,https://www.mdpi.com/1660-4601/19/22/14706,False,"SMS intervention, diet advice, digital health intervention, mHealth, nursing, physical activity, prediabetes, prevention, type 2 diabetes mellitus",,1660-4601,,,"Background: Type 2 diabetes mellitus (T2DM) is a highly prevalent disease associated with an increased risk of comorbidities, premature death, and health costs. Prediabetes is a stage of glucose alteration previous to T2DM, that can be reversed. The aim of the study is to develop and evaluate a low-intensity, multifaceted, digital intervention to prevent T2DM. The intervention comprises: (1) the use of mobile health technology to send tailored text messages promoting lifestyle changes to people at risk of T2DM and (2) the provision of online education to primary healthcare physicians and nurses about management of prediabetes. Methods: In stages 1–4 we will design, develop and pilot-test the intervention. In Stage 5 we will conduct a phase II, six-month, three-arm, cluster randomized, clinical trial with 42 primary care professionals and 420 patients at risk of T2DM. Patients will be allocated to a control group (usual care), intervention A (patient messaging intervention), or intervention B (patient messaging intervention plus online education to their primary healthcare professionals). The primary outcome will be glycated haemoglobin. All the procedures obtained ethical approval in June 2021 (CEI-IB Ref No: IB4495/21PI). Discussion: Digital health interventions can effectively prevent T2DM and reduce important T2DM risk factors such as overweight or hypertension. In Spain, this type of intervention is understudied. Moreover, there is controversy regarding the type of digital health interventions that are more effective. Findings from this study may contribute to address T2DM prevention, through a low-cost and easily implementable intervention.",2025-11-09T04:51:17Z,,,,,,Galmes-Panades2022DevelopmentEvaluationDigital,,2025-11-09T04:51:17Z,2025-11-09T04:51:17Z,,,,,,,22,,ZM3IDN8H,en,www.mdpi.com,,,,,,,,14706,,,,,Multidisciplinary Digital Publishing Institute,,,,http://creativecommons.org/licenses/by/3.0/,,,,,,Development and Evaluation of a Digital Health Intervention to Prevent Type 2 Diabetes in Primary Care,,,15020,19,,
journalArticle,Self-help friendliness and cooperation with self-help groups among rehabilitation clinics in Germany (KoReS): a mixed-methods study protocol,"Ziegler, Elâ; Bartzsch, Thea; Trojan, Alf; Usko, Nicole; Krahn, Ines; Bütow, Sabine; Kofahl, Christopher",03/2024,BMJ Open,10.1136/bmjopen-2023-083489,https://bmjopen.bmj.com/lookup/doi/10.1136/bmjopen-2023-083489,False,,,"2044-6055, 2044-6055",,,"Introduction Self-help is an important complement to medical rehabilitation for people with chronic diseases and disabilities. It contributes to stabilising rehabilitation success and further coping with disease and disability. Rehabilitation facilities are central in informing and referring patients to self-help groups. However, sustainable cooperation between rehabilitation and self-help, as can be achieved using the concept of self-help friendliness in healthcare, is rare, as is data on the cooperation situation. Methods and analysis The KoReS study will examine self-help friendliness and cooperation between rehabilitation clinics and self-help associations in Germany, applying a sequential exploratory mixedmethods design. In the first qualitative phase, problemcentred interviews and focus groups are conducted with representatives of self-help-friendly rehabilitation clinics, members of their cooperating self-help groups and staff of self-help clearinghouses involved based on a purposeful sampling. Qualitative data collected will be analysed through content analysis using MAXQDA. The findings will serve to develop a questionnaire for a quantitative second phase. Cross-sectional online studies will survey staff responsible for self-help in rehabilitation clinics nationwide, representatives of self-help groups and staff of self-help clearinghouses. Quantitative data analysis with SPSS will include descriptive statistics, correlation, subgroup and multiple regression analyses. Additionally, a content analysis of rehabilitation clinics’ websites will evaluate the visibility of self-help in their public relations. Ethics and dissemination The University Medical Center Hamburg-Eppendorf Local Psychological Ethics Committee at the Center for Psychosocial Medicine granted ethical approval (reference number LPEK-0648; 10.07.2023). Informed consent will be obtained from all participants. Results dissemination will comprise various formats such as workshops, presentations, homepages and publications for the international scientific community, rehabilitation centres, self-help organisations and the general public in Germany. For relevant stakeholders, practical guides and recommendations to implement self-help friendliness will derive from the results to strengthen patient orientation and cooperation between rehabilitation and self-help to promote the sustainability of rehabilitation processes.",2025-11-09T03:55:06Z,,,,,,Ziegler2024SelfhelpFriendlinessCooperation,,2025-11-09T03:55:06Z,2025-11-09T03:55:07Z,,,,,,,3,BMJ Open,72DZDVME,en,DOI.org (Crossref),,,,,,,,e083489,,,,,,,,,,,,,,,Self-help friendliness and cooperation with self-help groups among rehabilitation clinics in Germany (KoReS),,,15026,14,,
journalArticle,Group cognitive behavioural therapy with virtual reality exposure versus group cognitive behavioural therapy with in vivo exposure for social anxiety disorder and agoraphobia: a protocol for a randomised clinical trial,"Arnfred, Benjamin; Bang, Peter; Hjorthøj, Carsten; Christensen, Clas Winding; Stengaard Moeller, Kirsten; Hvenegaard, Morten; Agerskov, Lone; Krog Gausboel, Ulrik; Soe, Ditte; Wiborg, Peter; Smith, Christopher Ian Schøler; Rosenberg, Nicole; Nordentoft, Merete",02/2022,BMJ Open,10.1136/bmjopen-2021-051147,https://bmjopen.bmj.com/lookup/doi/10.1136/bmjopen-2021-051147,False,,,"2044-6055, 2044-6055",,,"Introduction Anxiety disorders have a high lifetime prevalence, early-onset and long duration or chronicity. Exposure therapy is considered one of the most effective elements in cognitive behavioural therapy (CBT) for anxiety, but in vivo exposure can be challenging to access and control, and is sometimes rejected by patients because they consider it too aversive. Virtual reality allows flexible and controlled exposure to challenging situations in an immersive and protected environment. Aim The SoREAL-trial aims to investigate the effect of group cognitive behavioural therapy ( CBT-in vivo ) versus group CBT with virtual reality exposure ( CBT-in virtuo ) for patients diagnosed with social anxiety disorder and/or agoraphobia, in mixed groups. Methods and analysis The design is an investigator-initiated randomised, assessor-blinded, parallel-group and superiority-designed clinical trial. Three hundred two patients diagnosed with social anxiety disorder and/or agoraphobia will be included from the regional mental health centres of Copenhagen and North Sealand and the Northern Region of Denmark. All patients will be offered a manual-based 14-week cognitive behavioural group treatment programme, including eight sessions with exposure therapy. Therapy groups will be centrally randomised with concealed allocation sequence to either CBT-in virtuo or CBT-in vivo . Patients will be assessed at baseline, post-treatment and 1-year follow-up by treatment blinded researchers and research assistants. The primary outcome will be diagnosis-specific symptoms measured with the Liebowitz Social Anxiety Scale for patients with social anxiety disorder and the Mobility Inventory for Agoraphobia for patients with agoraphobia. Secondary outcome measures will include depression symptoms, social functioning and patient satisfaction. Exploratory outcomes will be substance and alcohol use, working alliance and quality of life. Ethics and dissemination The trial has been approved by the research ethics committee in the Capital Region of Denmark. All results, positive, negative as well as inconclusive, will be published as quickly as possible and still in concordance with Danish law on the protection of confidentially and personal information. Results will be presented at national and international scientific conferences. The trial has obtained approval by the Regional Ethics Committee of Zealand (H-6-2013-015) and the Danish Data Protection Agency (RHP-2014-009-02670). The trial is registered at ClinicalTrial.gov as NCT03845101 . The patients will receive information on the trial both verbally and in written form. Written informed consent will be obtained from each patient before inclusion in the trial. The consent form will be scanned and stored in the database system and the physical copy will be destroyed. It is emphasised that participation in the trial is voluntary and that the patient can withdraw his or her consent at any time without consequences for further and continued treatment. Trial registration number NCT03845101 .",2025-11-09T03:51:59Z,,,,,,Arnfred2022GroupCognitiveBehavioural,,2025-11-09T03:51:59Z,2025-11-09T03:51:59Z,,,,,,,2,BMJ Open,NQBCNF3X,en,DOI.org (Crossref),,,,,,,,e051147,,,,,,,,,,,,,,,Group cognitive behavioural therapy with virtual reality exposure versus group cognitive behavioural therapy with in vivo exposure for social anxiety disorder and agoraphobia,,,15028,12,,
journalArticle,Does the inherent functionality of a tool influence distance perception?,"Luo, Wenbo; Yamada, Yuki",,,,,False,,,,,,"According to the action-specific account of perception, perception is scaled by one’s ability to act in interaction with environmental objects. Witt et al. (2005) were the first to report the tool-use effect that supports this notion. In their study, participants either used a reach-extending tool to touch the targets or reached out to the targets with their finger. Their results indicated that targets appeared closer when participants reached with the tool. The present study aims to directly replicate their study as a registered report to confirm the previous findings. Additionally, we will further investigate whether the inherent functionality of a tool influences perceived distance. To explore this, the tool’s inherent functionality will be manipulated while maintaining the tool’s physical length unchanged. In the same reaching task, we predict that alterations in a tool’s functionality are likely to influence perceived distance, even if the tool’s physical length remains constant.",,,,,,,LuoDoesInherentFunctionality,,2025-11-09T03:45:09Z,2025-11-09T03:45:09Z,,,,,,,,,8LDFPNU6,en,Zotero,,,,,,,,,,,,,,,,,,,,,,,,,,15030,,,
bookSection,Implementing Remote Patient Monitoring for Patients During Systemic Cancer Therapy,"Hägglund, Maria; Blusi, Madeleine; Bonacina, Stefano; Nilsson, Lina; Cort Madsen, Inge; Pelayo, Sylvia; Moen, Anne; Benis, Arriel; Lindsköld, Lars; Gallos, Parisis; Kohn, Lara; Mueller, Anita; Scheble, Veit; Storz, Philip; Borlinghaus, Hanna; Ulas, Selcan Behiye; Malek, Nisar; Thies, Christian",2023-05-18,,10.3233/SHTI230333,https://ebooks.iospress.nl/doi/10.3233/SHTI230333,False,,978-1-64368-388-1 978-1-64368-389-8,,,,Mobile monitoring of outpatients during cancer therapy becomes possible through technological advancements. This study leveraged a new remote patient monitoring app for in-between systemic therapy sessions. Patients’ evaluation showed that the handling is feasible. Clinical implementation must consider an adaptive development cycle for reliable operations.,2025-11-09T03:10:15Z,,,,Studies in Health Technology and Informatics,,Kohn2023ImplementingRemotePatienta,,2025-11-09T03:10:15Z,2025-11-09T03:10:15Z,,,,,,,,,NJQAFE2Z,en,DOI.org (Crossref),,,,,,,,,,,,,IOS Press,,,,https://creativecommons.org/licenses/by-nc/4.0/,,,,,,,,,15035,,,
journalArticle,Perceived dyspnea and experience of hospitalized patients with acute decompensated heart failure undergoing an early MObilization protocol with immersive Virtual rEality: MOVE study protocol for a parallel superiority randomized clinical trial,"Fraga, Iasmin Borges; Caballero, Larissa Gussatchenko; Dal Lago, Pedro; de Oliveira, João Lucas Campos; Scherer, Marina; Haeffner, Mauren Porto; Rabelo-Silva, Eneida Rajane",2023,Trials,https://doi.org/10.1186/s13063-023-07786-z,https://trialsjournal.biomedcentral.com/articles/10.1186/s13063-023-07786-z#citeas,False,,,,,,,,,,,,,Fraga2023PerceivedDyspneaExperience,,2025-11-07T21:11:38Z,2025-11-07T21:22:31Z,,,,,,,,,8S59RGVQ,,,,,,,,,,751,,,,,,,,,,,,,,,,,,15049,24,,
journalArticle,Nurses’ Role in Nuclear Medicine Services: A Scoping Review Protocol (Part 1 of a Registered Report),"Verdeli, Larissa Gelycianni; Pereira, Rosana Apracedia; Gonzalez Sampedro, Tatiana De Lourdes; Alexandre-Santos, Leonardo; Machado de Oliveira, Jennifer; Alves, Michela Cristina; Escobar Gimenes, Fernanda Raphael; Wichert-Ana, Lauro",2025,Nursing Reports,https://doi.org/10.3390/nursrep15110387,https://www.mdpi.com/2039-4403/15/11/387,False,,,,,,,,,,,,,Verdeli2025NursesRoleNuclear,,2025-11-07T19:53:21Z,2025-11-07T20:16:39Z,,,,,,,11,,7Y5V3P3C,en,,,,,,,,,387,,,,,,,,,,,,,,,,,,15051,14,,
journalArticle,Design and deployment of digital health interventions to reduce the risk of the digital divide and to inform development of the living with COVID recovery: a systematic scoping review,"Hamilton, Fiona L; Imran, Sumayyah; Mahmood, Aamina; Dobbin, Joanna; Bradbury, Katherine; Poduval, Shoba; Scuffell, Jamie; Thomas, Fred; Stevenson, Fiona",10/2025,Health and Social Care Delivery Research,10.3310/GJHG1331,https://www.journalslibrary.nihr.ac.uk/hsdr/published-articles/GJHG1331,False,,,2755-0079,,,"Background: Digital health interventions can support health-related knowledge transfer, for example through websites or mobile applications, and may reduce health inequalities by making health care available, where access is difficult, and by translating content to overcome language barriers. However, digital health intervention can also increase health inequalities due to the digital divide. To reach digitally excluded populations, design and delivery mechanisms need to specifically address this issue.",2025-10-30T02:13:55Z,,,,,,Hamilton2025DesignDeploymentDigital,,2025-10-30T02:13:55Z,2025-10-30T02:13:55Z,,,,,,,,Health Soc Care Deliv Res,98BSCYWS,en,DOI.org (Crossref),,,,,,,,1-18,,,,,,,,,,,,,,,Design and deployment of digital health interventions to reduce the risk of the digital divide and to inform development of the living with COVID recovery,,,15208,,,
journalArticle,Engagement With a Smartphone-Delivered Dietary Education Intervention and Its Relation to Dietary Intake and Cardiometabolic Risk Markers in People With Type 2 Diabetes: Secondary Analysis of a Randomized Controlled Trial,"Sjoblom, Linnea; Stenbeck, Freja; Lagerros, Ylva Trolle; Hantikainen, Essi; Bonn, Stephanie E.",2025-05-30,JMIR Formative Research,10.2196/71408,https://formative.jmir.org/2025/1/e71408,False,"JMIR, JMIR: DE Data Existing",,,,,"Background: Mobile Health (mHealth) interventions offer a promising way to support healthy lifestyle habits, but effectiveness depends on user engagement. Maintaining high user engagement in app-based interventions is important, yet challenging. Objective: We aimed to examine the association between user engagement with an app-based dietary education for people with type 2 diabetes and changes in diet quality, dietary intake, and clinical measures. Methods: In this randomized clinical trial, people with type 2 diabetes were recruited within primary care and randomized 1:1 to a 12-week smartphone-delivered app-based dietary education or control group. Participants were followed up after 3-, 6- and 12-months. Dietary intake was assessed using a food frequency questionnaire. The control group received the app at the 3-month follow-up. User engagement was analysed among all participants. Categories of high (100%), moderate (50-99.9%), and low (<50%) user engagement were created based on the percentage of activities completed in the app. We used paired t-tests to compare mean changes in diet quality, dietary intake and clinical markers within user engagement groups, and fitted linear regression models to analyse differences in change between groups. Results: Data from 119 participants (60.5% men) was analysed. Mean age at baseline was 63.2 years and mean BMI was 30.1 kg/m2. User engagement was high with an average of 77.1% of app activities completed. More than half (53.8%) of users showed high user engagement, 21.8% moderate, and 24.4% low. Directly following the app-based education, a significant difference in change was seen for whole grains (β=20.4, 95%CI: 0.57-40.3) in participants with high user engagement compared to the low user engagement group who decreased their intake (p=0.03). At follow-up after 6 to 9 months after completed education, significant differences in change were seen for fibre, wholegrains, carbohydrates, saturated fat, sodium, and total energy in the moderate compared to the low engagement group, and a significant difference in change was seen for carbohydrates in the high, compared to the low, user engagement group. Conclusions: User engagement was generally high for the smartphone-based dietary education, suggesting that an app targeting dietary habits is feasible to use. Those with higher user engagement seem to maintain healthier dietary behaviours over time, compared to those with low user engagement. Future mHealth interventions should focus on ways to engage those with low interest. Clinical Trial: ClinicalTrials.gov NCT03784612; https://www.clinicaltrials.gov/study/NCT03784612",2025-09-12T09:15:52Z,,,,,,Sjoblom2025EngagementSmartphoneDeliveredDietary,,2025-09-12T09:15:52Z,2025-10-27T23:23:11Z,,,Company: JMIR Formative Research Distributor: JMIR Formative Research Institution: JMIR Formative Research Label: JMIR Formative Research,,,,1,,RWD8H7HS,EN,formative.jmir.org,,,,,,,,e71408,,,,,"JMIR Publications Inc., Toronto, Canada",,,,"Unless stated otherwise, all articles are open-access distributed under the terms of the Creative Commons Attribution License (http://creativecommons.org/licenses/by/2.0/), which permits unrestricted use, distribution, and reproduction in any medium, provided the original work (""first published in the Journal of Medical Internet Research..."") is properly cited with original URL and bibliographic citation information. The complete bibliographic information, a link to the original publication on http://www.jmir.org/, as well as this copyright and license information must be included.",,,,,,Engagement With a Smartphone-Delivered Dietary Education Intervention and Its Relation to Dietary Intake and Cardiometabolic Risk Markers in People With Type 2 Diabetes,,,15224,9,,
journalArticle,The Interplay Between Policy and COVID-19 Outbreaks in South Asia: Longitudinal Trend Analysis of Surveillance Data,"Welch, Sarah B.; Kulasekere, Dinushi Amanda; Prasad, P. V. Vara; Moss, Charles B.; Murphy, Robert Leo; Achenbach, Chad J.; Ison, Michael G.; Resnick, Danielle; Singh, Lauren; White, Janine; Issa, Tariq Z.; Culler, Kasen; Boctor, Michael J.; Mason, Maryann; Oehmke, James Francis; Faber, Joshua Marco Mitchell; Post, Lori Ann",2021-06-17,JMIR Public Health and Surveillance,10.2196/24251,https://publichealth.jmir.org/2021/6/e24251,False,JMIR,,,,,"Background: COVID-19 transmission rates in South Asia initially were under control when governments implemented health policies aimed at controlling the pandemic such as quarantines, travel bans, and border, business, and school closures. Governments have since relaxed public health restrictions, which resulted in significant outbreaks, shifting the global epicenter of COVID-19 to India. Ongoing systematic public health surveillance of the COVID-19 pandemic is needed to inform disease prevention policy to re-establish control over the pandemic within South Asia. Objective: This study aimed to inform public health leaders about the state of the COVID-19 pandemic, how South Asia displays differences within and among countries and other global regions, and where immediate action is needed to control the outbreaks. Methods: We extracted COVID-19 data spanning 62 days from public health registries and calculated traditional and enhanced surveillance metrics. We use an empirical difference equation to measure the daily number of cases in South Asia as a function of the prior number of cases, the level of testing, and weekly shifts in variables with a dynamic panel model that was estimated using the generalized method of moments approach by implementing the Arellano–Bond estimator in R. Results: Traditional surveillance metrics indicate that South Asian countries have an alarming outbreak, with India leading the region with 310,310 new daily cases in accordance with the 7-day moving average. Enhanced surveillance indicates that while Pakistan and Bangladesh still have a high daily number of new COVID-19 cases (n=4819 and n=3878, respectively), their speed of new infections declined from April 12-25, 2021, from 2.28 to 2.18 and 3.15 to 2.35 daily new infections per 100,000 population, respectively, which suggests that their outbreaks are decreasing and that these countries are headed in the right direction. In contrast, India’s speed of new infections per 100,000 population increased by 52% during the same period from 14.79 to 22.49 new cases per day per 100,000 population, which constitutes an increased outbreak. Conclusions: Relaxation of public health restrictions and the spread of novel variants fueled the second wave of the COVID-19 pandemic in South Asia. Public health surveillance indicates that shifts in policy and the spread of new variants correlate with a drastic expansion in the pandemic, requiring immediate action to mitigate the spread of COVID-19. Surveillance is needed to inform leaders whether policies help control the pandemic.",2025-06-09T23:27:12Z,,,,,,Welch2021InterplayPolicyCOVID19,,2025-06-09T23:27:12Z,2025-10-27T23:18:02Z,,,Company: JMIR Public Health and Surveillance Distributor: JMIR Public Health and Surveillance Institution: JMIR Public Health and Surveillance Label: JMIR Public Health and Surveillance,,,,6,,ZP2SB44H,EN,publichealth.jmir.org,,,,,,,,e24251,,,,,"JMIR Publications Inc., Toronto, Canada",,,,"Unless stated otherwise, all articles are open-access distributed under the terms of the Creative Commons Attribution License (http://creativecommons.org/licenses/by/2.0/), which permits unrestricted use, distribution, and reproduction in any medium, provided the original work (""first published in the Journal of Medical Internet Research..."") is properly cited with original URL and bibliographic citation information. The complete bibliographic information, a link to the original publication on http://www.jmir.org/, as well as this copyright and license information must be included.",,,,,,The Interplay Between Policy and COVID-19 Outbreaks in South Asia,,,15228,7,,
journalArticle,"Collaborative review enhances note-taking, especially after a longer delay, but does not boost test performance","Wei, Yunfeng; Meade, Michelle L.; Soderstrom, Nicholas C.",2025-11-26,Memory,10.1080/09658211.2025.2573272,https://www.tandfonline.com/doi/full/10.1080/09658211.2025.2573272,False,,,"0965-8211, 1464-0686",,,"The present study replicated and extended prior research by comparing the effects of reviewing notes in groups vs. reviewing notes individually on individual final test performance. We also examined the potential interaction between reviewing delay and reviewing methods. Finally, students completed a questionnaire, the results of which reveal how students perceive the effectiveness of group vs. individual reviewing methods. In this experiment, students watched and took notes on two lectures. Following a short or long delay, students reviewed their notes either individually or in a group and were allowed to update their notes during these sessions. After the reviewing phase, students completed a final test for each lecture. We found that individuals added more idea units to their notes after reviewing notes in a group, and this beneficial effect was greater after a longer delay compared to a shorter delay. However, more new idea units did not translate into better cued recall performance. Our findings suggest that reviewing notes in a group helps individuals add more overlooked idea units in their notes, but more factors should be considered when studying the relationship between reviewing notes in a group and final test performance.",2025-10-27T21:31:27Z,,,,,,Wei2025CollaborativeReviewEnhances,,2025-10-27T21:31:28Z,2025-10-27T21:31:28Z,,,,,,,10,Memory,8GLN6NFR,en,DOI.org (Crossref),,,,,,,,1293-1305,,,,,,,,,,,,,,,,,,15233,33,,
journalArticle,Effects of mindfulness breathing meditation on stress and cognitive functions: a heart rate variability and eye-tracking study,"Hooi, Ling Yut; Chen, Po Ling; Tan, Kok Wei; de Vries, Marieke; Wong, Hoo Keat",2025-10-24,Scientific Reports,10.1038/s41598-025-23727-z,https://www.nature.com/articles/s41598-025-23727-z,False,"Human behaviour, Psychology",,2045-2322,,,"Mindfulness meditation has been suggested to protect mental health and enhance cognitive functions. However, the effectiveness of mindfulness breathing meditation for the general population in Malaysia has not been well documented. This study investigated the effects of mindfulness breathing meditation on perceived stress levels and cognitive functions (i.e., visual attention, inhibitory control, and cognitive flexibility) using heart rate variability (HRV) and eye-tracking methods. Fifty Malaysian adults aged between 18 and 34 years participated in this study. Participants were randomly allocated to either mindfulness breathing meditation or active control (music therapy) groups. Participants underwent a four-week intervention consisting of 30 min of online classes once a week and 10 min of daily meditation self-practice or music listening. The results showed significant improvement in cognitive flexibility and reduction in perceived stress levels after the intervention in the mindfulness breathing meditation group compared to the active control group. Participants in the mindfulness breathing meditation group self-reported this intervention as highly acceptable and effective in promoting stress reduction, emotional regulation, and attentional control. However, no significant improvement was found in attention, inhibitory control, and HRV after the intervention, suggesting that the mindfulness breathing meditation had no effect on these variables. While short-term engagement with mindfulness breathing meditation practice is achievable, the three-month follow-up using the Mindfulness Adherence Questionnaire showed that sustaining long-term adherence remains a challenge.",2025-10-27T21:05:39Z,,,,,,Hooi2025EffectsMindfulnessBreathing,,2025-10-27T21:05:39Z,2025-10-27T21:05:39Z,,,,,,,1,Sci Rep,BAY2Y45T,en,www.nature.com,,,,,,,,37185,,,,,Nature Publishing Group,,,,2025 The Author(s),,,,,,Effects of mindfulness breathing meditation on stress and cognitive functions,,,15245,15,,
journalArticle,"Racial Discrimination, Sedentary Time, and Physical Activity in African Americans: Quantitative Study Combining Ecological Momentary Assessment and Accelerometers","Nam, Soohyun; Jeon, Sangchoon; Ash, Garrett; Whittemore, Robin; Vlahov, David",2021,JMIR Formative Research,http://dx.doi.org/10.2196/25687,https://formative.jmir.org/2021/6/e25687,False,"JMIR, JMIR: Registered",,,,,,2025-06-09T23:36:00Z,,,,,,Nam2021RacialDiscriminationSedentary,,2025-06-09T23:36:00Z,2025-10-20T23:13:47Z,,,,,,,6,,3735WATE,EN,,,,,,,,,,,,,,,,,,,,,,,,,,,15284,5,,
journalArticle,Concurrent Treatment of Opioid and Tobacco Use Disorder in a Telemedicine Clinic: Case Report of Breaking Through Barriers,"Michero, Darcy; Monico, Laura; Pielsticker, Peyton; Mooney, Larissa J.; Glasner, Suzette",2025-05-15,JMIR Formative Research,10.2196/72872,https://formative.jmir.org/2025/1/e72872,False,"JMIR, JMIR: Registered",,,,,"There are a myriad of obstacles faced by individuals who take medication for opioid use disorder, including high out-of-pocket costs, stigma, logistical challenges associated with traveling to treatment facilities, and negative experiences with treatment providers. The proliferation of illicit fentanyl use and associated overdose risk underscores the urgent need to broaden access to lifesaving pharmacotherapy for opioid use disorder. This case report describes the safe and effective induction of a 32-year-old male onto sublingual buprenorphine in a digital care setting, with integrated, counselor-facilitated psychosocial treatment delivered via a smartphone app targeting relapse prevention. The digital care modality enabled this patient to overcome 2 major treatment barriers: limited access to evidence-based treatment given his residence in a rural area, and heightened overdose risk given his use of fentanyl, a potent synthetic opioid. In addition, we describe tobacco cessation treatment delivered digitally concurrently with opioid use disorder care, combining pharmacotherapy and behavioral skills training. Given the disproportionately high rate of co-occurring opioid use disorder and tobacco use and associated mortality rates, the effective treatment of these conditions simultaneously in this case advances our knowledge of potentially efficacious treatment approaches for underserved individuals with opioid use disorder who present with polysubstance use.",2025-09-08T15:02:02Z,,,,,,Michero2025ConcurrentTreatmentOpioid,,2025-09-08T15:02:02Z,2025-10-20T22:29:11Z,,,Company: JMIR Formative Research Distributor: JMIR Formative Research Institution: JMIR Formative Research Label: JMIR Formative Research,,,,1,,IG47LL79,EN,formative.jmir.org,,,,,,,,e72872,,,,,"JMIR Publications Inc., Toronto, Canada",,,,"Unless stated otherwise, all articles are open-access distributed under the terms of the Creative Commons Attribution License (http://creativecommons.org/licenses/by/2.0/), which permits unrestricted use, distribution, and reproduction in any medium, provided the original work (""first published in the Journal of Medical Internet Research..."") is properly cited with original URL and bibliographic citation information. The complete bibliographic information, a link to the original publication on http://www.jmir.org/, as well as this copyright and license information must be included.",,,,,,Concurrent Treatment of Opioid and Tobacco Use Disorder in a Telemedicine Clinic,,,15289,9,,
journalArticle,Development of a Predictive Dashboard With Prescriptive Decision Support for Falls Prevention in Residential Aged Care: User-Centered Design Approach,"Silva, S. Sandun Malpriya; Wabe, Nasir; Nguyen, Amy D.; Seaman, Karla; Huang, Guogui; Dodds, Laura; Meulenbroeks, Isabelle; Mercado, Crisostomo Ibarra; Westbrook, Johanna I.",2025-04-07,JMIR Aging,10.2196/63609,https://aging.jmir.org/2025/1/e63609,False,"JMIR, JMIR: Registered",,,,,"Background: Falls are a prevalent and serious health condition among older people in residential aged care facilities, causing significant health and economic burdens. However, the likelihood of future falls can be predicted, and thus, falls can be prevented if appropriate prevention programs are implemented. Current fall prevention programs in residential aged care facilities rely on risk screening tools with suboptimal predictive performance, leading to significant concerns regarding resident safety. Objective: This study aimed to develop a predictive, dynamic dashboard to identify residents at risk of falls with associated decision support. This paper provides an overview of the technical process, including the challenges faced and the strategies used to overcome them during the development of the dashboard. Methods: A predictive dashboard was co-designed with a major residential aged care partner in New South Wales, Australia. Data from resident profiles, daily medications, fall incidents, and fall risk assessments were used. A dynamic fall risk prediction model and personalized rule-based fall prevention recommendations were embedded in the dashboard. The data ingestion process into the dashboard was designed to mitigate the impact of underlying data system changes. This approach aims to ensure resilience against alterations in the data systems. Results: The dashboard was developed using Microsoft Power BI and advanced R programming by linking data silos. It includes dashboard views for those managing facilities and for those caring for residents. Data drill-through functionality was used to navigate through different dashboard views. Resident-level change in daily risk of falling and risk factors and timely evidence-based recommendations were output to prevent falls and enhance prescriptive decision support. Conclusions: This study emphasizes the significance of a sustainable dashboard architecture and how to overcome the challenges faced when developing a dashboard amid underlying data system changes. The development process used an iterative dashboard co-design process, ensuring the successful implementation of knowledge into practice. Future research will focus on the implementation and evaluation of the dashboard’s impact on health processes and economic outcomes.",2025-08-13T16:01:28Z,,,,,,Silva2025DevelopmentPredictiveDashboard,,2025-08-13T16:01:28Z,2025-10-20T22:28:55Z,,,Company: JMIR Aging Distributor: JMIR Aging Institution: JMIR Aging Label: JMIR Aging,,,,1,,IBPTRMM4,EN,aging.jmir.org,,,,,,,,e63609,,,,,"JMIR Publications Inc., Toronto, Canada",,,,"This is an open-access article distributed under the terms of the Creative Commons Attribution License (https://creativecommons.org/licenses/by/4.0/), which permits unrestricted use, distribution, and reproduction in any medium, provided the original work, first published JMIR Aging, is properly cited. The complete bibliographic information, a link to the original publication on https://aging.jmir.org/, as well as this copyright and license information must be included.",,,,,,Development of a Predictive Dashboard With Prescriptive Decision Support for Falls Prevention in Residential Aged Care,,,15290,8,,
journalArticle,Number of Publications on New Clinical Prediction Models: A Bibliometric Review,"Arshi, Banafsheh; Wynants, Laure; Rijnhart, Eline; Reeve, Kelly; Cowley, Laura Elizabeth; Smits, Luc J.",2025-07-04,JMIR Medical Informatics,10.2196/62710,https://medinform.jmir.org/2025/1/e62710,False,"JMIR, JMIR: Registered",,,,,"Background: Concerns have been expressed about the abundance of new clinical prediction models (CPMs) proposed in the literature. The extent of this proliferation in prediction research, however, remains unclear. Objective: To estimate the total and annual number of CPM development publications available for all medical fields. Methods: Using a validated search strategy, we conducted a systematic search for prediction model studies published in Pubmed and Embase between 1995 and the end of 2020. By taking random samples for each year, we identified eligible studies that developed a multivariable model (diagnostic or prognostic) for individual-level prediction of a health outcome across all medical fields. Exclusion criteria included the development of models with a single predictor, studies not concerning humans, methodological studies, conference abstracts, articles with unavailable full text, and studies not available in English. Next, we estimated the total and annual number of published regression-based multivariable CPM development articles, based on the total number of publications, proportion of included articles and search sensitivity. Furthermore, we used an adjusted Poisson regression to extrapolate our results to years 1950-2024. Additionally, we estimated the number of articles developing non-regression-based CPMs. Results: From a random sample of 10,660 articles published between 1995 and 2020, 109 regression-based CPM development articles were included. We estimated that 82,772 (95%CI: 65,313-100,231) CPM development articles using regression were published, with an acceleration in model development from 2010 onward. With the addition of articles that used other techniques than regression (e.g., machine learning), the number rose to 147,714 (125,201-170,226). After extrapolation to 1950-2024, numbers increased to 156,673 and 248,431 for regression-based models and all models, respectively. Conclusions: Based on a representative sample of publications from the literature, we estimate that close to 250,000 articles reporting the development of clinical prediction models for all medical fields have been published until 2024. CPM development publication is ever increasing. To prevent research waste and to close the gap between research and clinical practice, focus should shift away from developing new CPMs to facilitating model validation and impact assessment of the plethora of available CPMs. Limitations of this study include restriction of search to articles available in English and development of the validated search strategy prior to the popularity of artificial intelligence and machine learning models.",2025-10-02T05:14:15Z,,,,,,Arshi2025NumberPublicationsNew,,2025-10-02T05:14:15Z,2025-10-20T22:15:42Z,,,Company: JMIR Medical Informatics Distributor: JMIR Medical Informatics Institution: JMIR Medical Informatics Label: JMIR Medical Informatics,,,,1,,9DPFH886,EN,medinform.jmir.org,,,,,,,,e62710,,,,,"JMIR Publications Inc., Toronto, Canada",,,,"This is an open-access article distributed under the terms of the Creative Commons Attribution License (https://creativecommons.org/licenses/by/4.0/), which permits unrestricted use, distribution, and reproduction in any medium, provided the original work, first published JMIR Medical Informatics, is properly cited. The complete bibliographic information, a link to the original publication on https://medinform.jmir.org/, as well as this copyright and license information must be included.",,,,,,Number of Publications on New Clinical Prediction Models,,,15291,13,,
preprint,"Mobile Apps for Health Behavior Change in Physical Activity, Diet, Drug and Alcohol Use, and Mental Health: Systematic Review (Preprint)","Milne-Ives, Madison; Lam, Ching; De Cock, Caroline; Van Velthoven, Michelle Helena; Meinert, Edward",2019-11-13,,10.2196/preprints.17046,http://preprints.jmir.org/preprint/17046,False,,,,,,"Background: With a growing focus on patient interaction with health management, mobile apps are increasingly used to deliver behavioural health interventions. The large variation in these mobile health apps - their target patient group, health behaviour, and behavioural change strategies - has resulted in a large but incohesive body of literature. Objective: The purpose of this systematic review was to assess the effectiveness of mobile apps at improving health behaviours and outcomes, and to examine the inclusion and effectiveness of Behaviour Change Techniques in mobile health apps. Methods: Medline, EMBASE, CINAHL, and Web of Science were systematically searched for articles published between 2014 and 2019 that evaluated mobile apps for health behaviour change. Two authors independently screened and selected studies according to the eligibility criteria. Data was extracted and risk of bias assessed by one reviewer and validated by a second reviewer. Results: 52 randomized controlled trials met the inclusion criteria and were included in analysis - 37 studies focused on physical activity, diet, or a combination of both, 11 on drug and alcohol use, and 4 on mental health. Participant perceptions were generally positive - only one app was rated as less helpful and satisfactory than the control - and the studies that measured engagement and usability found relatively high study completion rates (mean = 83.3%, n = 18) and ease of use ratings (3 significantly better than control, 9/15 rated >70%) . However, there was little evidence of changed behaviour or health outcomes. Conclusions: There was not strong evidence found to support the effectiveness of mobile apps at improving health behaviours or outcomes because few studies found significant differences between the app and control groups. Further research is needed to identify the behaviour change techniques that are most effective at promoting behaviour change. Improved reporting is necessary to accurately evaluate the mobile health app effectiveness and risk of bias.",2025-10-20T05:13:53Z,,,,,,Milne-Ives2019MobileAppsHealth,,2025-10-20T05:13:53Z,2025-10-20T05:13:54Z,,,,,,,,,PSEA3KU7,en,DOI.org (Crossref),,,,,,,,,,,,,,,,JMIR mHealth and uHealth,,,,,,,"Mobile Apps for Health Behavior Change in Physical Activity, Diet, Drug and Alcohol Use, and Mental Health",,,15294,,,
journalArticle,Professional Support Through a Tailor-Made Mobile App to Reduce Stress and Depressive Symptoms Among Family Caregivers of People With Dementia: Mixed Methods Pilot Study,"Kagwa, Aber Sharon; Longhini, Jessica; Islam, Muhammed Nazmul; Vikström, Sofia; Dorell, Åsa; Konradsen, Hanne; Kabir, Zarina Nahar",2025-09-30,JMIR Formative Research,10.2196/75113,https://formative.jmir.org/2025/1/e75113,False,"JMIR, JMIR: Registered",,,,,"Background: Providing informal care to persons with dementia (PWD) living at home can be challenging and lead to experience of caregiver stress and depression. Interventions delivered through mobile applications (apps) provide innovative solutions for community-based social care professionals to address the increasing support needs of family caregivers (FCs) to PWD. Objective: This study aimed to examine, among FCs to PWD living at home, a) the potential association between professional support provided through a mobile app and caregiver stress and depressive symptoms; b) types of support provided through chat interaction between FCs and social care professionals; c) how provision of support provided through a mobile app relates to changes in caregiver stress and depressive symptoms. Methods: A mixed-methods pilot study was conducted integrating quantitative pre- and post-intervention data and qualitative logged chat data. FCs to PWD living at home (n=35) were recruited to test a tailor-made mobile app over eight weeks. The outcome measures were caregiver stress (primary) and depressive symptoms (secondary). Descriptive statistics were used to describe socio-demographic factors. Inferential statistics were used to analyse mean differences in the outcome measures pre- and post-intervention. FCs were divided into three groups based on changes in caregiver stress scores between pre- and post-intervention. Generalized linear models (GLM) analyses were used to determine the association between participation in the intervention on caregiver stress and depressive symptoms, controlling for age, gender and relationship to the PWD. Logged chat data was analysed using summative content analysis to identify types of support provided and received. Changes in caregiver stress were integrated with the chat data to determine patterns in the types of support received. Results: The mean age of the FCs was (69.4), with most being women (80%), partners (68.6%) and living together with the PWD (74%). The mean score of FCs' caregiver stress was marginally higher post-intervention (24.1, SD 9.3) compared to pre-intervention (23.9, SD 9.2), while the mean score of their depressive symptoms declined between pre- (6.5, SD 5.1) and post-intervention (6.2, SD 5.2). These differences were not statistically significant. Regression analyses showed that participation in the intervention was not statistically significantly associated with caregiver stress (β=0.171, α=.05, P=.862) or depressive symptoms (β= -0.293, α=.05, P=.745) after adjusting for age, gender and relationship to the PWD. However, mixed-methods analysis at the sub-group level, suggests that frequently provided tailored support by social care professionals delivered through a mobile app potentially can reduce caregiver stress among FCs to PWD living at home. Conclusions: The study highlights the importance of providing frequent and tailor-made support to meet the individual needs of FCs to PWD. The findings from this study can help community-based social care providers plan and organize the content of digital support provided for FCs to PWD living at home.",2025-10-07T23:23:23Z,,,,,,Kagwa2025ProfessionalSupportTailorMade,,2025-10-07T23:23:23Z,2025-10-07T23:23:29Z,,,Company: JMIR Formative Research Distributor: JMIR Formative Research Institution: JMIR Formative Research Label: JMIR Formative Research,,,,1,,RKRBCIKN,EN,formative.jmir.org,,,,,,,,e75113,,,,,"JMIR Publications Inc., Toronto, Canada",,,,"Unless stated otherwise, all articles are open-access distributed under the terms of the Creative Commons Attribution License (http://creativecommons.org/licenses/by/2.0/), which permits unrestricted use, distribution, and reproduction in any medium, provided the original work (""first published in the Journal of Medical Internet Research..."") is properly cited with original URL and bibliographic citation information. The complete bibliographic information, a link to the original publication on http://www.jmir.org/, as well as this copyright and license information must be included.",,,,,,Professional Support Through a Tailor-Made Mobile App to Reduce Stress and Depressive Symptoms Among Family Caregivers of People With Dementia,,,15321,9,,
journalArticle,Stage II Registered Report: Subtraction Neglect in Perceptions of Climate Action Strategies,"Suter, Manuel; Nielsen, Kristian Steensen; Berger, Sebastian",2025-10-01,Journal of Environmental Psychology,10.1016/j.jenvp.2025.102793,https://www.sciencedirect.com/science/article/pii/S0272494425002762,False,,,0272-4944,,,"Research suggests that individuals often overlook beneficial subtractive strategies when solving problems. Subtractive strategies, which include reducing demand for goods and services (e.g., reducing car use), have a high climate mitigation potential. Yet, these may be systematically overlooked in favor of additive strategies like adopting new technologies (e.g., buying an electric car). This Registered Report investigates subtraction neglect in the context of personal climate action. When asked to think of the most effective personal climate mitigation actions, does priming people to think about additive and subtractive strategies increase the likelihood that they suggest subtractive climate actions? We investigate this research question via an online experiment conducted in the United Kingdom. Participants who received a brief prompt introducing both strategy types proposed significantly more subtractive actions than those who were not made aware of additive and subtractive strategies. The findings suggest that raising awareness of subtractive strategies can shift attention toward underused yet impactful climate actions.",2025-10-07T23:21:54Z,,,,,,Suter2025StageIIRegistered,,2025-10-07T23:21:54Z,2025-10-07T23:22:12Z,,,,,,,,Journal of Environmental Psychology,CS972QIA,,ScienceDirect,,,,,,,,102793,,,,,,,,,,,,,,,Stage II Registered Report,,,15322,,,
journalArticle,Revisiting stigma attributions and reactions to stigma: Replication Registered Report of Weiner et al. (1988) with extensions examining new stigmas and stigma origin categorization,"Yeung, Gladys; Feldman, Gilad",2025-06-30,,10.17605/OSF.IO/GWCBT,https://osf.io/https://osf.io/8vux6,False,Preprint,,,,,Presented by OSF,2025-10-02T19:12:11Z,,,,,,Yeung2025RevisitingStigmaAttributions,,2025-10-02T19:12:11Z,2025-10-06T15:40:59Z,,,,,,,,,ZYT2FYPB,en-us,osf.io,,,,,,,,,,,,,Open Science Framework,,,,,,,,,,,,,15327,,,
journalArticle,Does Cleanliness Influence Moral Judgments?,"Johnson, David J.; Cheung, Felix; Donnellan, M. Brent",2014-01-01,Social Psychology,https://doi.org/10.1027/1864-9335/a000186,https://econtent.hogrefe.com/doi/10.1027/1864-9335/a000186,False,,,1864-9335,,,"Schnall, Benton, and Harvey (2008) hypothesized that physical cleanliness reduces the severity of moral judgments. In support of this idea, they found that individuals make less severe judgments wh...",2025-04-30T07:39:36Z,,,world,,,Johnson2014DoesCleanlinessInfluence,,2025-04-30T07:39:36Z,2025-10-06T13:53:55Z,,,,,,,,,7ALMBMFI,en,econtent.hogrefe.com,,,,,,,,,,,,,Hogrefe Publishing,,,,,,,,,,,,,15328,,,
journalArticle,"A Replication Attempt of Stereotype Susceptibility (Shih, Pittinsky, & Ambady, 1999)","Gibson, Carolyn E.; Losee, Joy; Vitiello, Christine",2014-01-01,Social Psychology,https://doi.org/10.1027/1864-9335/a000184,https://econtent.hogrefe.com/doi/10.1027/1864-9335/a000184,False,,,1864-9335,,,"Awareness of stereotypes about a person’s in-group can affect a person’s behavior and performance when they complete a stereotype-relevant task, a phenomenon called stereotype susceptibility. Shih,...",2025-04-30T07:24:23Z,,,world,,,Gibson2014ReplicationAttemptStereotype,,2025-04-30T07:24:23Z,2025-10-06T13:38:37Z,,,,,,,,,TBSJ85YH,en,econtent.hogrefe.com,,,,,,,,,,,,,Hogrefe Publishing,,,,,,,,,,,,,15329,,,
journalArticle,Efficacy of a Second-Grade Science Program: Increasing Science Outcomes for All Students,"Doabler, Christian T.; Therrien, William J.; Longhi, Maria A.; Roberts, Greg; Hess, Katherine E.; Maddox, Steven A.; Uy, Jasmine; Lovette, Gail E.; Fall, Anna-Maria; Kimmel, Georgia L.; Benson, Sarah; VanUitert, Victoria J.; Wilson, Sarah Emily; Powell, Sarah R.; Sampson, Victor; Tporac, Paul",2021,Remedial and Special Education,https://doi.org/10.1177/0741932521989091,https://journals.sagepub.com/doi/10.1177/0741932521989091,False,,,,,,,2025-06-09T17:29:39Z,,,,,,Doabler2021EfficacySecondGradeScience,,2025-06-09T17:29:39Z,2025-10-06T06:41:34Z,,,,,,,3,,HQKMNTPQ,EN,,,,,,,,,140-154,,,,,,,,,,,,,,,,,,15331,42,,
thesis,Towards Better Hypothesis Tests in Psychology Reducing Bias and Aligning Tests with Research Questions,"Scheel, Anne Mareike",2025-07-05,,,https://pure.tue.nl/ws/portalfiles/portal/357092204/20250507_Scheel_hf.pdf,False,Not an RR,,,,,,2025-08-07T23:45:17Z,,,,,,Scheel2025BetterHypothesisTests,,2025-08-07T23:46:43Z,2025-10-06T05:12:53Z,,,,,,,,,ZZ3A9WAF,English,,,,,,,,,,,,,,,,,,,,,,,,,,indhoven University of Technology,15333,,,
journalArticle,The Effects of Authoritarian Iconography: An Experimental Test,"Bush, Sarah Sunn; Erlich, Aaron; Prather, Lauren; Zeira, Yael",2016,Comparative Political Studies,https://doi.org/10.1177%2F0010414016633228,https://journals.sagepub.com/doi/10.1177/0010414016633228,False,,,,,,,2025-05-13T19:49:38Z,,,,,,Bush2016EffectsAuthoritarianIconography,,2025-05-13T19:49:38Z,2025-10-06T03:50:44Z,,,,,,,13,,ITWPP5E7,EN,,,,,,,,,1704-1738,,,,,,,,,,,,,,,,,,15334,49,,
journalArticle,Stage 2 Registered Report: There is no appreciable relationship between strength of hand preference and language ability in 6- to 7-year-old children,"Pritchard, Verena E.; Malone, Stephanie A.; Burgoyne, Kelly; Heron-Delaney, Michelle; Bishop, Dorothy V. M.; Hulme, Charles",2019,Wellcome Open Research,https://doi.org/10.12688/wellcomeopenres.15254.1,https://wellcomeopenresearch.org/articles/4-81/v1,False,,,,,,,2025-09-23T20:43:29Z,,,,,,Pritchard2019Stage2Registered,,2025-09-23T20:43:29Z,2025-10-06T03:46:16Z,,,,,,,,,52MWRQ4E,EN,,,,,,,,,81,,,,,,,,,,,,,,,,,,15336,4,,
journalArticle,Smart but Evil? Student-Teachers’ Perception of Educational Researchers’ Epistemic Trustworthiness,"Merk, Samuel; Rosman, Tom",2019,AERA Open,http://doi.org/10.1177/2332858419868158,https://journals.sagepub.com/doi/10.1177/2332858419868158,False,,,,,,,2025-05-13T20:05:19Z,,,,,,Merk2019SmartEvilStudentTeachers,,2025-05-13T20:05:19Z,2025-10-06T03:43:34Z,,,,,,,3,,BHVR24MW,EN,,,,,,,,,1-18,,,,,,,,,,,,,,,,,,15337,5,,
journalArticle,SIMULATION EXTRAPOLATION METHOD FOR MEASUREMENT ERROR: A REVIEW - PMC,"Sevilimedu, Varadan; Yu, Lili",2022-05-23,Statistical Methods in Medical Research,10.1177/09622802221102619,https://pmc.ncbi.nlm.nih.gov/articles/PMC10062410/,False,,,,,,,2025-06-02T19:15:01Z,,,,,,Sevilimedu2022SIMULATIONEXTRAPOLATIONMETHOD,,2025-06-02T19:15:01Z,2025-10-06T03:41:06Z,,,,,,,8,,KJIBAPBK,EN,,,,,,,,,1617-1636,,,,,,,,,,,,,,,,,,15338,31,,
journalArticle,"Revisiting Schachter’s Research on Rejection, Deviance, and Communication (1951)","Wesselman, Eric D.; Willaims, Kipling D.; Pryor, John B.; Eichler, Fredrick A.; Gill, Devin M.; Hogue, John D.",2014,Social Psychology,https://doi.org/10.1027%2F1864-9335%2Fa000180,https://econtent.hogrefe.com/doi/10.1027/1864-9335/a000180,False,,,,,,,2025-05-13T19:46:25Z,,,,,,Wesselman2014RevisitingSchachtersResearch,,2025-05-13T19:46:25Z,2025-10-06T03:38:11Z,,,,,,,3,,NFJH8GTT,EN,,,,,,,,,164-169,,,,,,,,,,,,,,,,,,15339,45,,
journalArticle,Replication Study: Inhibition of BET recruitment to chromatin as an effective treatment for MLL-fusion leukaemia,"Shan, Xiaochuan; Fung, Juan Jose; Kosaka, Alan; Danet-Desnoyers, Gwenn",2017-06-27,eLife,http://dx.doi.org/10.7554/eLife.25306,https://elifesciences.org/articles/25306,False,,,,,,,2025-05-10T06:26:20Z,,,,,,Shan2017ReplicationStudyInhibition,,2025-05-10T06:26:20Z,2025-10-06T03:35:46Z,,,,,,,,,CIWCSEYR,EN,,,,,,,,,,,,,,,,,,,,,,,,,,,15340,6,,
journalArticle,Replication Study: Biomechanical remodeling of the microenvironment by stromal caveolin-1 favors tumor invasion and metastasis,"Sheen, Mee Rie; Fields, Jennifer L; Northan, Brian; Lacoste, Judith; Ang, Lay-Hong; Fiering, Steven",2019-12-17,eLife,https://doi.org/10.7554/eLife.45120,https://elifesciences.org/articles/45120,False,,,,,,,2025-05-13T20:11:52Z,,,,,,Sheen2019ReplicationStudyBiomechanical,,2025-05-13T20:11:52Z,2025-10-06T03:33:08Z,,,,,,,,,T4ZUPKTB,EN,,,,,,,,,,,,,,,,,,,,,,,,,,,15341,8,,
journalArticle,Replication of “Experiencing Physical Warmth Promotes Interpersonal Warmth” by | Social Psychology,"Lynott, Dermot; Corker, Katherine S.; Wortman, Jessica; Connell, Louise; Donnellan, M. Brent; Lucas, Richard E.; O'Brien, Kerry",2014,Social Psychology,https://doi.org/10.1027%2F1864-9335%2Fa000187,https://econtent.hogrefe.com/doi/10.1027/1864-9335/a000187,False,,,,,,,2025-05-10T06:25:09Z,,,,,,Lynott2014ReplicationExperiencingPhysical,,2025-05-10T06:25:09Z,2025-10-06T03:29:10Z,,,,,,,3,,DQXL2EVJ,EN,,,,,,,,,216-222,,,,,,,,,,,,,,,,,,15342,45,,
journalArticle,"Registered Replication Report: Study 1 From Finkel, Rusbult, Kumashiro, & Hannon (2002)","Cheung, I; Campbell, L.; LeBel, E. P.; Ackerman, R. A.; Aykutoğlu, B.; Bahník, Š; Bowen, J. D.; Bredow, C. A.; Bromberg, C.; Caprariello, P. A.; Carcedo, R. J.; Carson, K. J.; Cobb, R. J.; Collins, N. L.; Corretti, C. A.; DiDonato, T. E.; Ellithorpe, C.; Fernández-Rouco, N.; Fuglestad, P. T.; Goldberg, R. M.; Golom, F. D.; Gündoğdu-Aktürk, E.; Hoplock, L. B.; Houdek, P.; Kane, H. S.; Kim, J. S.; Kraus, S.; Leone, C. T.; Li, N. P.; Logan, J. M.; Millman, R. D.; Morry, M. M.; Pink, J. C.; Ritchey, T.; Root Luna, L. M.; Sinclair, H. C.; Stinson, D. A.; Sucharyna, T. A.; Tidwell, N. D.; Uysal, A.; Vranka, M.; Winczewski, L. A.; Yong, J. C.",2016,Perspectives on Psychological Science,http://doi.org/10.1177/1745691616664694,https://journals.sagepub.com/doi/10.1177/1745691616664694,False,,,,,,,2025-05-10T06:24:56Z,,,,,,Cheung2016RegisteredReplicationReport,,2025-05-10T06:24:56Z,2025-10-06T03:26:22Z,,,,,,,5,,FCKUFBXA,,,,,,,,,,750-764,,,,,,,,,,,,,,,,,,15343,11,,
journalArticle,Registered Replication Report: Schooler and Engstler-Schooler (1990),"Alogna, V. K.; Attaya, M. K.; Aucoin, P.; Bahník, Š.; Birch, S.; Birt, A. R.; Bornstein, B. H.; Bouwemeester, S.; Brandimonte, M. A.; Brown, C.; Buswell, K.; Carlson, C.; Carlson, M.; Chu, S.; Cislak, A.; Colarusso, M.; Colloff, M. F.; Dellapaolera, K. S.; Delvenne, J.-F.; Di Domenico, A.; Drummond, A.; Echterhoff, G.; Edlund, J.E.; Eggleston, C. M.; Fairfield, B.; Franco, G.; Gabbert, F.; Gamblin, B. W.; Garry, M.; Gentry, R.; Gilbert, E. A.; Greenberg, D. L.; Halberstadht, J.; Hall, L.; Hancock, P. J. B.; Hirsch, D.; Holt, G.; Jackson, C.; Jong, J.; Kehn, A.; Koch, C.; Kopietz, R.; Körner, U.; Kunar, M. A.; Lai, C. K.; Langton, S. R. H.; Leite, F. P.; Mammarella, N.; Marsh, J. E.; McConnaughy, K. A.; McCoy, S.; McIntyre, A. H.; Meissner, C. A.; Michael, R. B.; Mitchell, A. A.; Mugayar-Baldocchi, M.; Musselman, R.; Ng, C.; Nichols, A. L.; Nunez, N. L.; Palmer, M. A.; Pappagianopoulos, J. E.; Petro, M. S.; Poirier, C. R.; Portch, E.; Rainsford, M.; Rancourt, A.; Romig, C.; Rubínová, E.; Sanson, M.; Satchell, L.; Sauer, J. D.; Schweitzer, K.; Shaheed, J.; Skelton, F.; Sullivan, G. A.; Susa, K. J.; Swanner, J. K.; Thompson, W. B.; Todaro, R.; Ulatowska, J.; Valentine, T.; Verkoeijen, P. P. J. L.; Vranka, M.; Wade, K. A.; Was, C. A.; Weatherford, D.; Wiseman, K.; Zakasaite, T.; Zuj, D. V.; Zwaan, R. A.",2014,Perspectives on Psychological Science,https://doi.org/10.1177/1745691614545653,https://journals.sagepub.com/doi/10.1177/1745691614545653,False,,,,,,,2025-05-10T06:24:38Z,,,,,,Alogna2014RegisteredReplicationReport,,2025-05-10T06:24:38Z,2025-10-06T03:06:44Z,,,,,,,5,,PV3N6648,EN,,,,,,,,,556-578,,,,,,,,,,,,,,,,,,15344,9,,
journalArticle,Registered Replication Report: Hart & Albarracín (2011),"Eerland, A.; Sherrill, A. M.; Magliano, J. P.; Zwaan, R. A.; Arnal, J. D.; Aucoin, P.; Berger, S. A.; Birt, A. R.; Capezza, N.; Carlucci, M.; Crocker, C.; Ferretti, T. R.; Kibbe, M. R.; Knepp, M. M.; Kurby, C. A.; Melcher, J. M.; Michael, S. W.; Poirier, C.; Prenoveau, J. M.",2016,Perspectives on Psychological Science,http://doi.org/10.1177/1745691615605826,https://journals.sagepub.com/doi/10.1177/1745691615605826,False,,,,,,,2025-05-10T06:24:15Z,,,,,,Eerland2016RegisteredReplicationReport,,2025-05-10T06:24:15Z,2025-10-06T01:38:43Z,,,,,,,1,,A28G4KTQ,EN,,,,,,,,,158-171,,,,,,,,,,,,,,,,,,15345,11,,
journalArticle,"Registered Replication Report on Fischer, Castel, Dodd, and Pratt (2003)","Colling, Lincoln J.; Szűcs, Dénes; De Marco, Damiano; Cipora, Krzysztof; Ulrich, Rolf; Nuerk, Hans-Christoph; Soltanlou, Mojtaba; Bryce, Donna; Chen, Sau-Chin; Schroeder, Philipp Alexander; Henare, Dion T.; Chrystall, Christine K.; Corballis, Paul M.; Ansari, Daniel; Goffin, Celia; Sokolowski, H. Moriah; Hancock, Peter J. B.; Millen, Alisa E.; Langton, Stephen R. H.; Holmes, Kevin J.; Saviano, Mark S.; Tummino, Tia A.; Lindermann, Oliver; Zwaan, Rolf A.; Lukavský, Jiří; Becková, Adéla; Vranka, Marek A.; Cutini, Simone; Mammarella, Irene Cristina; Mulatti, Claudio; Bell, Raoul; Buchner, Axel; Mieth, Laura; Roër, Jan Philipp; Klein, Elise; Huber, Stefan; Moeller, Korbinian; Ocampo, Brenda; Lupiáñez, Juan; Ortiz-Tudela, Javier; de la Fuente, Juanma; Santiago, Julio; Ouellet, Marc; Hubbard, Edward M.; Toomarian, Elizabeth Y.; Job, Remo; Treccani, Barbara; McShane, Blakeley B.",2020,Advances in Methods and Practices in Psychological Science,https://doi.org/10.1177/2515245920903079,https://journals.sagepub.com/doi/10.1177/2515245920903079,False,,,,,,,2025-06-09T17:32:11Z,,,,,,Colling2020RegisteredReplicationReport,,2025-06-09T17:32:11Z,2025-10-06T01:34:52Z,,,,,,,2,,7EKB532E,EN,,,,,,,,,143-162,,,,,,,,,,,,,,,,,,15346,3,,
journalArticle,Processing without noticing in inattentional blindness: A replication of Moore and Egeth (1997) and Mack and Rock (1998),"Wood, Katherine; Simons, Daniel J.",2019,"Attention, Perception, & Psychophysics",https://doi.org/10.3758/s13414-018-1629-1,https://link.springer.com/article/10.3758/s13414-018-1629-1,False,,,,,,,2025-05-13T20:05:59Z,,,,,,Wood2019ProcessingNoticingInattentional,,2025-05-13T20:05:59Z,2025-10-06T01:25:20Z,,,,,,,,,HLC5M7QG,,,,,,,,,,1-11,,,,,,,,,,,,,,,,,,15347,81,,
journalArticle,Preregistered Report: The Effects of Marking Methodology on Mate Choice in Drosophila melanogaster,"Tysall, Eirlys E; Pembury Smith, Matilda Q. R.; Gilman, R. Tucker",2020,Animal Behavior and Cognition,https://doi.org/10.26451/abc.07.04.02.2020,https://www.animalbehaviorandcognition.org/article.php?id=1235,False,,,,,,,2025-05-11T10:09:10Z,,,,,,Tysall2020PreregisteredReportEffects,,2025-05-11T10:09:10Z,2025-10-06T01:22:52Z,,,,,,,4,,EKIWUMC6,en,,,,,,,,,492-504,,,,,,,,,,,,,,,Preregistered Report,,,15348,7,,
journalArticle,Preregistered Report: Exploring Decoy Effects on Computerized Task Preferences in Rhesus Monkeys (Macaca mulatta),"Parrish, Audrey E; Afrifa, Elyce; Beran, Michael J",2018,Animal Behavior and Cognition,https://doi.org/10.26451/abc.05.02.06.2018,https://www.animalbehaviorandcognition.org/article.php?id=1145,False,,,,,,,2025-04-23T06:30:43Z,,,,,,Parrish2018PreregisteredReportExploring,,2025-04-23T06:30:43Z,2025-10-06T01:20:46Z,,,,,,,2,,6UQLFC5E,en,,,,,,,,,235-253,,,,,,,,,,,,,,,Preregistered Report,,,15349,5,,
journalArticle,Preregistered Replication of “Affective Flexibility: Evaluative Processing Goals Shape Amygdala Activity”,"Lumian, Daniel S; McRae, Kateri",2017,Psychological Science,doi.org/10.1177/095679761771973,https://journals.sagepub.com/doi/10.1177/0956797617719730,False,,,,,,,2025-04-30T08:01:58Z,,,,,,Lumian2017PreregisteredReplicationAffective,,2025-04-30T08:01:58Z,2025-10-06T01:00:22Z,,,,,,,9,,LP26WHNC,EN,,,,,,,,,1193-1200,,,,,,,,,,,,,,,,,,15350,28,,
journalArticle,"Many Labs 5: Registered Replication of Shnabel and Nadler (2008), Study 4","Baranski, Erica; Baskin, Ernest; Coary, Sean; Ebersole, Charles R; Krueger, Lacy E; Lazarevic, Ljiljana B; Miller, Jeremy K; Orlic, Ana; Penner, Matthew R; Puric, Danka; Rife, Sean C; Vaughn, Leigh Ann; Wichman, Aaron L; Žeželj, Iris",2020,Advances in Methods and Practices in Psychological Science,doi.org/10.1177/2515245920917334,https://journals.sagepub.com/doi/10.1177/2515245920917334,False,,,,,,,2025-06-09T17:35:20Z,,,,,,Baranski2020ManyLabs5,,2025-06-09T17:35:20Z,2025-10-06T00:51:56Z,,,,,,,3,,HMRXTNRK,,,,,,,,,,405-417,,,,,,,,,,,,,,,,,,15352,3,,
journalArticle,Interactive Narratives Affecting Social Change: A Closer Look at the Relationship Between Interactivity and Prosocial Behavior,"Steinermann, Sharon T.; Iten, Glena H.; Opwis, Klaus; Forde, Seamus F.; Frasseck, Lars; Mekler, Elisa D.",2017,Journal of Media Psychology,10.1027/1864-1105/a000211,https://econtent.hogrefe.com/doi/10.1027/1864-1105/a000211,False,,,,,,,2025-04-30T07:54:52Z,,,,,,Steinermann2017InteractiveNarrativesAffecting,,2025-04-30T07:54:52Z,2025-10-05T00:15:17Z,,,,,,,1,,V9VM6KLE,,,,,,,,,,54-56,,,,,,,,,,,,,,,,,,15355,29,,
journalArticle,Further investigations of how rare disaster information affects risk taking: A registered replication report,"Liang, Garston; Newell, Ben; Rakow, Tim; Yechiam, Eldad",2019,Psychonomic Bulletin & Review,https://doi.org/10.3758/s13423-019-01594-w,https://link.springer.com/article/10.3758/s13423-019-01594-w,False,,,,,,,2025-05-13T20:32:52Z,,,,,,Liang2019FurtherInvestigationsHow,,2025-05-13T20:32:52Z,2025-10-05T00:07:37Z,,,,,,,,,4966HT9C,,,,,,,,,,1411-1417,,,,,,,,,,,,,,,,,,15356,26,,
journalArticle,"Estimating the Associations between Big Five Personality Traits, Testosterone, and Cortisol | Adaptive Human Behavior and Physiology","Sundin, Zachary W.; Chopik, William J.; Welker, Keith M.; Ascigil, Esra; Brandes, Cassandra M.; Chin, Kristi; Ketay, Sarah; Knight, Erik L.; Kordsmeyer, Tobias L.; McLarney-Vesorski, Amber R.; Prasad, Smrithi; Reese, Zachary A.; Roy, Ashlin R. K.; Sim, Lester; Stern, Julia; Carre, Justin M.; Edelstein, Robin S.; Mehta, Pranjal H.; Penke, Lars; Slachter, Richard B.; Tackett, Jennifer L.",2021,Adaptive Human Behavior and Physiology,https://doi.org/10.1007/s40750-020-00159-9,https://link.springer.com/article/10.1007/s40750-020-00159-9,False,,,,,,,2025-05-13T20:43:10Z,,,,,,Sundin2021EstimatingAssociationsBig,,2025-05-13T20:43:10Z,2025-10-05T00:01:00Z,,,,,,,,,KJISUM8G,,,,,,,,,,307-340,,,,,,,,,,,,,,,,,,15357,7,,
journalArticle,Effect of Local Norms on Racial and Ethnic Representation in Gifted Education,"Peters, Scott J.; Rambo-Hernandez, Karen; Makel, Matthew C.; Matthews, Michael S.; Plucker, Jonathan A.",2019,AERA Open,https://doi.org/10.1177/2332858419848446,https://journals.sagepub.com/doi/10.1177/2332858419848446,False,,,,,,,2025-04-30T07:40:34Z,,,,,,Peters2019EffectLocalNorms,,2025-04-30T07:40:34Z,2025-10-03T00:25:51Z,,,,,,,2,,ZB248ECG,,,,,,,,,,,,,,,,,,,,,,,,,,,,15358,5,,
journalArticle,"Do Religious Primes Increase Risk Taking? Evidence Against “Anticipating Divine Protection” in Two Preregistered Direct Replications of Kupor, Laurin, and Levav (2015)","Gervais, Will M.; McKee, Stephanie E.; Malik, Sarah",2020,Psychological Science,,https://journals.sagepub.com/doi/10.1177/0956797620922477,False,,,,,,,2025-05-13T20:31:47Z,,,,,,Gervais2020ReligiousPrimesIncrease,,2025-05-13T20:31:47Z,2025-10-03T00:16:23Z,,,,,,,7,,PI5JNYPV,,,,,,,,,,858-864,,,,,,,,,,,,,,,,,,15359,31,,
journalArticle,Big Data as a Governance Mechanism | The Review of Financial Studies | Oxford Academic,"Olsen, Jerome; Kogler, Christoph; Brandt, Mark J.; Dezso, Linda; Kirchler, Erich",2019,Journal of Economic Psychology,https://doi.org/10.1177/21677026251331550,https://academic.oup.com/rfs/article/32/5/2021/5427775,False,,,,,,,2025-04-23T06:20:34Z,,,,,,Olsen2019BigDataGovernance,,2025-04-23T06:20:34Z,2025-10-03T00:09:59Z,,,,,,,,,CD6VFKMM,,,,,,,,,,,,,,,,,,,,,,,,,,,,15360,75,,
journalArticle,Replication Study: A coding-independent function of gene and pseudogene mRNAs regulates tumour biology,"Kerwin, John; Khan, Israr; Biology, Reproducibility Project: Cancer; Iorns, Elizabeth; Tsui, Rachel; Denis, Alexandria; Perfito, Nicole; Errington, Timothy M.",2020-04-21,eLife,https://doi.org/10.7554/eLife.51019,https://elifesciences.org/articles/51019,False,,,,,,Editors' Summary: This Replication Study has reproduced some parts of the original paper but it also contains results that are not consistent with other parts of the original paper.,2025-05-03T23:40:39Z,,,,,,Kerwin2020ReplicationStudyCodingindependent,,2025-05-03T23:40:39Z,2025-10-03T00:04:04Z,,,DOI: 10.7554/eLife.51019,,,,,,VTB5NWWM,en,,,,,,,,,,,,,,eLife Sciences Publications Limited,,,,"© 2020 Kerwin et al.. This article is distributed under the terms of the Creative Commons Attribution License, which permits unrestricted use and redistribution provided that the original author and source are credited.",,,,,,Replication Study,,,15361,9,,
journalArticle,"Academic Harms of Missing High School and the Accuracy of Current Policy Thresholds: Analysis of Preregistered Administrative Data From a California School District - J. Jacob Kirksey, 2019","Kirksey, J. Jacob",2019,AERA Open,10.1177/2332858419867692,https://journals.sagepub.com/doi/10.1177/2332858419867692,False,,,,,,,2025-05-13T20:05:46Z,,,,,,Kirksey2019AcademicHarmsMissing,,2025-05-13T20:05:46Z,2025-10-02T23:58:04Z,,,,,,,3,,TRAY6SD3,,,,,,,,,,1-13,,,,,,,,,,,,,,,,,,15362,5,,
journalArticle,Frontiers | Revisiting Tversky's diagnosticity principle,"Evers, Ellen R.K.; Lakens, Daniel",2014,Frontiers in Psychology,10.3389/fpsyg.2014.00875,https://www.frontiersin.org/journals/psychology/articles/10.3389/fpsyg.2014.00875/full,False,,,,,,,2025-05-13T19:46:36Z,,,,,,Evers2014FrontiersRevisitingTverskys,,2025-05-13T19:46:36Z,2025-10-02T23:23:07Z,,,,,,,,,ZP5TBND9,,,,,,,,,,,,,,,,,,,,,,,,,,,,15364,5,,
journalArticle,Frontiers | On the automatic link between affect and tendencies to approach and avoid: Chen and Bargh (1999) revisited,"Rotteveel, Mark; Gierholz, Alexander; Gijs, Koch; van Aalst, Cherelle; Pinto, Yair; Matzke, Dora; Steingroever, Helen; Verhagen, Josine; Beek, Titia F.; Selker, Ravi; Sasiadek, Adam; Wagenmakers, Eric-Jan",2015,Frontiers in Psychology,http://dx.doi.org/10.3389/fpsyg.2015.00335,https://www.frontiersin.org/journals/psychology/articles/10.3389/fpsyg.2015.00335/full,False,,,,,,,2025-04-30T08:00:18Z,,,,,,Rotteveel2015FrontiersAutomaticLink,,2025-04-30T08:00:18Z,2025-10-02T23:22:39Z,,,,,,,,,3PWMWZ9W,,,,,,,,,,,,,,,,,,,,,,,,,,,,15365,6,,
journalArticle,Frontiers | Number-induced shifts in spatial attention: a replication study,"Zanolie, Kiki; Pecher, Diane",2014,Frontiers in Psychology,https://doi.org/10.3389/fpsyg.2014.00987,https://www.frontiersin.org/journals/psychology/articles/10.3389/fpsyg.2014.00987/full,False,,,,,,,2025-04-30T07:59:57Z,,,,,,Zanolie2014FrontiersNumberinducedShifts,,2025-04-30T07:59:57Z,2025-10-02T23:17:44Z,,,,,,,,,G85KK4ZF,,,,,,,,,,,,,,,,,,,,,,,,,,,,15366,5,,
journalArticle,Frontiers | Is comfort food really good for the soul? A replication of Troisi and Gabriel's (2011) Study 2,"Ong, Lay See; IJzerman, Hans; Leung, Angela K.-Y.",2015,Frontiers in Psychology,https://doi.org/10.3389/fpsyg.2015.00314,https://www.frontiersin.org/journals/psychology/articles/10.3389/fpsyg.2015.00314/full,False,,,,,,,2025-04-30T07:55:52Z,,,,,,Ong2015FrontiersComfortFood,,2025-04-30T07:55:52Z,2025-10-02T23:14:54Z,,,,,,,,,CFY6AGKJ,,,,,,,,,,,,,,,,,,,,,,,,,,,,15367,6,,
journalArticle,"Experimental Evidence on the Effects (or Lack Thereof) of Informational Framing During the College Transition - Jenna W. Kramer, 2020","Kramer, Jenna W.",2020,AERA Open,,https://journals.sagepub.com/doi/10.1177/2332858420908536,False,,,,,,,2025-05-13T20:05:33Z,,,,,,Kramer2020ExperimentalEvidenceEffects,,2025-05-13T20:05:33Z,2025-10-02T23:02:19Z,,,,,,,1,,B3Z3TAQY,,,,,,,,,,1-20,,,,,,,,,,,,,,,,,,15368,6,,
journalArticle,Functional connectivity heterogeneity and consequences for clinical and cognitive prediction: Stage 2 registered report,"Mattoni, Matthew; Smith, David V.; Chein, Jason; Olino, Thomas M.",2025-08-12,Imaging Neuroscience,10.1162/IMAG.a.107,https://doi.org/10.1162/IMAG.a.107,False,,,2837-6056,,,"Functional connectivity is frequently used to assess dynamic brain functioning and predict individual differences in behavioral outcomes, such as psychopathology. Inferences from functional connectivity analyses typically rely on group-averaged model statistics. However, heterogeneity between individuals may lead to group-level models that poorly reflect each individual. Poor individual-level precision may limit the ability to make individual-level predictions, which is necessary for key goals such as clinical translation. This registered report examined between-person heterogeneity in resting-state functional connectivity strength patterns by assessing similarity between group- and individual-level connectivity models in the Adolescent Brain Cognitive Development study. Using intraclass correlation coefficients, we found that a group-averaged region-of-interest-based connectivity model was a poor reflection of every individual. In contrast, a group-averaged model of between- and within-network connectivity was a good representation of most individuals. We then examined how individual-level distinctness from the group moderated predictive performance of several clinical and neurocognitive scales. Hypotheses that group-to-individual dissimilarity would worsen behavioral prediction were not supported with primary clinical outcomes. The little psychopathology reported in this sample was a notable limitation. In contrast, lower similarity to the group worsened prediction of performance on the pattern comparison test, providing minor support for hypotheses. Overall, results suggest that region-of-interest-based functional connectivity networks are highly heterogeneous and group-based models are inappropriate for individual-level inferences, but that network-based connectivity is largely similar across individuals. Additionally, we provide minor evidence of the impacts of heterogeneity on prediction that future studies should build on.",2025-10-02T19:13:59Z,,,,,,Mattoni2025FunctionalConnectivityHeterogeneity,,2025-10-02T19:13:59Z,2025-10-02T19:13:59Z,,,,,,,,,YGYBZKHR,,Silverchair,,,,,,,,IMAG.a.107,,,,,,,,,,,,,,,Functional connectivity heterogeneity and consequences for clinical and cognitive prediction,,,15370,3,,
journalArticle,"A climate action intervention boosts 10 pro-environmental psychological triggers, increases climate advocacy and sustainable eating, and supports climate education behaviors","Castiglione, Anna; Brick, Cameron; Esposito, Gianluca; Bizzego, Andrea",2025-07-09,,,https://osf.io/https://osf.io/m6dfj?view_only=511cf9f0b45c413088811c2a490290d2,False,Preprint,,,,,Presented by OSF,2025-10-02T19:12:56Z,,,,,,Castiglione2025ClimateActionIntervention,,2025-10-02T19:12:56Z,2025-10-02T19:13:31Z,,,,,,,,,ZBBJDH6I,en-us,osf.io,,,,,,,,,,,,,Open Science Framework,,,,,,,,,,,,,15371,,,
journalArticle,"Replicating Roaches: A Preregistered Direct Replication of Zajonc, Heingartner, and Herman’s (1969) Social-Facilitation Study","Halfmann, Emma; Bredehoft, Janne; Hausser, Jan Alexander",2020,Psychological Science,,https://journals.sagepub.com/doi/10.1177/0956797620902101,False,,,,,,,2025-05-13T20:31:38Z,,,,,,Halfmann2020ReplicatingRoachesPreregistered,,2025-05-13T20:31:38Z,2025-10-02T18:25:43Z,,,,,,,3,,5CBASM7U,,,,,,,,,,332-337,,,,,,,,,,,,,,,,,,15372,31,,
preprint,Confusion in Gaming Disorder Measurement,"Adamkovic, Matus; Martončik, Marcel; Jin, Yaewon; Karhulahti, Veli-Matti",2025-06-30,,10.31219/osf.io/k4phv_v3,https://osf.io/k4phv_v3,False,,,,,,"One of the key areas in the scientific programs of addictive behaviors is the research on measurement. In the present study, we focus on the survey measurement of gaming disorder. In particular, we tested the gambling hypotheses: whether survey studies on gaming disorder are potentially contaminated by gambling behavior data and thus do not reflect actual gaming behaviors. A systematic review of survey materials among the most cited studies (N=500) provided confirmatory evidence for a systematic error in the literature. The majority of research in the field is contaminated by a measurement error stemming from conceptual confusion. This problem is linguistic and does not concern all languages to the same degree. Additionally, we surveyed English (n=312) and Slovak (n=319) people to explore further reasons for the error. Exploration revealed various terminological confusions in both languages. For instance, half of the participants (EN=48.7%/SK=59.1%) interpreted “gambling” to also refer to “gaming”, including offline gambling like poker (EN=68.6%/SK=62.5%). Meanwhile, the majority interpreted offline activities like board games (EN=50.3%/SK=62%) to be gaming too. The findings suggest that the systematic measurement error is unlikely to be easily correctable through self-report instructions, as people interpret gaming and gambling in many inconsistent ways. We recommend gaming disorder research to seek alternatives to survey data.",2025-10-02T18:10:51Z,,,,,,Adamkovic2025ConfusionGamingDisorder,,2025-10-02T18:10:51Z,2025-10-02T18:11:38Z,,,,,,,,,3C5QZELA,en-us,OSF Preprints,,,,,,,,,,,,,,,,OSF,,,,,,,,,,15373,,,
journalArticle,Neural correlates of line bisection and landmark tasks in neurotypical people: A registered systematic review and SDM-PSI meta-analysis of fMRI studies,"Burns, Nicola; McIntosh, Robert; Silson, Edward",2025-05-27,,,https://osf.io/https://osf.io/ctskm,False,,,,,,Presented by OSF,2025-10-02T16:51:28Z,,,,,,Burns2025NeuralCorrelatesLine,,2025-10-02T16:51:28Z,2025-10-02T16:51:36Z,,,,,,,,,3CUISQ3W,en-us,osf.io,,,,,,,,,,,,,Open Science Framework,,,,,,,,,,,,,15378,,,
journalArticle,Mapping Psychology Students’ Conversations with a Large Language Model (LLM) Powered Statistics Chatbot,"Bergmann, Leonardo; Tran, Ulrich; Britz, Luis; Roth, Benjamin",2025-06-03,,,https://osf.io/https://osf.io/2bjtc,False,,,,,,Presented by OSF,2025-10-02T16:43:51Z,,,,,,Bergmann2025MappingPsychologyStudents,,2025-10-02T16:43:51Z,2025-10-02T16:44:01Z,,,,,,,,,MMUJH32Q,en-us,osf.io,,,,,,,,,,,,,Open Science Framework,,,,,,,,,,,,,15381,,,
preprint,The Harmful Dysfunction Analysis applied to the concept of behavioral addiction: A secondary analysis of data from the Health Behaviour in School-aged Children 2018,"Amendola, Simone; Hengartner, Michael; Wakefield, Jerome",2025-05-19,,10.31219/osf.io/atwgy_v3,https://osf.io/atwgy_v3,False,Preprint,,,,,"Objective: The study's principal aim was to explore the usefulness of the Harmful Dysfunction Analysis (HDA) in identifying individuals with pathological social media use (PSMU) and potentially other behavioral addictions as an alternative to using DSM-5-TR-based diagnostic criteria for substance use disorders (SUD) or research criteria for internet gaming disorder (GD). Method: Using Swiss data (N = 7,510) from the Health Behaviour in School-aged Children Study 2018, we tested weaker (HDA1) and stronger (HDA2) HDA versions. We examined differences between HDA cases and non-cases, convergence between different scoring methods, and between groups differences distinct to each scoring method (i.e., non-overlapping cases) on measures of physical health (physical activity and body mass index) and mental health (psychosomatic health, life satisfaction, school well-being), with models adjusted for age, gender, migration status, and family affluence. Data from Hungary (N = 3,789) was selected to repeat the analysis as a sensitivity investigation. Results: SUD-based scoring yielded the highest PSMU prevalence of 33.2% while GD-based prevalence was 9%. HDA1 and HDA2 scorings yielded PSMU prevalence of 22.2% and 4.2%, respectively. HDA1-based PSMU cases showed poorer physical and mental health than non-cases with differences of small-to-medium effect size, whereas HDA2 differences were of large effect size. SUD-based cases that overlapped with HDA scoring showed worse physical and mental health than non-overlapping SUD-based cases. Non-overlapping GD and HDA cases showed no significant differences on validators that survived the sensitivity evaluation. Conclusions: HDA may reduce PSMU prevalence while preserving conceptual and clinical validity. The more demanding HDA2 approach exhibited more convincing validator results than HDA1. From the HDA perspective, substantial SUD-based cases were false positives whereas GD-based scoring produced both false positives and negatives. Our findings suggest that further examination of HDA for advancing the conceptualization of addictive disorders is warranted.",2025-10-02T16:37:58Z,,,,,,Amendola2025HarmfulDysfunctionAnalysis,,2025-10-02T16:37:58Z,2025-10-02T16:38:03Z,,,,,,,,,TJI8S7ZL,en-us,OSF Preprints,,,,,,,,,,,,,,,,OSF,,,,,,,The Harmful Dysfunction Analysis applied to the concept of behavioral addiction,,,15386,,,
journalArticle,"See Me, Judge Me, Pay Me: Gendered Effort Moralization in Work and Care","Roth, Leopold H. O.; Tissot, Tassilo T.; Fischer, Thea; Masak, Sophie C.; van Ravenzwaaij, Don",2025-06-24,Collabra: Psychology,10.1525/collabra.140759,https://doi.org/10.1525/collabra.140759,False,,,2474-7394,,,"Displaying high effort at work is rewarded with more positive moral judgments (effort moralization effect) and increased cooperation partner attractiveness. This holds, even if higher effort is unrelated to better performance. Yet, current evidence is exclusively based on males, mostly situated in the work context. This prohibits generalization to the full population and neglects critical aspects of our lives, such as the care context (e.g., unpaid care for elders). To address this gap, we conducted two Studies (Study 1: Nwork = 859, Study 2: Ncare = 701) testing the effect between genders and contexts—work and care. Study materials featured two actors performing the same task, requiring different levels of effort (high/low). Participants rated the actor’s morality, suggested hourly salary, and reported their satisfaction to cooperate with them as assigned partners. The results confirmed the effort moralization effect in work contexts but were mixed for the care context, potentially due to the inherently moral nature of the behavior. There were no gender differences, supporting the demographic generalizability of the effect. Effort did not influence suggested pay, and participants expressed greater satisfaction with low-effort actors as assigned cooperation partners. While further research is needed to explore the boundary conditions of effort moralization in different contexts, the findings support its role as a robust heuristic for moral judgment in the work context.",2025-10-02T16:35:41Z,,,,,,Roth2025SeeMeJudge,,2025-10-02T16:35:41Z,2025-10-02T16:35:41Z,,,,,,,1,Collabra: Psychology,IK95ZTRY,,Silverchair,,,,,,,,140759,,,,,,,,,,,,,,,"See Me, Judge Me, Pay Me",,,15389,11,,
journalArticle,The order of task decisions and confidence ratings has little effect on metacognition,"Matthews, Julian R.; Sugihara, Narumi; Nagisa, Sofia; Ohashi, Hiroki; Shibata, Kazuhisa",2025-09-29,Communications Psychology,10.1038/s44271-025-00321-7,https://www.nature.com/articles/s44271-025-00321-7,False,,,2731-9121,,,"Task decisions and confidence ratings are fundamental measures in metacognition research, but using these reports requires collecting them in some order. Only three orders exist and are used in an ad hoc manner across studies. Evidence suggests that when task decisions precede confidence, this report order can enhance metacognition. If verified, this effect pervades studies of metacognition and will lead the synthesis of this literature to invalid conclusions. In this Registered Report, we tested the effect of report order across popular domains of metacognition and probed two factors that may underlie why order effects have been observed in past studies: report time and motor preparation. We examined these effects in a perception experiment (n = 75) and memory experiment (n = 50), controlling task accuracy and learning. Our registered analyses found little effect of report order on metacognitive efficiency, even when timing and motor preparation were experimentally controlled. Our findings suggest the order of task decisions and confidence ratings has little effect on metacognition, and need not constrain secondary analysis or experimental design.",2025-10-02T16:30:53Z,,,,,,Matthews2025OrderTaskDecisions,,2025-10-02T16:30:53Z,2025-10-02T16:31:00Z,,,,,,,1,Commun Psychol,GAJRJ22E,en,www.nature.com,,,,,,,,140,,,,,Nature Publishing Group,,,,2025 The Author(s),,,,,,,,,15390,3,,
journalArticle,"Religion, parochialism and intuitive cooperation | Nature Human Behaviour","Isler, Ozan; Yilmaz, Onurcan; Maule, A. John",2021,Nature Human Behaviour,,https://www.nature.com/articles/s41562-020-01014-3,False,,,,,,,2025-06-09T17:25:16Z,,,,,,Isler2021ReligionParochialismIntuitive,,2025-06-09T17:25:16Z,2025-10-02T09:21:18Z,,,,,,,,,DURFPMKU,,,,,,,,,,512-521,,,,,,,,,,,,,,,,,,15391,5,,
journalArticle,"Video Game Use as Risk Exposure, Protective Incapacitation, or Inconsequential Activity Among University Students","Ivory, Adrienne Holz; Ivory, James D.; Lanier, Madison",2017-03-21,Journal of Media Psychology,,https://econtent.hogrefe.com/doi/10.1027/1864-1105/a000210,False,,,1864-1105,,,"Abstract. While there is extensive literature exploring the possible negative effects of video games, and many such studies using college student samples, there is little research on how video game...",2025-05-01T01:50:28Z,,,world,,,Ivory2017VideoGameUse,,2025-05-01T01:50:28Z,2025-10-02T08:23:15Z,,,,,,,1,,DW2AFIVS,en,econtent.hogrefe.com,,,,,,,,53,,,,,Hogrefe Publishing,,,,,,,,,,,,,15394,29,,
journalArticle,Transitioning Through Emerging Adulthood and Physical Health Implications,"Barlett, Christopher P.; Barlett, Natalie D.; Chalk, Holly McCartney",2020,Emerging Adulthood,10.1177/2167696818814642,https://journals.sagepub.com/doi/10.1177/2167696818814642,False,,,,,,,2025-05-13T20:12:02Z,,,,,,Barlett2020TransitioningEmergingAdulthood,,2025-05-13T20:12:02Z,2025-10-02T08:22:23Z,,,,,,,4,,ELMK9EC9,,,,,,,,,,297-305,,,,,,,,,,,,,,,,,,15395,8,,
journalArticle,Changes in memory function in adults following SARS-CoV-2 infection: findings from the Covid and Cognition online study,"Weinerova, Josefina; Tibon, Roni",2025-05-13,Peer Community in Registered Reports,,https://osf.io/https://osf.io/sxh7t,False,Preprint,,,,,Presented by OSF,2025-10-02T07:19:15Z,,,,,,Weinerova2025ChangesMemoryFunction,,2025-10-02T07:19:15Z,2025-10-02T07:19:56Z,,,,,,,,,YC7PEY2V,en-us,osf.io,,,,,,,,,,,,,Open Science Framework,,,,,,,,,,,,,15397,,,
journalArticle,The longitudinal interplay between personal values and subjective well-being: A registered report,"Grosz, Michael P; Schwartz, Shalom H; Lechner, Clemens M",2021,European Journal of Personality,10.1177/08902070211012923,https://journals.sagepub.com/doi/10.1177/08902070211012923,False,,,,,,,2025-06-09T17:27:32Z,,,,,,Grosz2021LongitudinalInterplayPersonal,,2025-06-09T17:27:32Z,2025-10-02T07:18:36Z,,,,,,,6,,E3VXTND4,,,,,,,,,,881-897,,,,,,,,,,,,,,,,,,15399,35,,
preprint,Language models accurately infer correlations between psychological items and scales from text alone,"Hommel, Björn; Arslan, Ruben",2025-05-03,,10.31234/osf.io/kjuce_v5,https://osf.io/kjuce_v5,False,,,,,,"Many behavioural scientists do not agree on core constructs and how they should be measured. Different literatures measure related constructs, but the connections are not always obvious to readers and meta-analysts. Many measures in behavioural science are based on agreement with survey items. Because these items are sentences, computerised language models can make connections between disparate measures and constructs and help researchers regain an overview over the rapidly growing, fragmented literature. Our fine-tuned language model, the SurveyBot3000, accurately predicts the correlations between survey items, the reliability of aggregated measurement scales, and intercorrelations between scales from item positions in semantic vector space. In our pilot study, the out-of-sample accuracy for item correlations was .71, .89 for reliabilities, and .89 for scale correlations. In our preregistered validation study using novel items, the out-of-sample accuracy was slightly reduced to .59 for item correlations, .84 for reliabilities, and .84 for scale correlations. The synthetic item correlations showed an average prediction error of .17, with larger errors for middling correlations. Predictions exhibited generalizability beyond the training data and across various domains, with some variability in accuracy. Our work shows language models can reliably predict psychometric relationships between survey items, enabling researchers to evaluate new measures against existing scales, reduce redundancy in measurement, and work towards a more unified behavioural science taxonomy.",2025-10-02T07:12:14Z,,,,,,Hommel2025LanguageModelsAccurately,,2025-10-02T07:12:14Z,2025-10-02T07:12:55Z,,,,,,,,,XJZHEBNX,en-us,OSF Preprints,,,,,,,,,,,,,,,,OSF,,,,,,,,,,15401,,,
journalArticle,The Impact of Immersive Technology on Nature Relatedness and Pro-Environmental Behavior | Journal of Media Psychology,"Soliman, Monica; Peetz, Johanna; Davydenko, Mariya",2017,Journal of Media Psychology,10.1027/1864-1105/a000213,https://econtent.hogrefe.com/doi/10.1027/1864-1105/a000213,False,,,,,,,2025-05-13T19:50:06Z,,,,,,Soliman2017ImpactImmersiveTechnology,,2025-05-13T19:50:06Z,2025-10-02T06:53:07Z,,,,,,,1,,4F7SKG3F,EN,,,,,,,,,8-17,,,,,,,,,,,,,,,,,,15403,29,,
journalArticle,"Unveiling the Positivity Bias on Social Media: A Registered Experimental Study on Facebook, Instagram, and X","Masciantonio, Alexandra; Heiser, Neele; Cherbonnier, Anthony; Ravenzwaaij, Don van",2025-03-26,Collabra: Psychology,10.1525/collabra.132410,https://doi.org/10.1525/collabra.132410,False,,,2474-7394,,,"Social media has transformed how people engage with the world around them. The positivity bias on social media, in particular, warrants in-depth investigation. This is particularly true as previous research has concentrated on one specific platform, Facebook. Based on a pilot study of 279 university students, this pre-registered experimental research used a mixed design to examine the positivity bias on Facebook, Instagram and Twitter/X. After recalling a personal event, 312 participants were randomly assigned to imagine telling this event to a group of friends and sharing it on social media (Facebook vs. Instagram vs. Twitter/X). Several characteristics were examined through repeated measures ANCOVAs including the texts’ valence and the usage of emoji. Contrary to the pilot results, we found no significant differences in how events were reported. We, however, found significant differences between platforms. Specifically, messages posted on Twitter/X had a more negative valence than those posted on Instagram and Facebook. The positivity bias, often associated with social media, may therefore not necessarily represent a bias per se, but only a form of positive self-presentation that is consistent across contexts. These findings highlight the importance of focusing on platform characteristics, such as architecture, affordances, and socio-cultural context. This study advances our understanding of the positivity bias across multiple platforms through a pre-registered experimental approach.",2025-10-02T05:40:04Z,,,,,,Masciantonio2025UnveilingPositivityBias,,2025-10-02T05:40:04Z,2025-10-02T05:40:04Z,,,,,,,1,Collabra: Psychology,WMVNDG5Y,,Silverchair,,,,,,,,132410,,,,,,,,,,,,,,,Unveiling the Positivity Bias on Social Media,,,15404,11,,
journalArticle,The Ego’s Bodyguard: The Role of Personality in Self-Protective Reactions,"Heine, Christoph; Schmukle, Stefan C.; Dufner, Michael",2025-06-28,Social Psychological and Personality Science,10.1177/19485506251345925,https://doi.org/10.1177/19485506251345925,False,,,1948-5506,,,"When faced with self-threat, people often engage in self-protective reactions. Yet not everyone does. The extent to which self-protection occurs, is thought to depend on people’s personality. We put this claim to test by considering multiple personality traits from different content domains. In an experiment, participants (N = 1744) performed a bogus performance test and received negative versus positive feedback. As an indicator of self-protective reactions, we assessed participants’ tendency to question the validity of the test. We found that high self-esteem and high narcissism predicted stronger self-protective reactions, particularly when these traits were assessed in the content domain targeted by the negative feedback. Contrary to our hypotheses, the self-insight motive and mindfulness also predicted stronger (and not weaker) self-protective reactions. These findings provide better understanding of the role that personality plays in motivated reasoning.",2025-10-02T05:22:43Z,,,,,,Heine2025EgosBodyguardRole,,2025-10-02T05:22:43Z,2025-10-02T05:22:43Z,,,,,,,,,NG7D8EG8,EN,SAGE Journals,,,,,,,,19485506251345925,,,,,SAGE Publications Inc,,,,,,,,,,The Ego’s Bodyguard,,,15405,,,
journalArticle,Can location cues facilitate attentional suppression?,"Poole, Daniel; Grange, Jim; Milne, Elizabeth",2025-07-03,Quarterly Journal of Experimental Psychology,10.1177/17470218251357942,https://doi.org/10.1177/17470218251357942,False,,,1747-0218,,,"The spatial cueing paradigm has illustrated that location cues result in attentional enhancement of target stimuli. However, evidence is mixed on whether proactive attentional suppression can be cued similarly. In this registered report, we used a hybrid flanker-visual search-spatial cueing paradigm in which participants were presented with informative or non-informative cues regarding the upcoming location of a target feature matching a distractor in the search array. We aimed to replicate and extend a previous study which found evidence that cues support attentional suppression. We repeated the experiment with informative and non-informative cue conditions blocked (Experiment 2) and with possible target and distractor locations separated (Experiment 3). Across all three experiments (total n = 554), we did not observe any evidence of cueing-enhanced attentional suppression. In Experiments 1 and 3, participant responses were slightly slower in the informative cue condition, suggesting that the cue itself captured attention when the cue type was interleaved and thus unpredictable trial-to-trial. Surprisingly, post-experiment assessment of distractor learning suggested participants had not learnt the association between cue and distractor location in any experiment. These findings do not support spatial cue-enhanced attentional suppression.",2025-10-02T05:22:17Z,,,,,,Poole2025CanLocationCues,,2025-10-02T05:22:17Z,2025-10-02T05:22:17Z,,,,,,,,,AFJJA5DI,EN,SAGE Journals,,,,,,,,17470218251357942,,,,,SAGE Publications,,,,,,,,,,,,,15406,,,
journalArticle,The Effects of Mindfulness Meditation on Mechanisms of Attentional Control in Young and Older Adults: A Preregistered Eye Tracking Study,"Kim, Andy Jeesu; Chen, Keran; Tian, Ying; Mather, Mara",2025/07/01,eNeuro,10.1523/ENEURO.0356-23.2025,https://www.eneuro.org/content/12/7/ENEURO.0356-23.2025,False,,,2373-2822,,40623834,"Neuroimaging data reveal that a functional locus ceruleus-noradrenaline (LC-NA) system is critical in maintaining cognitive performance during aging. However, older adults show reduced LC integrity and altered functional connectivity, demonstrating both structural declines and dysfunction. The LC-NA system mediates mechanisms of attention processing and eye tracking studies have shown that older adults are slower and more distractible compared with young adults in visual search tasks. Prior studies have shown that mindfulness meditation modulates LC noradrenergic activity, increases gray matter volume in the brainstem, and improves attentional control. Thus, in a preregistered longitudinal study, we investigated whether 30 d of guided mindfulness meditation using a mobile application improved attentional control measured with eye movements. We hypothesized that older adults would show greater benefits from the mindfulness intervention compared with young adults. In two oculomotor search tasks, we identified that guided mindfulness practice improved saccadic reaction times, but that other longitudinal benefits in goal-directed attentional control or distractibility by task-irrelevant salient stimuli may be from repeated practice. Furthermore, we did not find evidence for age differences in response to the mindfulness intervention between young, middle-aged, and older adults, nor among scores on mindfulness questionnaires. Our findings show that short-term mindfulness practice can modulate cognition, specifically with the speed of overt orienting of attention that may not be observable in self-report measures. This study is the first to show the utility of mindfulness on cognition using a highly reliable measure in eye movements and suggests future longer-term intervention studies may be warranted.",2025-10-02T05:11:28Z,,,,,,Kim2025EffectsMindfulnessMeditation,,2025-10-02T05:11:28Z,2025-10-02T05:14:50Z,,,Section: Research Article: New Research - Registered Report,,,,7,eNeuro,322LBD96,en,www.eneuro.org,,,,,,,,,,,,,Society for Neuroscience,,,,"Copyright © 2025 Kim et al.. This is an open-access article distributed under the terms of the Creative Commons Attribution 4.0 International license, which permits unrestricted use, distribution and reproduction in any medium provided that the original work is properly attributed.",,,,,,The Effects of Mindfulness Meditation on Mechanisms of Attentional Control in Young and Older Adults,,,15409,12,,
journalArticle,Wakefulness can be distinguished from general anesthesia and sleep in flies using a massive library of univariate time series analyses,"Leung, Angus; Mahmoud, Ahmed; Jeans, Travis; Fulcher, Ben D.; Swinderen, Bruno van; Tsuchiya, Naotsugu","Jul 10, 2025",PLOS Biology,10.1371/journal.pbio.3003217,https://journals.plos.org/plosbiology/article?id=10.1371/journal.pbio.3003217,False,,,1545-7885,,,"The neural mechanisms of consciousness remain elusive. Previous studies on both human and non-human animals, through manipulation of level of conscious arousal, have reported that specific time-series features correlate with level of consciousness, such as spectral power in certain frequency bands. However, such features often lack principled, theoretical justifications as to why they should be related with level of consciousness. This raises two significant issues: firstly, many other types of times-series features which could also reflect conscious level have been ignored due to researcher biases toward specific analyses; and secondly, it is unclear how to interpret identified features to understand the neural activity underlying consciousness, especially when they are identified from recordings which summate activity across large areas such as electroencephalographic recordings. To address the first concern, here we propose a new approach: in the absence of any theoretical priors, we should be maximally agnostic and treat as many known features as feasible as equally promising candidates. To apply this approach, we use highly comparative time-series analysis (hctsa), a toolbox which provides over 7,700 different univariate time-series features originating from different research fields. To address the second issue, we employ hctsa to high-quality neural recordings from a relatively simple brain, the fly brain (Drosophila melanogaster), extracting features from local field potentials during wakefulness, general anesthesia, and sleep. At Stage 1 of this registered report, we constructed a classifier for each feature, for discriminating wakefulness and anesthesia in a discovery group of flies (N = 13). At Stage 2, we assessed their performances on four independent groups of evaluation flies, from which recordings were made during anesthesia and sleep, and which were originally blinded to the data analysis team (N = 49). We found only 47 time-series features, applied to recordings obtained from the center of the fly brain, to also significantly classify wake from anesthesia or sleep in all 4 of these evaluation datasets. Most of these were related to autocorrelation, and they indicated that signals during wakefulness remained correlated to their past for a longer timescale than during anesthesia and sleep. Meanwhile, time-series features related to well-known potential markers of consciousness, such as those related to complexity or spectral power, failed to generalize across all the flies. However, many of these complexity and spectral features have a consistent direction of effect due to anesthesia or sleep across flies, suggesting that even slight variations in experiment setup can reduce generalizability of classifiers. These results caution the current state of frequent discoveries of new potential consciousness markers, which may not generalize across datasets, and point to autocorrelation as a class of dynamical properties which does.",2025-10-02T05:14:06Z,,,,,,Leung2025WakefulnessCanBe,,2025-10-02T05:14:06Z,2025-10-02T05:14:45Z,,,,,,,7,PLOS Biology,TGUMSRA7,en,PLoS Journals,,,,,,,,e3003217,,,,,Public Library of Science,,,,,,,,,,,,,15410,23,,
journalArticle,Exploring decoy effects on computerized task preferences in rhesus monkeys (Macaca mulatta).,"Parrish, Audrey E.; Afrifa, Elyce; Beran, Michael J.",2018-4-30,Animal Behavior and Cognition,10.26451/abc.05.02.06.2018,http://www.animalbehaviorandcognition.org/article.php?id=1145,False,,,"23725052, 23724323",,,"The asymmetric dominance effect or decoy effect emerges when a third inferior option is introduced to a choice set. The decoy option, although typically not chosen, impacts relative preference for the original two options. This decisional bias stands in contrast with rational choice theory, which dictates that choice behavior should remain consistent for the original options with the addition of different alternatives to a choice set such as the decoy. In the current study, we assessed the decoy effect in rhesus monkeys using a computerized task battery that introduced two different computerized tasks, including a matching-to-sample task and a psychomotor task called PURSUIT. Decoy tasks were designed such that they were inferior versions of these original task options, requiring longer time to completion (via slowed cursor speeds) and subsequently reduced reinforcement rates. Monkeys learned to associate unique icons for each task (including for decoy tasks), and used these icons to select their preferred task from a choice set of two to three task options. Monkeys learned to perform all tasks, but did not show evidence of the decoy effect using this task preference paradigm. We discuss the role of initial task preference (and task biases), task type (symbolic vs. perceptual), and decoy effect sizes in light of these findings. We contrast the current results to previous findings of the decoy effect in rhesus monkeys using a perceptual paradigm as well as to other evidence of the decoy effect in non-primate animal species.",2025-09-29T23:29:10Z,,,,,,Parrish2018ExploringDecoyEffects,,2025-09-29T23:29:10Z,2025-09-29T23:29:11Z,,,,,,,2,AB&C,P3D6ZYFW,en,DOI.org (Crossref),,,,,,,,,,,,,,,,,,,,,,,,,,15412,5,,
journalArticle,Registered Replication Report on Srull and Wyer (1979),"McCarthy, Randy J.; Skowronski, John J.; Verschuere, Bruno; Meijer, Ewout H.; Jim, Ariane; Hoogesteyn, Katherine; Orthey, Robin; Acar, Oguz A.; Aczel, Balazs; Bakos, Bence E.; Barbosa, Fernando; Baskin, Ernest; Bègue, Laurent; Ben-Shakhar, Gershon; Birt, Angie R.; Blatz, Lisa; Charman, Steve D.; Claesen, Aline; Clay, Samuel L.; Coary, Sean P.; Crusius, Jan; Evans, Jacqueline R.; Feldman, Noa; Ferreira-Santos, Fernando; Gamer, Matthias; Gerlsma, Coby; Gomes, Sara; González-Iraizoz, Marta; Holzmeister, Felix; Huber, Juergen; Huntjens, Rafaele J. C.; Isoni, Andrea; Jessup, Ryan K.; Kirchler, Michael; klein Selle, Nathalie; Koppel, Lina; Kovacs, Marton; Laine, Tei; Lentz, Frank; Loschelder, David D.; Ludvig, Elliot A.; Lynn, Monty L.; Martin, Scott D.; McLatchie, Neil M.; Mechtel, Mario; Nahari, Galit; Özdoğru, Asil Ali; Pasion, Rita; Pennington, Charlotte R.; Roets, Arne; Rozmann, Nir; Scopelliti, Irene; Spiegelman, Eli; Suchotzki, Kristina; Sutan, Angela; Szecsi, Peter; Tinghög, Gustav; Tisserand, Jean-Christian; Tran, Ulrich S.; Van Hiel, Alain; Vanpaemel, Wolf; Västfjäll, Daniel; Verliefde, Thomas; Vezirian, Kévin; Voracek, Martin; Warmelink, Lara; Wick, Katherine; Wiggins, Bradford J.; Wylie, Keith; Yıldız, Ezgi",2018-09-01,Advances in Methods and Practices in Psychological Science,10.1177/2515245918777487,https://doi.org/10.1177/2515245918777487,False,Replication,,2515-2459,,,"Srull and Wyer (1979) demonstrated that exposing participants to more hostility-related stimuli caused them subsequently to interpret ambiguous behaviors as more hostile. In their Experiment 1, participants descrambled sets of words to form sentences. In one condition, 80% of the descrambled sentences described hostile behaviors, and in another condition, 20% described hostile behaviors. Following the descrambling task, all participants read a vignette about a man named Donald who behaved in an ambiguously hostile manner and then rated him on a set of personality traits. Next, participants rated the hostility of various ambiguously hostile behaviors (all ratings on scales from 0 to 10). Participants who descrambled mostly hostile sentences rated Donald and the ambiguous behaviors as approximately 3 scale points more hostile than did those who descrambled mostly neutral sentences. This Registered Replication Report describes the results of 26 independent replications (N = 7,373 in the total sample; k = 22 labs and N = 5,610 in the primary analyses) of Srull and Wyer’s Experiment 1, each of which followed a preregistered and vetted protocol. A random-effects meta-analysis showed that the protagonist was seen as 0.08 scale points more hostile when participants were primed with 80% hostile sentences than when they were primed with 20% hostile sentences (95% confidence interval, CI = [0.004, 0.16]). The ambiguously hostile behaviors were seen as 0.08 points less hostile when participants were primed with 80% hostile sentences than when they were primed with 20% hostile sentences (95% CI = [−0.18, 0.01]). Although the confidence interval for one outcome excluded zero and the observed effect was in the predicted direction, these results suggest that the currently used methods do not produce an assimilative priming effect that is practically and routinely detectable.",2025-05-01T01:32:11Z,,,,,,McCarthy2018RegisteredReplicationReport,,2025-05-01T01:32:11Z,2025-09-29T23:16:08Z,,,,,,,3,,3WSDS43X,EN,SAGE Journals,,,,,,,,321-336,,,,,SAGE Publications Inc,,,,,,,,,,,,,15413,1,,
journalArticle,Proactive and retroactive effects of novelty and rest on memory,"Raza, Sumaiyah; Schomaker, Judith; Quent, Jörn Alexander; Anderson, Michael C; Henson, Richard N",2025-05-21,Quarterly Journal of Experimental Psychology,10.1177/17470218251346156,https://doi.org/10.1177/17470218251346156,False,Bayesian Statistics,,1747-0218,,,"Novel experiences appear to benefit memory for unrelated information encoded shortly before or after. Other research suggests that memory is impaired by effortful tasks following encoding, compared to simply resting. This registered report explicitly tested the proactive and retroactive effects of novel exploration and wakeful rest. Four groups of participants explored a novel or familiarised virtual environment, either shortly before or shortly after encoding a list of unrelated words. A fifth ‘wakeful rest’ group performed a low-effort attention task before and after encoding. Memory was tested with immediate free recall, delayed (next day) free recall and delayed recognition with confidence judgements (from which recollection and familiarity were estimated). Bayes factors provided evidence against both proactive and retroactive benefits of novelty across all measures of memory, but provided evidence for a retroactive benefit of rest for immediate recall. In exploratory analysis, we also found evidence for a proactive benefit of rest on immediate recall. We argue that the bidirectional benefits of wakeful rest are more easily explained by Temporal Distinctiveness theory than Consolidation theory. Overall, wakeful rest surrounding learning may represent a useful intervention for improving memory, while novel exploration may not.",2025-09-12T04:49:55Z,,,,,,Raza2025ProactiveRetroactiveEffects,,2025-09-12T04:49:55Z,2025-09-29T22:10:02Z,,,,,,,,,L5R7E6X8,EN,SAGE Journals,,,,,,,,17470218251346156,,,,,SAGE Publications,,,,,,,,,,,,,15414,,,
journalArticle,Are Dual- (vs. Single-) Identity Affirmation Interventions More Effective for Enhancing Well-Being and Collective Action Intentions Among Minorities? A Registered Report,"Sternberg, Béatrice; Badea, Constantina; Alnajjar, Yara; Koc, Yasin; Benet-Martínez, Verónica",,Identity,10.1080/15283488.2025.2564852,https://doi.org/10.1080/15283488.2025.2564852,False,,,1528-3488,,,"Previous research demonstrates that identity affirmation is associated with greater well-being and increased intentions to engage in collective actions among minority individuals. However, these studies typically involve the affirmation of a single identity. Little is known about whether affirming multiple identities, compared to a single identity, might yield additional benefits. In a Registered Report experiment with a sample of N = 401 LGB-religious individuals, we tested the effect of a dual- vs. single-identity affirmation intervention on well-being and collective action intentions, and whether these effects depend on individuals’ identity integration. Participants completed an identity-integration scale and were randomly assigned to one of four conditions: dual-, single-religious-, single-sexual-identity affirmation, or a control condition. Well-being and collective action intentions were then measured. Identity affirmation interventions (vs. control) increased well-being. Identity integration was also positively associated with all outcomes. However, we found mixed results regarding the interaction between identity affirmation and identity integration. Contrary to expectations, dual-identity affirmation was not especially effective for individuals high in identity integration. Instead, dual-identity affirmation increased collective action intentions primarily among individuals low in identity integration. We discuss how dual-identity affirmation may help reconcile conflicting identities and foster collective action, particularly among individuals experiencing identity conflict.",2025-09-29T17:01:20Z,,,,,,SternbergAreDualVs,,2025-09-29T17:01:20Z,2025-09-29T17:01:23Z,,,_eprint: https://doi.org/10.1080/15283488.2025.2564852,,,,0,,XVNAVQWB,,Taylor and Francis+NEJM,,,,,,,,1-17,,,,,Routledge,,,,,,,,,,Are Dual- (vs. Single-) Identity Affirmation Interventions More Effective for Enhancing Well-Being and Collective Action Intentions Among Minorities?,,,15424,0,,
thesis,Conversations that Facilitate Change: The Interpersonal & Intrapersonal Effects of High-Quality Listening,"Tia Moin, Fateha",,,,,False,,,,,,,,,,,,,TiaMoinConversationsThatFacilitate,,2025-09-25T22:31:10Z,2025-09-25T22:31:47Z,,,,,,,,,2I26EPYG,,,,,,,,,,,,,,,,,,,,,,,,,,,University of Reading,15425,,,
preprint,Do we look like our siblings’ names? A socio-onomastic perspective on the face-name matching effect.,"Verheyen, Steven; Van den Berckt, Jonathan; Heyman, Tom",,,,,False,,,,,,,,,,,,,VerheyenWeLookOur,,2025-09-25T22:20:18Z,2025-09-25T22:21:55Z,,,,,,,,,T5HDDU9Y,,,,,,,,,,,,,,,,,,,,,,,,,,,,15427,,,
journalArticle,Comparing Positive Rates in Traditional Articles and Registered Reports within Sport and Exercise Science: A Stage 2 Registered Report,"Tsai, Pei-Ju; Cheng, Hao-Chien; Hung, Tsung-Min; Lin, Ting-Yu",2025-09-09,Psychology of Sport and Exercise,10.1016/j.psychsport.2025.102995,https://www.sciencedirect.com/science/article/pii/S1469029225001943,False,,,1469-0292,,,"This Stage 2 registered report analyzed the rates at which hypotheses were supported in registered reports versus traditional publications within sport and exercise science. A title and abstract search using the term “registered report*” conducted in late 2024 yielded 4,235 records from PubMed and 1,011 from Scopus. After removing duplicates, 4,693 records were screened, and 14 full texts were reviewed independently by two authors. Ten registered reports that included at least one hypothesis were identified, resulting in 41 hypotheses. By matching journal and publication year, 59 traditional articles were selected, yielding 162 hypotheses. When restricted to the first hypothesis, as in prior research, the support rates were 70% for registered reports and 86% for traditional articles, a marginally significant difference (p = .095). When all hypotheses were included, the support rates were 54% and 79% for registered reports and traditional publications, respectively—a statistically significant difference (p < .001). These findings provide initial evidence that, similar to the field of psychology, registered reports in sport and exercise science are less likely to report conclusions supporting the stated hypotheses compared to traditionally published counterparts. Exploratory analyses showed that the difference in positive findings between psychology and sport and exercise for traditional articles was statistically significant (p = .014). However, this finding should be interpreted with caution due to potential confounding factors, including differences in publication periods, study selection strategies, and whether journal matching was applied.",2025-09-25T22:02:39Z,,,,,,Tsai2025ComparingPositiveRates,,2025-09-25T22:02:40Z,2025-09-25T22:02:44Z,,,,,,,,Psychology of Sport and Exercise,NS9YXA6P,,ScienceDirect,,,,,,,,102995,,,,,,,,,,,,,,,Comparing Positive Rates in Traditional Articles and Registered Reports within Sport and Exercise Science,,,15429,,,
journalArticle,Null Effects in the Special Education Research Base,"Cook, Bryan G.; Therrien, William J.; Fleming, Jesse I.; Espinas, Daniel; McLucas, Alan S.; Hodges, Jaret; Fan, Xiaolu",2025-08-31,Remedial and Special Education,10.1177/07419325251361907,https://doi.org/10.1177/07419325251361907,False,,,0741-9325,,,"Full and clear reporting of null effects is important for a robust and valid research base. The purpose of this Registered Report is to review the presence and reporting of null findings in the special education research base. Preregistered hypotheses predicted (a) few studies with all or primary null findings and (b) spin in reporting and discussing null findings. We searched all 2020 publications 41 special education journals and identified 121 group-design intervention studies, coding the number of significant and non-significant p-values reported. We identified two (1.7%) articles reporting all null findings and no articles reporting null primary findings; both all-null studies were coded as containing one instance of spin. Exploratory analyses indicated hypotheses or predictions were stated in only 38.8% of studies and both instances of spin were low level. We discuss implications of findings and approaches for disseminating studies with null findings.",2025-09-25T22:01:02Z,,,,,,Cook2025NullEffectsSpecial,,2025-09-25T22:01:02Z,2025-09-25T22:01:02Z,,,,,,,,,2XAJLR2J,EN,SAGE Journals,,,,,,,,07419325251361907,,,,,SAGE Publications Inc,,,,,,,,,,,,,15430,,,
journalArticle,"Lower caution, not inhibitory control, predicts gambling severity – a Registered Report","Oxtoby, Michelle C.; Pennington, Charlotte R.; Tunney, Richard J.; Hedge, Craig",,Addiction Research & Theory,10.1080/16066359.2025.2549295,https://doi.org/10.1080/16066359.2025.2549295,False,,,1606-6359,,,"Models of gambling disorder, along with other addiction-related conditions, identify impulsive traits as a key component to developing challenging behaviors. This is supported by empirical findings indicating that individuals with gambling disorder exhibit poorer response inhibition, a facet of impulsivity. However, studies on individual differences in inhibition often find weak correlations between different inhibition tasks, suggesting that cognitive processes other than a general inhibitory control ability may contribute to task performance, and by extension, to gambling. The current study applied cognitive modeling to dissociate the cognitive processes involved in response inhibition tasks and examined which cognitive processes are predictive of gambling severity. A total of 422 participants completed the Stroop, Go/No-go and Stop-Signal tasks alongside the Problem Gambling Severity Index (PGSI) questionnaire. The drift diffusion model was used to decompose traditional task performance data into parameters which were then grouped into four distinct cognitive processes: inhibitory control, general processing speed, response caution, and perceptual/motor speed. Preregistered regression analyses indicate that lower caution, rather than inhibition, is associated with higher gambling severity. Whereas previous research had focused on inhibitory control as a risk factor for gambling behaviors, as well as a target for potential interventions (e.g. training apps), these findings suggest rather that the strategic processes underlying decision making – caution – are important to consider.",2025-09-25T22:00:39Z,,,,,,OxtobyLowerCautionNot,,2025-09-25T22:00:39Z,2025-09-25T22:00:46Z,,,_eprint: https://doi.org/10.1080/16066359.2025.2549295,,,,0,,7R5QBMRV,,Taylor and Francis+NEJM,,,,,,,,1-12,,,,,Taylor & Francis,,,,,,,,,,,,,15431,0,,
preprint,Impulsivity and online sports betting behavior: Untangling the causal relationship,"Jacob, Anna; Joshanloo, Mohsen; Czernecka, Robert; Kräplin, Anja",,,,https://rr.peercommunityin.org/articles/rec?id=996,False,,,,,,,,,,,,,JacobImpulsivityOnlineSports,,2025-09-25T21:57:17Z,2025-09-25T21:59:46Z,,,,,,,,,RRMD27KA,,,,,,,,,,,,,,,,,,,,,,,,,,,,15432,,,
journalArticle,"The Big Five Across Socioeconomic Status: Measurement Invariance, Relationships, and Age Trends","Hughes, Bradley T.; Costello, Cory K.; Pearman, Joshua; Razavi, Pooya; Bedford-Petersen, Cianna; Ludwig, Rita M.; Srivastava, Sanjay; Donnellan, Brent",2021-06-10,Collabra: Psychology,10.1525/collabra.24431,https://doi.org/10.1525/collabra.24431,False,,,2474-7394,,,"Associations between socioeconomic status (SES) and personality traits have important implications for theory and application. Progress in understanding these associations depends on valid measurement, unbiased estimation, and careful assessment of generalizability. In this registered report, we used data from AIID, a large online study, to address three basic questions about personality and SES. First, we evaluated the measurement invariance of a common measure of personality, the Big Five Inventory, across indicators of educational attainment, income, and occupational prestige. Fit indices showed some instances of detectable noninvariance, but with little practical impact on substantive results. Second, we estimated associations between SES and personality. Results showed that personality and SES were largely independent (most rs &lt; .1), in contrast to predictions derived from several previous studies. Third, we tested whether age trends in personality were moderated by SES. Results did not support predictions from social investment theory, but they did suggest that age trends were largely generalizable across SES. We discuss the implications of these findings for developing and validating personality measures for use in diverse samples. We also discuss the implications for theories that propose that the Big Five are responsive to, or partially responsible for, people’s economic and social conditions.",2025-09-23T20:57:24Z,,,,,,Hughes2021BigFiveSocioeconomic,,2025-09-23T20:57:24Z,2025-09-23T20:57:24Z,,,,,,,1,Collabra: Psychology,GQYYY8V7,,Silverchair,,,,,,,,24431,,,,,,,,,,,,,,,The Big Five Across Socioeconomic Status,,,15435,7,,
journalArticle,Registered Report Stage II: A within-person model of distress tolerance and non-suicidal self-injury among adults with recurrent self-injury,"Conway, Christopher C.; Ilagan, Gabrielle S.; Rabasco, Ana; Lopez, Maria Martin; Goodrich, Molly; Kuehn, Kevin S.; King, Kevin M.",2025-08-01,Journal of Research in Personality,10.1016/j.jrp.2025.104623,https://www.sciencedirect.com/science/article/pii/S0092656625000558,False,,,0092-6566,,,"Individual differences in distress tolerance (DT), willingness to face internal discomfort, predict who is vulnerable to non-suicidal self-injury (NSSI). However, it is unclear to what extent within-person differences in DT predict periods of peak NSSI risk. We used short-term variation in DT as a model of acute NSSI risk among people with recurrent NSSI. We sampled momentary DT and NSSI outcomes four times per day across 14 consecutive days in a group of 119 adults who had significant histories of NSSI behavior. Momentary DT ratings had robust within-person correlations with concurrent NSSI thoughts and behaviors (rs = −0.43 and −0.20, respectively). Also, DT was a statistically significant, albeit weak, predictor of NSSI outcomes up to 3 h later, even when adjusting for continuity in NSSI. Negative urgency and experiential avoidance—DT’s conceptual neighbors—added predictive utility in within-person models of NSSI thoughts and behavior (e.g., collectively the 3 predictors accounted for more than a third of within-person variation in concurrent NSSI thoughts). We conclude that time-varying DT levels could be a meaningful model, and potentially intervention target, for NSSI in high-risk populations. Our study’s dataset, analysis code, and materials are available at https://osf.io/nz5q4/.",2025-09-12T09:00:25Z,,,,,,Conway2025RegisteredReportStage,,2025-09-12T09:00:25Z,2025-09-12T09:00:39Z,,,,,,,,Journal of Research in Personality,MTF4L7GK,,ScienceDirect,,,,,,,,104623,,,,,,,,,,,,,,,Registered Report Stage II,,,15446,117,,
preprint,"Failed, Aborted Replication of “Carbon-Dot-Based Dual-Emission Nanohybrid Produces a Ratiometric Fluorescent Sensor for In Vivo Imaging of Cellular Copper Ions”","Gharib, Mustafa; Said, Maha; Pons, Thomas; Hondow, Nicole; Zrig, Samia; Lévy, Raphaël",2025-08-23,,10.31219/osf.io/2x3hv_v2,https://osf.io/2x3hv_v2,False,,,,,,"This study presents the results of a replication effort aimed at reproducing key findings from the 2012 article ""Carbon-Dot-Based Dual-Emission Nanohybrid Produces a Ratiometric Flu- orescent Sensor for In Vivo Imaging of Cellular Copper Ions"" by Zhu et al. The original study claimed that CQDs functionalized with AE-TPEA (CQDs-TPEA) and their hybrid with CdSe/ZnS quantum dots (CdSe@C-TPEA) exhibited ratiometric fluorescence quenching upon exposure to Cu2+ ions, enabling their application as a dual-emission sensor for intracellular Cu2+ imaging. Despite closely following the described synthesis and characterization protocols, we were unable to reproduce the Cu2+-induced fluorescence quenching, undermining the primary claim of the original study and making it impossible to pursue the investigation in live cells. Furthermore, upon close examination of the original data, concerns regarding spectral anoma- lies and potential inconsistencies were raised, prompting us to abort the replication study.",2025-09-12T08:57:55Z,,,,,,Gharib2025FailedAbortedReplication,,2025-09-12T08:57:55Z,2025-09-12T08:59:33Z,,,,,,,,,TKL237LK,en-us,OSF Preprints,,,,,,,,,,,,,,,,OSF,,,,,,,,,,15447,,,
journalArticle,Investigating voice preferences with a multilevel empirical approach,"Bruder, Camila",2025,,,https://opus.bsz-bw.de/hfmfr/frontdoor/index/index/docId/2147,False,,,,,,"Singing is ubiquitous and highly significant to human experience. Yet, despite the relevance and popularity of singing, scientific inquiry into singing voice preferences remains relatively scarce. This dissertation provides a rigorous empirical investigation of singing voice preferences. These were studied with an interactionist approach, considering aspects of the performances themselves, the listener who makes the evaluations, and the interaction between them. The first study aimed to quantify how much singing voice preferences could be linked to attributes of the singing performances. Modeling of participants’ liking ratings showed that they could be partially predicted by participants’ perceptual ratings of the stimuli, but not by computationally extracted representations of the acoustic signal. Importantly, there were large individual differences both in participants’ preferences and in how participants perceived the voices, as shown by the low interrater agreement in both liking and perceptual ratings. To generalize findings to other styles of singing and integrate them into the relatively abundant literature on speaking voice attractiveness, a new stimulus set of contrasting vocalizations was recorded. In the CoVox dataset, the same musical/text material was performed by 22 highly trained, versatile classical singers in three singing styles (operatic, pop, and lullaby singing) and two speaking styles (infant- and adult-directed speech). The CoVox dataset was carefully validated and described in a second study, and is openly available to the research community. In a third study, the singing performances of the CoVox dataset were examined with a focus on the relationship between singers’ versatility – determined by how well the intended style of singing performances could be recognized – and singers’ formal musical training. Singers’ versatility could not be linked to their musical training, a finding relevant to voice pedagogues concerned with teaching healthy “cross-over abilities” to their singing students. Finally, aesthetic preferences for contrasting vocalizations were examined using a subset of the CoVox dataset. In a registered report, a parallel with the visual domain inspired predictions concerning the amount of shared taste elicited by the five vocalization styles: it was expected that lullabies, as a more “natural” or universal category of singing, would lead to higher shared taste than operatic singing, a more “artificial” category of singing, with pop singing in an intermediate position. Contrary to predictions, lullaby and operatic singing led to equivalent shared taste, higher than what was found for pop. This registered report also tested the “singing and speaking as backup signals” hypothesis, according to which the attractiveness of voices is based on redundant acoustic cues of individual fitness. Results did not support the hypothesis of highly consistent average preferences for the same singers across all vocalization styles, suggesting that, if sexual selection plays a role in singing voice preferences, that role is limited. This dissertation employed an integrative approach to characterize voice preferences. Findings demonstrated that, while listeners' preferences can be consistent over time, interrater agreement is typically very low, which converges with the finding that (objective) acoustic characteristics poorly predict singing voice preferences. The highly idiosyncratic nature of voice preferences makes them a challenging topic to study. Nevertheless, the studies reported here establish important conceptual and methodological foundations for future research.",2025-09-12T08:55:45Z,,,,,,Bruder2025InvestigatingVoicePreferences,,2025-09-12T08:55:45Z,2025-09-12T08:55:45Z,,,,,,,,,7UP99PXD,eng,opus.bsz-bw.de,,,,,,,,,,,,,,,,,https://creativecommons.org/licenses/by-nc/4.0/deed.de,,,,,,,,,15448,,,
thesis,Active Removal of Information From Working Memory,"Shan, Jiangang",,,,https://www.proquest.com/docview/3206349003?pq-origsite=gscholar&fromopenview=true&sourcetype=Dissertations%20&%20Theses,False,,,,,,,2025-09-12T05:43:34Z,,,,,,ShanActiveRemovalInformation,,2025-09-12T05:43:34Z,2025-09-12T05:44:18Z,,,,,,,,,ICBRZCDY,,,,,,,,,,,,,,,,,,,,,,,,,,,The University of Wisconsin - Madison,15449,,,
journalArticle,Registered report: admissions-as-corrections reduce support for partisan misperceptions and intended partisan media consumption,"Fahey, James",2025-05-22,The Journal of Politics,10.1086/736803,https://www.journals.uchicago.edu/doi/10.1086/736803,False,,,0022-3816,,,,2025-09-12T05:40:35Z,,,,,,Fahey2025RegisteredReportAdmissionsascorrections,,2025-09-12T05:40:35Z,2025-09-12T05:40:35Z,,,,,,,,,L78MUBMR,,journals.uchicago.edu (Atypon),,,,,,,,,,,,,The University of Chicago Press,,,,,,,,,,Registered report,,,15450,,,
thesis,Evidence in education: How metascience can improve the quality of evidence synthesesin educational psychology,"Kalmendal, André",2025-06-13,,10.15626/LUD.574.2025,https://urn.kb.se/resolve?urn=urn:nbn:se:lnu:diva-138467,False,,,,,,"This dissertation investigates how metascientific approaches can enhancethe quality and reliability of evidence syntheses in educational psychology.Prompted by the replication crisis, widespread questionable researchpractices, and the growing dependence on systematic reviews and metaanalysesin education, this work critically examines current researchstandards and advances innovative solutions rooted in open science. Study I evaluates the methodological validity and reproducibility of theinfluential research synthesis Visible Learning by John Hattie. The studyreveals several methodological flaws that contest the assumptions of thefindings and the failure of being able to reproduce the statistics serves as awarning example of the presence of the replication crisis. Study II evaluates the risk of bias and transparency in systematic reviewsconducted in educational psychology. Alarmingly, most includedsystematic reviews were judged as high risk of bias and across the entiresample, there was a lack of data sharing, preregistered protocols, andreproducible primary research data. Study III is a proof of concept of a registered report in educationalpsychology, the study aims to investigate the evidence of a writingintervention by conducting a systematic review. By adhering to the stateof-the-art conducting standards in systematic reviews, this protocol coversall aspects needed to produce reliable evidence as well as beingreproducible. In Study IV, an innovative open-source Community-Augmented Meta-Analysis combined with a database is developed. The study presentssolutions to several well-known problems in systematic reviews byallowing the research community to update, store, calculate, and shareeducational interventional data in a convenient way. The findings of the included studies highlight significant gaps in researchrigor and transparency, underscoring the necessity of fundamental changeto adhere to current standards and modern research practices. By incorporating methodological tools such as preregistration, openscience, risk of bias assessments and FAIR data principles, this dissertationcalls for a paradigm shift in the synthesis and application of evidence ineducational psychology. Ultimately, it seeks to promote more trustworthy,transparent, and impactful research to better inform educational policy andpractice.",2025-09-12T05:36:13Z,,,,,,Kalmendal2025EvidenceEducationHow,,2025-09-12T05:36:13Z,2025-09-12T05:36:13Z,,,,,,,,,B83RTRRG,en,DOI.org (Crossref),,,,,,,,,,,,,,,,,,,,,,,Evidence in education,,Linnaeus University,15451,,,
journalArticle,Identifying Relevant Dimensions to the Measurement of Adolescent Social Media Experience via Focus Groups With Young People,"Hickman Dunne, Jo; Black, Louise; Anderton, Molly; Nanda, Pratyasha; Banwell, Emily; Butters, Lily Corke; Demkowicz, Ola; Davies, Jade; Davidson, Brittany; Qualter, Pamela; Humphrey, Neil; Jay, Caroline; Panayiotou, Margarita; Ravenzwaaij, Don van",2025-03-21,Collabra: Psychology,10.1525/collabra.129669,https://doi.org/10.1525/collabra.129669,False,,,2474-7394,,,"While work on the relationship between social media use and adolescent mental health has allowed for some progress, research in this area is still relatively new and shows mixed evidence. This is partly the consequence of a rapidly changing field, resulting in conceptualisation and measurement issues that hinder progress. Given the need for robust conceptualisation, the present study included five focus groups with 26 adolescents aged 11-15 in Northwest England, to understand their experiences, motivations, and perceptions of social media use, relating to mental health and wellbeing. Reflexive thematic analysis was used to analyse the transcripts. We developed five themes and 10 sub-themes. Young people discussed being present and connected on social media (theme A); identity formation and self-presentation (theme B); enjoyment and managing moods (theme C); exposure to risky content and relationships (theme D); and self-control (theme E). Across these themes three direct mental health and wellbeing outcomes were identified: social aspects, anxiety and self-esteem, plus two less clearly defined experiences around coping and self-control. Our findings also demonstrate the heterogeneity and multidimensionality of social media experience, and point to some possibly differences across age and gender. Overall, this study has contributed to our understanding of the salient dimensions and language to inform the development of an adolescent social media experience measure related to mental health.",2025-09-12T04:46:06Z,,,,,,HickmanDunne2025IdentifyingRelevantDimensions,,2025-09-12T04:46:06Z,2025-09-12T04:46:06Z,,,,,,,1,Collabra: Psychology,CAEH5M26,,Silverchair,,,,,,,,129669,,,,,,,,,,,,,,,,,,15452,11,,
journalArticle,A Programmatic Stage 1 Registered Report of global song-speech relationships replicating and extending Ozaki et al. (2024) and Savage et al. (2025),"Savage, Patrick; Jia, Zixuan; Ozaki, Yuto; Pavlovich, Danya; Purdy, Suzanne; Ampiah-Bonney, Adwoa; Arabadjiev, Aleksandar; Arnese, Flavia; Bamford, Joshua; Barbosa, Brenda; Beck, Ann-Kathrin; Cabildo, Anne; Chiba, Gakuto; Varnosfaderani, Shahaboddin; Echim, Simion; Fujii, Shinya; Gabriel, Shira; Grassi, Massimo; Guiotto Nai Fovino, Lucrezia; Hajič, Jan; Han, KaiYi (Kaye); Hansen, Niels Chr; He, Ye; Kolios, Sotirios; Krzyżanowski, Wojciech; Kuikuro, Urise; Kurdova, Dilyana; Liu, Fang; Loui, Psyche; Mikova, Zoya; Moya, Dayna; Natsitsabui, Rogerdison; Nguqu, Nozuko; Nuska, Petr; Nweke, Florence; Opondo, Patricia; Parkinson, Hineatua; Parselelo, Mark; Perry, Gemma; Pfordresher, Peter; Podlipniak, Piotr; Popescu, Tudor; Ross, Robert; Shi, Zhuozhuang; Silva-Zurita, Javier; Soto-Silva, Ignacio; Thompson, William; Vaida, Sebastian; der Nederlanden, Christina",2025-05-01,Peer Community in Registered Reports,10.31234/osf.io/c2dba_v5,https://osf.io/c2dba_v5,False,,,,,,"How cross-culturally consistent and general are relationships between song and speech? Ozaki et al. (2024) analysed singing and speaking from 75 individuals speaking 55 languages, concluding that songs are “slower and higher and use more stable pitches than speech”. However, the degree to which their findings would generalise to other speakers of their languages remains unclear. We will test the replicability of Ozaki et al.'s (2024) findings using audio recordings of matched singing and conversational speech from 15-30 individuals per language in 26 sites around the world, collected as part of a broader study of global song/speech relationships (Savage et al., 2025 [In Principle Accepted]). For each site, we will replicate Ozaki et al.'s (2024) analyses for their three key features hypothesised to differ between song and speech: 1) pitch height (f0); 2) temporal rate (inter-onset interval of acoustic units [e.g., syllables/moras/notes]); 3) pitch stability (−|Δf0|). This Programmatic Registered Report will allow us to test the replicability and generalizability of Ozaki et al.'s (2024) original findings in a rigorous and equitable manner by enabling each local research team to lead its own separate first-authored Stage 2 Registered Report based on a single shared Stage 1 protocol. This will allow us to test the replicability of Ozaki et al.'s (2024) original findings across diverse languages while also giving each team the flexibility to pursue their own exploratory analyses in directions most relevant to their local context. Regardless of results, our multi-site large-scale replications will enhance our understanding of cross-cultural relationships between music and language and provide a template for equitable global collaboration.",2025-09-08T15:05:20Z,,,,,,Savage2025ProgrammaticStage1,,2025-09-08T15:05:20Z,2025-09-08T15:05:56Z,,,,,,,,,5LX3Y2IQ,en-us,OSF Preprints,,,,,,,,,,,,,,,,,,,,,,,,,,15455,,,
journalArticle,Information transfer within and between autistic and non-autistic people,"Crompton, Catherine J.; Foster, Sarah J.; Wilks, Charlotte E. H.; Dodd, Michelle; Efthimiou, Themis N.; Ropar, Danielle; Sasson, Noah J.; Lages, Martin; Fletcher-Watson, Sue",2025-07,Nature Human Behaviour,10.1038/s41562-025-02163-z,https://www.nature.com/articles/s41562-025-02163-z,False,,,2397-3374,,,"Autism is clinically defined by social communication deficits, suggesting that autistic people may be less effective at sharing information, particularly with one another. However, recent research indicates that neurotype mismatches, rather than autism itself, degrade information sharing. Here, using the diffusion chain method, we examined information transfer in autistic, non-autistic and mixed-neurotype chains (N = 311), replicating and extending a key study. We hypothesized that information transfer would deteriorate faster and rapport would be lower in mixed-neurotype compared with single-neurotype chains. Additionally, we examined whether informing participants of the diagnostic status of their chain and whether information was fictional or factual impacted performance and rapport. We found no difference in information transfer between single-neurotype and mixed-neurotype chains. Non-autistic chains indicated higher rapport, and disclosing diagnosis improved rapport. This result challenges assumptions about autistic communication deficits but contrasts with prior findings. Enhanced participant heterogeneity and methodological differences may explain these unexpected results. Protocol registration The Stage 1 protocol for this Registered Report was accepted in principle on 23 August 2022. The protocol, as accepted by the journal, can be found at https://osf.io/us9c7/.",2025-09-08T14:45:55Z,,,,,,Crompton2025InformationTransferAutistic,,2025-09-08T14:45:55Z,2025-09-08T14:46:07Z,,,,,,,7,Nat Hum Behav,LBBX6YKC,en,www.nature.com,,,,,,,,1488-1500,,,,,Nature Publishing Group,,,,2025 The Author(s),,,,,,,,,15458,9,,
journalArticle,Registered Report: Neural correlates of thematic role assignment for passives in Standard Indonesian,"Jap, Bernard A. J.; Hsu, Yu-Yin; Politzer-Ahles, Stephen","May 13, 2025",PLOS ONE,10.1371/journal.pone.0322341,https://journals.plos.org/plosone/article?id=10.1371/journal.pone.0322341,False,,,1932-6203,,,"Previous studies conducted across multiple languages have found processing differences between patient-first and agent-first word orders. However, the results of these studies have been inconsistent as they do not identify a specific event-related potential (ERP) component as a unique correlate of thematic role processing. Furthermore, these studies generally confound word order with frequency, as patient-first structures tend to be infrequent in the languages that have been investigated. There is evidence that frequency of syntactic structure plays an important role in language processing. To address this potential confounding variable, we test Standard Indonesian, a language where passive structures occur with high frequency and are comparable in frequency to active structures. In Standard Indonesian, there is evidence from acquisition, corpus, and clinical data indicating that the use of passive is frequent. In the present study, 60 native speakers of Indonesian read 100 sentences (50 active and 50 passive) while EEG was recorded. Our findings reveal neural correlates of thematic role processing in the passive sentence condition – specifically, a positive shift corresponding to a P600 on the verb, and a more sustained positivity on the second noun phrase. These findings support existing evidence that sentences with a ‘non-default’ word order impose increased cognitive load, as reflected by ERPs, even when they occur with higher frequency in the language.",2025-09-08T14:44:36Z,,,,,,Jap2025RegisteredReportNeural,,2025-09-08T14:44:36Z,2025-09-08T14:45:15Z,,,,,,,5,PLOS ONE,D5FBP2YN,en,PLoS Journals,,,,,,,,e0322341,,,,,Public Library of Science,,,,,,,,,,Registered Report,,,15459,20,,
journalArticle,The effect of stereotypes on perceived competence of indigenous software practitioners: a study of dress style in professional photos,"Sánchez-Gordón, Mary; Colomo-Palacios, Ricardo; Guevara-Vega, Cathy; Quiña-Mera, Antonio; Hubin, Aliaksandr",2025-07-08,Empirical Software Engineering,10.1007/s10664-025-10675-5,https://doi.org/10.1007/s10664-025-10675-5,False,,,1573-7616,,,"Potential employers can easily access job candidates’ photos online and attempt to infer a candidate’s fit or alignment based on their dress style. In this context, for candidates from marginalized groups like Indigenous people, traditional clothing holds cultural significance as it serves as a lively expression of belonging, participation in ceremonies, and resistance.",2025-09-08T13:23:54Z,,,,,,Sanchez-Gordon2025EffectStereotypesPerceived,,2025-09-08T13:23:54Z,2025-09-08T13:24:02Z,,,,,,,5,Empir Software Eng,9TZ4BFGQ,en,Springer Link,,,,,,,,137,,,,,,,,,,,,,,,The effect of stereotypes on perceived competence of indigenous software practitioners,,,15460,30,,
preprint,Stage 2 Registered Report: Impulsivity and online sports betting behavior: Untangling the causal relationship,"Jacob, Anne; Joshanloo, Mohsen; Czernecka, Robert; Kräplin, Anja",,,,https://www.psycharchives.org/en/item/20aae109-b4c0-4c80-b890-f0f48d600b86,False,Preprint,,,,,,2025-09-08T13:18:26Z,,,,,,JacobStage2Registered,,2025-09-08T13:18:26Z,2025-09-08T13:20:45Z,,,,,,,,,F28S3PQ2,,,,,,,,,,,,,,,,,,PsychArchives,,,,,,,,,,15461,,,
journalArticle,How does psychedelic use relate to aspects of religiosity/spirituality? Preregistered report from a birth cohort study and a prospective longitudinal study,"Cherniak, Aaron D.; Granqvist, Pehr",2025,Psychology of Religion and Spirituality,10.1037/rel0000561,,False,,,1943-1562,,,"Classic psychedelics have long been used in religious and healing rituals. A recent wave of scientific research has examined the acute effects of psychedelics, including how experiences with them are often described as spiritual, religious, or mystical. However, research has paid insufficient attention to the role of psychedelic experiences in the context of religious/spiritual development. In two studies, we examine religious and spiritual changes related to psychedelic use. In Study 1, using data from multiple birth cohort studies—the 1958 National Child Development Study and the 1970 British Cohort Study (for both, N > 11,000)—we examined the relationship between lifetime psychedelic use and religious affiliation, including religious changes (i.e., de/conversion or switching) and beliefs. In Study 2, we examined prospective changes in self-identification as religious and spiritual over a 2-month period among people who reported psychedelic use in a representative sample from the United Kingdom and the United States (N = 9,732). In Study 1, religious affiliation in childhood and adulthood were associated with reduced likelihood of psychedelic use. Also, lifetime psychedelic use was associated with greater likelihood of stable nonaffiliation with religion and with religious disaffiliation. lysergic acid diethylamide use predicted switching between religions as well. In Study 2, psychedelic use was not related to changes in religiosity or spirituality. Notably, psychedelics’ associations with religious changes did generally not differ from other illicit substances. We discuss our findings by highlighting the context-dependence of psychedelics and their effects and relating them to secularization-related trends. (PsycInfo Database Record (c) 2025 APA, all rights reserved)",,,,,,,Cherniak2025HowDoesPsychedelic,,2025-08-26T00:49:13Z,2025-08-26T00:49:19Z,,,Place: US,,,,3,,5L2YCLZG,,APA PsycNet,,,,,,,,175-194,,,,,Educational Publishing Foundation,,,,,,,,,,How does psychedelic use relate to aspects of religiosity/spirituality?,,,15463,17,,
journalArticle,Social media use in adolescents with and without mental health conditions,"Fassi, Luisa; Ferguson, Amanda M.; Przybylski, Andrew K.; Ford, Tamsin J.; Orben, Amy",2025-06,Nature Human Behaviour,10.1038/s41562-025-02134-4,https://www.nature.com/articles/s41562-025-02134-4,False,,,2397-3374,,,"Concerns about the relationship between social media use and adolescent mental health are growing, yet few studies focus on adolescents with clinical-level mental health symptoms. This limits our understanding of how social media use varies across mental health profiles. In this Registered Report, we analyse nationally representative UK data (N = 3,340, aged 11–19 years) including diagnostic assessments by clinical raters alongside quantitative and qualitative social media measures. As hypothesized, adolescents with mental health conditions reported spending more time on social media and were less happy about the number of online friends than adolescents without conditions. We also found hypothesized differences in social media use by condition type: adolescents with internalizing conditions reported spending more time on social media, engaging in more social comparison and experiencing greater impact of feedback on mood, alongside lower happiness about the number of online friends and lower honest self-disclosure. In contrast, those with externalizing conditions only reported higher time spent. These findings emphasize the need to consider diverse adolescent mental health profiles in policy and clinical practice.",2025-08-26T00:35:02Z,,,,,,Fassi2025SocialMediaUse,,2025-08-26T00:35:02Z,2025-08-26T00:36:10Z,,,,,,,6,Nat Hum Behav,6UZA78DM,en,www.nature.com,,,,,,,,1283-1299,,,,,Nature Publishing Group,,,,2025 The Author(s),,,,,,,,,15464,9,,
preprint,How does increased worry affect worries about unrelated issues?,"Urban, Jan; Grzyb, Tomasz; Dolinski, Dariusz; Braun Kohlová, Markéta; Izydorczak, Kamil",2025-04-30,,10.31219/osf.io/yxqjf_v1,https://osf.io/yxqjf_v1,False,,,,,,"There are two competing accounts explaining how increased worry about one issue affects people’s worry about unrelated issues. According to one account, it decreases worries about other issues (e.g., the finite pool of worry hypothesis). In the second account, it increases worry (e.g., generalized affect hypothesis, availability heuristics). We conducted a web-based experiment on representative samples of adults in the Czech Republic and Poland (total N = 7,051). We manipulated worry about one of three societal issues and measured the effect of this manipulation on the degree of worry about 12 unrelated issues. We also examined the underlying mechanism by looking at whether the effect was mediated by affect (a mechanism related to generalized affect) and moderated by issue similarity (a mechanism related to availability heuristics). The study provides strong evidence for a small-sized positive cross-effect of worry. Further, there are strong indications that an effect is mediated by generalized affect, specifically its valence. Our result contributes to a better understanding of how increased worry affects worries about other issues.",2025-08-26T00:34:24Z,,,,,,Urban2025HowDoesIncreased,,2025-08-26T00:34:24Z,2025-08-26T00:34:36Z,,,,,,,,,GAIQMTVY,en-us,OSF Preprints,,,,,,,,,,,,,,,,OSF,,,,,,,,,,15465,,,
journalArticle,Reasons for Crown Failures in Primary Teeth: Systematic Review and Meta-Analysis,"Lampl, Stephan; Gurunathan, Deepa; Mehta, Deepak; Jogikalmat, Krithikadatta",2025-05-01,Interactive Journal of Medical Research,10.2196/57958,https://www.i-jmr.org/2025/1/e57958,False,JMIR,,,,,"Background: Understanding long-term retention rates and complications associated with different materials for fabricating pediatric crowns for primary teeth is crucial for material selection and optimizing clinical outcomes. Objective: This systematic review aims to descriptively analyze the crown-retention rates and complications associated with crown retention, as well as the biological and technical complications of pediatric crowns for primary teeth. The meta-analysis reported herein was performed to estimate long-term (3-year and 5-year) retention rates of these pediatric crowns fabricated using various materials. Methods: Using the PICOS paradigm, a systematic search was conducted between July and August 2023 in the Cochrane, EMBASE, and PubMed databases to identify randomized controlled trials (RCTs) and clinical (prospective and retrospective) studies reporting retention rates, complications of crown retention, and biological and technical complications. After selecting studies with a predefined set of selection criteria, data from included studies were used for a systematic review aimed at a descriptive analysis of factors associated with the failure of crowns for primary teeth. Data from the included RCTs were used for meta-analysis, wherein 3-year and 5-year crown-retention rates were estimated using Poisson regression models. Results: This systematic review included 13 RCTs and 5 clinical studies on dental crowns for primary teeth, involving 454 children (1172 crowns) in RCTs and 810 children (2667 crowns) in clinical studies. The median follow-up durations were 12 months for RCTs and 20.8 months for clinical studies, with a 10.6% dropout rate in RCTs. Retention rates varied: 77.8%-100% for compomer, 80.6%-100% for composite resins, 92.3%-100% for stainless steel, 78%-100% for strip crowns, and 86.4%-100% for zirconia. Poisson regression estimated 3-year and 5-year crown-retention rates, indicating good outcomes across materials. Complications included secondary caries, with up to 21.8% in zirconia, and marginal adaptation issues, with up to 22.2% in compomer. These findings highlight material-specific considerations necessary for optimizing outcomes in pediatric dental crown treatments. Conclusions: While retentive complications such as chipping, material loss, and fractures do occur across materials, crowns fabricated with compomer, composite resin, stainless steel, strip crowns, and zirconia all have clinically acceptable retention rates. However, the differences in biological and technical complications between materials may provide insights for selecting appropriate materials for pediatric crowns based on clinical considerations. Clinical Trial: PROSPERO CRD42023442266; https://www.crd.york.ac.uk/prospero/display_record.php?RecordID=442266",2025-08-25T22:13:31Z,,,,,,Lampl2025ReasonsCrownFailures,,2025-08-25T22:13:31Z,2025-08-25T22:13:36Z,,,Company: Interactive Journal of Medical Research Distributor: Interactive Journal of Medical Research Institution: Interactive Journal of Medical Research Label: Interactive Journal of Medical Research,,,,1,,RDNCWJ6C,EN,www.i-jmr.org,,,,,,,,e57958,,,,,"JMIR Publications Inc., Toronto, Canada",,,,"Unless stated otherwise, all articles are open-access distributed under the terms of the Creative Commons Attribution License (http://creativecommons.org/licenses/by/3.0/), which permits unrestricted use, distribution, and reproduction in any medium, provided the original work (""first published in the interactive Journal of Medical Research..."") is properly cited with original URL and bibliographic citation information. The complete bibliographic information, a link to the original publication on http://www.i-jmr.org/, as well as this copyright and license information must be included.",,,,,,Reasons for Crown Failures in Primary Teeth,,,15467,14,,
journalArticle,An experimental test of risk perceptions under a new hurricane classification system,"Mol, Jantsje M.; Bloemendaal, Nadia; de Moel, Hans; Amasino, Dianna; Collins, Jennifer M.",2025-08-19,Scientific Reports,10.1038/s41598-025-14170-1,https://www.nature.com/articles/s41598-025-14170-1,False,,,2045-2322,,,"During a hurricane, it is vital that individuals receive communications that are easy to process and provide sufficient information to allow informed hurricane preparedness decisions and prevent loss of life. We study how different hurricane warning scales, the traditional Saffir-Simpson Hurricane Wind Scale (SSHWS) versus the newly developed Tropical Cyclone Severity Scale (TCSS), impact intent to evacuate and understanding of hurricane severity. We use a between-subject design where participants are assigned to either the traditional SSHWS or the new TCSS scale. We collected data in a large-scale (~ 4000 participants) online experiment to examine potential differences in comprehension, risk perception, anticipated evacuation, and preparation decisions among residents in U.S. coastal states prone to hurricanes. We find that participants using the TCSS scale are better at identifying the main hazard of a hurricane. For evacuation, the TCSS leads to significantly higher evacuation intent as opposed to SSHWS in cases where the TCSS is at least two categories higher (due to rainfall or storm surge being the main hazard rather than wind). In addition, the TCSS also seems to have a positive effect on taking appropriate precautionary measures, though not always at our stated significance level. Overall, our results demonstrate that people make better informed and more appropriate decisions with the TCSS as opposed to the currently used SSHWS.",2025-08-25T00:09:13Z,,,,,,Mol2025ExperimentalTestRisk,,2025-08-25T00:09:13Z,2025-08-25T00:20:45Z,,,,,,,1,Sci Rep,5UM24EE5,en,www.nature.com,,,,,,,,30320,,,,,Nature Publishing Group,,,,2025 The Author(s),,,,,,,,,15470,15,,
journalArticle,A web-based psychoeducational programme for trauma-related symptoms in Indonesian undergraduate students: a pilot randomized controlled trial,"Primasari, Indira; Hoeboer, Chris M.; Sijbrandij, Marit; Olff, Miranda",2025-12-31,European Journal of Psychotraumatology,10.1080/20008066.2025.2535082,https://doi.org/10.1080/20008066.2025.2535082,False,,,null,,40792380,"Potentially traumatic events (PTEs) are prevalent among Indonesian students. Web-based psychoeducation might increase mental health literacy and reduce barriers to healthcare access. We developed Pulihkan Luka (PL), a web-based psychoeducation programme for Indonesian undergraduate students. This pilot randomized controlled trial assessed the feasibility, acceptability, and preliminary efficacy of PL. Students (N = 130) were randomly assigned to (1) four to seven sessions of PL + Enhanced Usual Care (PL+EUC; n = 64) or (2) EUC only (n = 66). EUC included a leaflet with referral options to available (mental) health services. Participants received baseline, post-intervention, three- and six-month follow-up assessments. Twenty participants from the treatment group were invited to participate in a focus group discussion. The feasibility and acceptability of PL were examined as primary outcomes based on module completion, MT4C-in-Care feasibility survey, IIAQ-ID, and SIN-E-Stress user satisfaction survey. Secondary outcomes included mental health literacy (MHL questionnaire), psychological well-being (WHO-5), help-seeking intention (GHSQ), symptoms of PTSD (PCL-5), depression (PHQ-9), anxiety (GAD-7), and insomnia (ISI). The results indicated a high acceptability of PL (90.63% willing to use the intervention and 89.06% satisfied with the intervention). The uptake and adherence to the intervention were high, with 92.18% completing the first module and 75% completing all assigned modules. However, the feasibility was somewhat lower (59.38% reported sufficient energy and time to complete the modules). The PL+EUC group improved significantly more in mental health literacy compared to EUC only from baseline to post-intervention (b = −0.99, t(140) = 3.64, p = .02). The PL+EUC group did not improve more in psychological well-being and help-seeking intentions, PTSD, depression, anxiety, and insomnia compared to EUC only. PL is the first web-based trauma psychoeducation programme in Indonesia, and it was found to be feasible and acceptable for Indonesian undergraduate students, as well as to improve mental health literacy. Trial registration: Thai Clinical Trials Registry identifier: TCTR20230721001. Pulihkan Luka (PL) is the first web-based psychoeducation programme for trauma-related mental health symptoms in Indonesia.PL proved feasible and acceptable for Indonesian undergraduate students.The long-term effectiveness and cost-effectiveness of PL need to be investigated in future studies. Pulihkan Luka (PL) is the first web-based psychoeducation programme for trauma-related mental health symptoms in Indonesia. PL proved feasible and acceptable for Indonesian undergraduate students. The long-term effectiveness and cost-effectiveness of PL need to be investigated in future studies.",2025-08-20T20:47:31Z,,,,,,Primasari2025WebbasedPsychoeducationalProgramme,,2025-08-20T20:47:31Z,2025-08-20T20:48:08Z,,,_eprint: https://doi.org/10.1080/20008066.2025.2535082,,,,1,,IAKFSZ94,,Taylor and Francis+NEJM,,,,,,,,2535082,,,,,Taylor & Francis,,,,,,,,,,A web-based psychoeducational programme for trauma-related symptoms in Indonesian undergraduate students,,,15471,16,,
journalArticle,Replicability and generalizability of the repeated exposure effect on moral condemnation of fake news,"Orchinik, Reed; Bhui, Rahul; Rand, David G.",2025-08-05,Nature Communications,10.1038/s41467-025-62462-x,https://www.nature.com/articles/s41467-025-62462-x,False,,,2041-1723,,,"Repeated exposure to misinformation reduces moral condemnation of those falsehoods, as shown by Effron & Raj (2020)1—and moral condemnation may play an important role in stopping the spread of online misinformation. In this registered report, we conceptually replicate previous findings on the effect of repetition and moral condemnation and investigate the generalizability of the findings, using an updated and larger set of false headlines. We also investigate whether asking for accuracy evaluations of the headlines, a type of accuracy prompt that is standard in repeated exposure tasks, alters the effect of repetition on moral condemnation, as inattention to the veracity of headlines may decrease outrage and thus moral condemnation. We find a clear conceptual replication of the negative effect of repetition on moral condemnation, and insufficient evidence for a relationship between accuracy prompts and the effect of repetition.",2025-08-09T04:56:03Z,,,,,,Orchinik2025ReplicabilityGeneralizabilityRepeated,,2025-08-09T04:56:03Z,2025-08-13T15:48:21Z,,,,,,,1,Nat Commun,RR9YNJDW,en,www.nature.com,,,,,,,,7206,,,,,Nature Publishing Group,,,,2025 The Author(s),,,,,,,,,15472,16,,
journalArticle,Measuring How Individuals Relate Science to Religion,"Amelia Zein, Rizqy; Heene, Moritz; Gollwitzer, Mario",,The International Journal for the Psychology of Religion,10.1080/10508619.2025.2535033,https://doi.org/10.1080/10508619.2025.2535033,False,,,1050-8619,,,"When trying to make sense of what is going on in the world and their personal lives, people often refer to scientific and religious explanations. Based on pertinent literature, we introduce a novel self-report instrument that captures five types of how people subjectively conceptualize the science–religion relationship. In addition to examining the psychometric properties of the new instrument, we tested whether these five types of conceptualizations are ordered along a single continuum of conflict vs. compatibility. In doing so, we ran and compared two unidimensional item response theory (IRT) models; a generalized partial credit model (GPCM) and a generalized graded unfolding model (GGUM), both in a German (total N = 2,920) and in a U.S. (N = 1,197) sample. We examined model fit statistics to determine the best-fitting model and examined measurement precision at the scale and the item levels. Finally, we tested measurement invariance across countries (i.e. Germany and the United States), as well as the discriminant, convergent, and criterion-related validity of our new instrument. Our results suggest that public perceptions of the relationship between science and religion are best captured by an unfolding response process (i.e. GGUM) and vary systematically across cultural contexts. In addition, U.S. participants perceived higher levels of conflict than their German counterparts. This research contributes to our theoretical understanding of science-religion perceptions and provides a validated measure for future cross-cultural research.",2025-08-13T14:25:40Z,,,,,,AmeliaZeinMeasuringHowIndividuals,,2025-08-13T14:25:40Z,2025-08-13T14:25:40Z,,,_eprint: https://doi.org/10.1080/10508619.2025.2535033,,,,0,,L358YZH8,,Taylor and Francis+NEJM,,,,,,,,1-32,,,,,Routledge,,,,,,,,,,,,,15473,0,,
journalArticle,Human Capital Theory and Venture Capital Firms: Exploring “Home Runs” and “Strike Outs”—A Replication and Extension of Dimov and Shepherd (2005),"Arteaga-Fonseca, Jorge; Rutherford, Matthew W.; Moore, Curt B.; Pollack, Jeffrey M.",2025-09-01,Entrepreneurship Theory and Practice,10.1177/10422587251347060,https://doi.org/10.1177/10422587251347060,False,,,1042-2587,,,"The present work is a registered report1 focused on a replication and extension of the findings in Dimov and Shepherd (2005). Our work tests the hypotheses from the original article in an expanded industry context and with an updated sample. The wider sample includes low- and medium-tech industries, and an expanded time frame as opposed to the original sample based on the high-tech wireless industry in a 5-year span. We used the same estimation technique (OLS regression) from the original article but also expand on it by using multivariate regression and seemingly unrelated regression to model multiple outcomes simultaneously as well as negative binomial analyses to accommodate the count nature of outcome variables—initial public offerings as home runs and bankruptcies as strike outs. We also model more fine-grained outcomes of venture capital (VC) investments (underpricing, 180-day return, market value). Our findings support the inference that general human capital has a significant effect on investment success measures. Furthermore, the findings align with predictions about the relation between general and specific human capital in reducing measures of investment failure. Our replication and extension efforts are crucial in advancing the literature with regard to four key points. First, we find that the types of human capital vary in their influence on VC-related outcomes. Second, by examining alternative measures of VC-related outcomes, we illustrate that the effect of human capital on VC outcomes varies depending on the measure of outcome. Third, our results suggest that the relation between human capital and VC-related outcomes varies by industry type and time to exit. Fourth, our reexamine of the findings from Dimov and Shepherd (2005) seems to illustrate support for hypotheses that were unsupported in the original study.",2025-08-09T04:55:18Z,,,,,,Arteaga-Fonseca2025HumanCapitalTheory,,2025-08-09T04:55:18Z,2025-08-09T04:55:18Z,,,,,,,5,,MCLGRRMF,EN,SAGE Journals,,,,,,,,1470-1495,,,,,SAGE Publications Inc,,,,,,,,,,Human Capital Theory and Venture Capital Firms,,,15474,49,,
preprint,UK Loot Box Industry Self-Regulation,"Xiao, Leon Y.; Lund, Mie; Henderson, Laura L.; Center For Open Science",2023,,10.17605/OSF.IO/YNJ5X,https://osf.io/ynj5x/,False,,,,,,,2025-08-08T00:03:55Z,,,,,,Xiao2023UKLootBox,,2025-08-08T00:03:55Z,2025-08-08T00:06:52Z,,,,,,,,,36IMXFRW,,DOI.org (Datacite),,,,,,,,,,,,,,,,OSF,,,,,,,,,,15475,,,
preprint,Does Truth Pay? Investigating the Effectiveness of the Bayesian Truth Serum with an Interim Payment: A Registered Report,"Neville, Claire; Williams, Matt",2025-04-09,,10.31219/osf.io/s3znc_v2,https://osf.io/s3znc_v2,False,,,,,,"Self-report data is vital in psychological research, but biases like careless responding and socially desirable responding (SDR) can compromise its validity. While various methods are employed to mitigate these biases, they have limitations. The Bayesian Truth Serum (BTS; Prelec, 2004) offers a survey scoring method to incentivise truthfulness by leveraging correlations between personal and collective opinions and rewarding ‘surprisingly common’ responses. This study evaluated the effectiveness of the BTS in mitigating socially desirable responding to sensitive questions and tested whether an interim payment could enhance its efficacy by increasing trust. In a between-subject experimental survey, 877 participants were randomly assigned to one of three conditions: BTS, BTS with Interim Payment (BTS+IP) and Regular Incentive (RI). Contrary to the hypotheses, participants in the BTS conditions displayed lower agreement with socially undesirable statements compared to the RI condition. The interim payment did not significantly enhance the BTS’s effectiveness. Instead, response patterns diverged from the mechanism’s intended effects, raising concerns about its robustness. As the second registered report to challenge its efficacy, this study casts serious doubt on the BTS as a reliable tool for mitigating SDR and improving the validity of self-report data in psychological research.",2025-08-08T00:05:40Z,,,,,,Neville2025DoesTruthPay,,2025-08-08T00:05:40Z,2025-08-08T00:05:54Z,,,,,,,,,IN2AWMQ5,en-us,OSF Preprints,,,,,,,,,,,,,,,,OSF,,,,,,,Does Truth Pay?,,,15476,,,
journalArticle,Political ideology and trust in scientists in the USA,"Gligorić, Vukašin; van Kleef, Gerben A.; Rutjens, Bastiaan T.",2025-07,Nature Human Behaviour,10.1038/s41562-025-02147-z,https://www.nature.com/articles/s41562-025-02147-z,False,,,2397-3374,,,"Trust in scientists is a key predictor of compliance with science-based solutions to societal challenges. Although liberals in the USA generally trust scientists more than conservatives do, it is not clear how these ideological differences vary across different scientific occupations and whether they can be mitigated. Here, in this Registered Report (including 7,800 US participants), we demonstrate that, even though the strength of the relationship between political ideology and trust varies across scientific occupations, liberals (compared with conservatives) show higher trust in most scientists. Moreover, following motivational accounts of scientist distrust, the study tested five theoretically grounded intervention strategies to improve conservatives’ trust in scientists. None of the interventions were successful, suggesting that trust in scientists reflects relatively stable attitudes that require more elaborate and time-intensive interventions.",2025-08-07T23:57:58Z,,,,,,Gligoric2025PoliticalIdeologyTrust,,2025-08-07T23:57:58Z,2025-08-07T23:58:27Z,,,,,,,7,Nat Hum Behav,V8W585HH,en,www.nature.com,,,,,,,,1501-1512,,,,,Nature Publishing Group,,,,"2025 The Author(s), under exclusive licence to Springer Nature Limited",,,,,,,,,15477,9,,
journalArticle,Dual-task effects of walking-speed on inhibitory control and decision-making under risk,"Maiocchi, Carlotta; Milanesi, Marta; Canessa, Nicola; Sozzi, Stefania; Mattavelli, Giulia; Nardone, Antonio; Gianelli, Claudia",2025-04-22,Scientific Reports,10.1038/s41598-025-88497-0,https://www.nature.com/articles/s41598-025-88497-0,False,,,2045-2322,,,"The effect of simultaneously performing two tasks (dual-task effects, DTEs) has been extensively studied, mainly focusing on the combination of cognitive and motor tasks. Given their potentially detrimental impact on real-life activities, the impact of DTEs has been investigated in both healthy individuals and patients. In this Registered Report, we aimed to replicate previous DTEs when a task requiring executive-inhibitory skills is involved while also expanding the evidence on basic facets of decision-making. We recruited 50 healthy young participants who performed a stop-signal task and two gambling tasks (loss-aversion and risk-aversion) while sitting and while walking at three treadmill speeds (normal, slow and fast). We report a significant difference in performance during single-task and dual-task, although with high individual variability. The data show no effect of the walking speed on all the cognitive tasks. Analyses on postural alignments, assessed in the cadence, gait cycle length and stance phase, confirm previous results on cognitive prioritization strategies of healthy individuals. Based on our results, we highlight the need to further investigate prioritization strategies when tasks involving higher cognitive functions are performed along a motor task in healthy individuals and patients with the aim of offering targeted training and rehabilitation protocols.",2025-08-07T23:48:44Z,,,,,,Maiocchi2025DualtaskEffectsWalkingspeed,,2025-08-07T23:48:44Z,2025-08-07T23:56:41Z,,,,,,,1,Sci Rep,ST7VLJIS,en,www.nature.com,,,,,,,,13877,,,,,Nature Publishing Group,,,,2025 The Author(s),,,,,,,,,15478,15,,
journalArticle,Understanding Resourcing Trade-offs in International Organizations: Evidence from an Elite Survey Experiment,"Heinzel, Mirko; Reinsberg, Bernhard; Siauwijaya, Christian",2025-04-22,The Journal of Politics,10.1086/736339,https://www.journals.uchicago.edu/doi/abs/10.1086/736339,False,,,0022-3816,,,,2025-08-07T23:51:44Z,,,,,,Heinzel2025UnderstandingResourcingTradeoffs,,2025-08-07T23:51:44Z,2025-08-07T23:56:19Z,,,,,,,,,ZKP8HYL5,,journals.uchicago.edu (Atypon),,,,,,,,,,,,,The University of Chicago Press,,,,,,,,,,Understanding Resourcing Trade-offs in International Organizations,,,15479,,,
journalArticle,Registered Report: Development and Validation of the Primary-Secondary School Transitions Emotional Wellbeing Scale,"Bagnall, Charlotte Louise; Panayiotou, Margarita; Jindal-Snape, Divya; Banwell, Emily; Mason, Carla; Qualter, Pamela",2025-04-25,Assessment,10.1177/10731911251332241,https://doi.org/10.1177/10731911251332241,False,,,1073-1911,,,"Primary-secondary school transitions are a critical period for children, which pose a heightened risk for the development of poor emotional wellbeing and mental health. Our ability to identify and support children during this critical juncture is limited, however, by the lack of a robust, sensitive, and standardized scale to measure children’s emotional wellbeing in the context of primary-secondary school transitions, comprehensively and longitudinally. The Primary-Secondary School Transitions Emotional Wellbeing Scale (P-S WELLS) has been developed following a multi-informant, mixed-methods model to overcome this gap. It is qualitatively different and novel in its approach (i.e., asking children about their feelings toward the changes they are negotiating in context), and in its longitudinal design and operationalization. This registered report describes how P-S WELLS will be validated through longitudinal psychometric assessment (Study 1) and longitudinal validation (Study 2) on two discrete samples, across two transition periods.",2025-08-07T23:42:44Z,,,,,,Bagnall2025RegisteredReportDevelopment,,2025-08-07T23:42:44Z,2025-08-07T23:42:44Z,,,,,,,,Assessment,RS6R5J4A,EN,SAGE Journals,,,,,,,,10731911251332241,,,,,SAGE Publications Inc,,,,,,,,,,Registered Report,,,15480,,,
journalArticle,Unitization Based Memory Enhancement in Younger and Older Adults,"Khoo, Joshua Kah Meng; Tibon, Roni",2025-07-31T11:06:53+00:00,Journal of Cognition,10.5334/joc.457,https://journalofcognition.org/articles/10.5334/joc.457,False,,,2514-4820,,,"Memory for episodic associations declines with ageing due to decreased recollection abilities. Unitization&mdash;the encoding of multiple items as one integrated entity&mdash;has been shown to support familiarity-based retrieval that is independent of recollection and is relatively preserved in healthy ageing. Accordingly, unitization has been proposed as a promising strategy to attenuate age-related associative deficits, but evidence regarding its utility was lacking. The current study aimed to establish unitization as a viable mnemonic strategy. First, to ensure that unitization can attenuate the age-related associative deficit for initially unrelated materials, top-down unitization was used. Namely, participants were given an initially unrelated word pair in the context of either a definition which allows the words to be encoded as a unitized compound or a sentence in which the words are encoded as separate entities. Second, to ensure that unitization can be used as a self-initiated strategy, participants also completed the task by generating their own binding information (definitions/sentences). As expected, a unitization effect had emerged, such that associative memory was enhanced following definition encoding. However, this effect only occurred when binding information was provided. Additionally, a general memory advantage for the self-generation condition had emerged, but this was (generally) similar across unitization conditions and age groups. Taken together, the results show that unitization can be used as a mnemonic strategy under certain conditions, and highlight additional steps that should be taken before it can be effectively used beyond lab settings.",2025-08-06T02:50:16Z,,,,,,Khoo2025UnitizationBasedMemory,,2025-08-06T02:50:16Z,2025-08-06T02:50:16Z,,,,,,,1,,XJGSIQGY,en-US,journalofcognition.org,,,,,,,,,,,,,,,,,,,,,,,,,,15481,8,,
journalArticle,Behavioral flexibility is similar in two closely related species where only one is rapidly expanding its geographic range,"Logan, Corina J.; McCune, Kelsey B.; Rowney, Carolyn; Lukas, Dieter",2025,Peer Community Journal,10.24072/pcjournal.582,https://peercommunityjournal.org/articles/10.24072/pcjournal.582/,False,,,2804-3871,,,,2025-08-06T02:49:28Z,,,,,,Logan2025BehavioralFlexibilitySimilar,,2025-08-06T02:49:28Z,2025-08-06T02:49:28Z,,,,,,,,,GFLAXEXT,fr,peercommunityjournal.org,,,,,,,,,,,,,,,,,,,,,,,,,,15482,5,,
journalArticle,What types of gratitude expressions promote prosocial behavior?: A registered report,"Amarasekera, Anurada U.; Travis, Kelton L.; Castaneto, Kristina K.; Cash, Tiara A.; Aknin, Lara B.",2025-11-01,Journal of Experimental Social Psychology,10.1016/j.jesp.2025.104805,https://www.sciencedirect.com/science/article/pii/S0022103125000861,False,,,0022-1031,,,"Prosociality confers benefits to those who engage in the behavior, as well as those who receive it. So, how can prosociality, especially repeated acts of giving, be encouraged? Past research shows that receiving an expression of gratitude can promote prosocial behavior. However, existing work has focused on the benefits of receiving gratitude in comparison to receiving nothing, thereby leaving the content of gratitude expressions unexamined. Drawing upon past research demonstrating the benefits of identity-relevant appeals, we compare how two different gratitude expressions – one that references an individual's kind personality (i.e., prosocial character) and another that references an individual's kind actions (i.e., prosocial action) – impact future prosocial behavior in comparison to each other and to a no-gratitude control condition using two high-powered pre-registered studies. In both studies, participants (603 undergraduate students in Experiment 1; 876 online adult sample in Experiment 2) engaged in a prosocial task and were then randomly assigned to receive one of two gratitude expressions or a no-gratitude control condition. Afterwards, participants had the opportunity to help again. Comparing helping rates across conditions we found no significant differences among helping behavior in Experiment 1. However, in Experiment 2, results indicated that individuals who received an expression of gratitude, regardless of content, donated more than individuals that solely received an acknowledgement of their help. We interpret these findings as mixed support for gratitude's function as a moral reinforcer and consider why gratitude expressions referencing an individual's generous character vs. action may have had little impact.",2025-08-06T02:47:10Z,,,,,,Amarasekera2025WhatTypesGratitude,,2025-08-06T02:47:10Z,2025-08-06T02:49:04Z,,,,,,,,Journal of Experimental Social Psychology,C3C3UHWY,,ScienceDirect,,,,,,,,104805,,,,,,,,,,,,,,,What types of gratitude expressions promote prosocial behavior?,,,15483,121,,
journalArticle,Formative work in the development of a physical activity smartphone app targeted for patients with alcohol use disorders,"Abrantes, Ana M.; Blevins, Claire; Lindsay, Clifford; Battle, Cynthia L.; Buman, Matthew P.; Agu, Emmanuel; Stein, Michael",2019-03-01,Psychology of Sport and Exercise,10.1016/j.psychsport.2018.02.007,https://www.sciencedirect.com/science/article/pii/S1469029217306830,False,,,1469-0292,,,"Objectives Alcohol use disorders (AUDs) are associated with significant physical and mental health concerns. Interventions focused on increasing physical activity (PA) in this population may improve overall physical and mental health associated with AUDs. Given how ubiquitous smartphones have become, PA apps may be a feasible, acceptable, and potentially scalable approach to integrating PA in alcohol recovery. To date, there are no PA apps targeted specifically for this population. Design The current study describes 2 formative phases in the development of Fit&Sober, a theory-informed smartphone app designed to increase PA in patients with alcohol dependence. Methods Phase 1 consisted of questionnaires and focus groups (3 groups with total N = 23) conducted with patients in current AUD treatment regarding their preferences and feedback on the proposed app design and components. Phase 2 consisted of individual usability sessions (N = 10) conducted with a different set of patients with AUD, in which feedback was provided on the look, usability, and functionality of the Fit&Sober app prototype. Results Phase 1 evaluated key components of a physical activity app designed especially for increasing PA in early recovery and refined app features such as the logo, graphical display of data, and specific physical activity-relevant affect words to be used in the app. Phase 2 usability studies provided support for usability, attractiveness, and potential usefulness in the target population. Conclusions Through the iterative 2-phase process, a prototype of the Fit&Sober app was created and readied for pilot testing in patients with AUD.",2025-05-11T10:07:36Z,,,,,,Abrantes2019FormativeWorkDevelopment,,2025-05-11T10:07:36Z,2025-08-01T10:31:52Z,,,,,,,,Psychology of Sport and Exercise,EPVDHNJE,,ScienceDirect,,,,,,,,162-171,,,,,,,,,,,,,,,,,,15484,41,,
journalArticle,Many Roads to Irritability: How Developmental Change and Multiple Risk Pathways Can Impact Negative Findings in Resting-State Connectivity,"Vogel, Alecia C.; Gilbert, Kirsten E.",2025-03-01,Biological Psychiatry Global Open Science,10.1016/j.bpsgos.2025.100451,https://www.sciencedirect.com/science/article/pii/S2667174325000059,False,,,2667-1743,,,,2025-07-31T22:17:27Z,,,,,,Vogel2025ManyRoadsIrritability,,2025-07-31T22:17:27Z,2025-07-31T22:17:27Z,,,,,,,2,Biological Psychiatry Global Open Science,LHIM5YUY,,ScienceDirect,,,,,,,,100451,,,,,,,,,,,,,,,Many Roads to Irritability,,,15490,5,,
journalArticle,The prevalence of “psychological literacy” in U.K. higher education psychology teaching and learning: A national survey registered report,"Pownall, Madeleine; Harris, Richard",2025,Scholarship of Teaching and Learning in Psychology,10.1037/stl0000438,,False,,,2332-211X,,,"Psychological literacy refers broadly to students’ capacity to intentionally and adaptively use their psychology knowledge and skills to achieve personal, professional, and societal goals. Psychological literacy is increasingly embedded in top-down policy about psychology education, particularly in the United Kingdom. However, no empirical work has gathered national perspective on the prevalence of psychological literacy practice in undergraduate psychology programs at a national level. We conducted a Registered Report in which we ran a descriptive, exploratory survey of psychological literacy practice in the United Kingdom, investigating (a) what educators associate with psychological literacy, (b) where psychological literacy features in BSc Psychology programs, and (c) how it is being integrated into teaching and learning practice across the United Kingdom. We surveyed psychology educators from the United Kingdom (N = 84). We found that U.K. psychology educators were generally unfamiliar with the term “psychological literacy,” but provided definitions that extend the existing conceptualization, including a concern for reflection and employability. Educators consistently reported incorporating attributes of psychological literacy into their teaching, predominantly through assessment and feedback practices and teaching content. Educators achieve integration of psychological literacy by emphasizing the real-world relevance of psychology, prompting students to reflect on how this content relates to their own experiences, and evaluating students’ knowledge and skills in authentic, applied ways. Across the data, psychological literacy was also linked to core values and principles that shaped both teaching and assessment approaches, including interactivity, collaboration, and reflexivity. Implications for policy and practice are discussed. (PsycInfo Database Record (c) 2025 APA, all rights reserved)",,,,,,,Pownall2025PrevalencePsychologicalLiteracy,,2025-07-31T22:17:00Z,2025-07-31T22:17:09Z,,,Place: US,,,,,,KI7GCP46,,APA PsycNet,,,,,,,,,,,,,Educational Publishing Foundation,,,,,,,,,,The prevalence of “psychological literacy” in U.K. higher education psychology teaching and learning,,,15491,,,
journalArticle,Multivariate prediction of temper outbursts in a sample of youth enriched for irritability using ecological momentary assessment data: A registered report,"Saha, Dipta; Naim, Reut; Pereira, Francisco; Brotman, Melissa A.; Zheng, Charles Y.","Mar 18, 2025",PLOS ONE,10.1371/journal.pone.0289235,https://journals.plos.org/plosone/article?id=10.1371/journal.pone.0289235,False,,,1932-6203,,,"Irritability and temper outbursts are among the most common reasons youth are referred for psychiatric assessment and care. Identifying in vivo clinical variables that precede the onset of temper outbursts would provide valuable clinical utility. Here, we provide the rationale for a study testing the performance of a classifier trained to predict temper outbursts in a group of clinically-referred youth presenting with symptoms of irritability and temper outbursts. Due to the large sample sizes needed for multivariate classification studies, here, we demonstrated the feasibility of our approach using a relatively large preliminary dataset. Our preliminary data included digital based event sampling from an existing Ecological Momentary Assessment dataset consisting of n = 54 participants with a total of 932 time points. We used this data to develop a logistic regression-based classifier for predicting the temper outburst prospectively. Our initial evaluation provided encouraging evidence for the possibility of predicting the presence of a temper outburst based on individual’s momentary clinical responses (e.g., whether the participant is feeling grouchy, hungry, happy, sad, anxious, tired, etc.) prior to the outburst event, as well as external features (e.g., time of day, day of week). However, due to the risk of false positive discoveries and overfitting, these preliminary results are insufficient to conclusively establish the discovery of predictive rules for irritability in Ecological Momentary Assessment data. To more rigorously assess this classifier, we will collect a large confirmatory set, consisting of at least an additional 20 subjects with an expected total of 400 time points, in which will perform confirmatory analyses of the precision and recall of the classifier already fit using preliminary data. This work will potentially provide the foundation for the identification of features predictive of risk and future development of novel mobile-device-based interventions in youth affected with severe and impairing psychopathology.",2025-07-31T22:04:21Z,,,,,,Saha2025MultivariatePredictionTemper,,2025-07-31T22:04:21Z,2025-07-31T22:04:30Z,,,,,,,3,PLOS ONE,RQFYRHB2,en,PLoS Journals,,,,,,,,e0289235,,,,,Public Library of Science,,,,,,,,,,Multivariate prediction of temper outbursts in a sample of youth enriched for irritability using ecological momentary assessment data,,,15493,20,,
journalArticle,A path forward on online misinformation mitigation based on current user behavior,"King, Catherine; Phillips, Samantha C.; Carley, Kathleen M.",2025-03-19,Scientific Reports,10.1038/s41598-025-93100-7,https://www.nature.com/articles/s41598-025-93100-7,False,,,2045-2322,,,"Social media misinformation has become a serious societal problem, and recent research has focused on developing effective ways to counter its harmful impacts. This work investigates user-level countermeasures, or how individuals who see the misinformation respond to it directly, possibly to help stop its spread in their online communities. Using a registered report design, we conducted an online survey of 1010 American social media users who use social media at least once weekly. Participants were asked how they respond and think others should respond to misinformation they unintentionally post or see posted by others, and how their responses differ depending on their relationship with the person who posted that misinformation. Overall, the results revealed a difference between respondents’ beliefs and actions: participants reported expecting others to exert more effort when responding to misinformation than the level of effort they themselves reported. Additionally, on average, participants were more likely to say they intervened when misinformation was posted by someone close to them rather than by an acquaintance or a stranger. Understanding current behavioral patterns and public opinion can inform efforts to elicit public participation in countering misinformation and increase the effectiveness of platform-level countermeasures.",2025-07-31T22:03:06Z,,,,,,King2025PathForwardOnline,,2025-07-31T22:03:06Z,2025-07-31T22:03:20Z,,,,,,,1,Sci Rep,D3JG22RW,en,www.nature.com,,,,,,,,9475,,,,,Nature Publishing Group,,,,2025 The Author(s),,,,,,,,,15494,15,,
preprint,US Public and Economic Coercion: A Constrained Choice Experiment (Stage 1 Registered Report),"Walentek, Dawid",2025-03-21,,10.33774/apsa-2025-jp1t6,https://preprints.apsanet.org/engage/apsa/article-details/67dd3a1f6dde43c908b82522,False,,,,,,"US presidents increasingly frequently threaten and use economic coercion to target competitors and allies — reaching for tariffs, sanctions or aid suspension. While economic coercion is costly for the target state, it also creates tangible costs for the US economy and households. Yet, we know little about the opinion of the US public on economic coercion, how much are Americans willing to pay for this type of policy and to what extent the target’s relation to the US affects these preferences. This registered report offers a novel constrained choice experiment to uncover preferences of US public for economic coercion in respect to China and Canada, while also tracing the potential role of an explicit discussion of domestic costs, experimentally positioning them either at the individual or aggregate-level. This work advances our knowledge of domestic roots of foreign policy and offers a contribution that links economic coercion to public preferences.",2025-07-31T21:57:30Z,,,,,,Walentek2025USPublicEconomic,,2025-07-31T21:57:30Z,2025-07-31T21:57:30Z,,,,,,,,,JRJPL9MH,en,DOI.org (Crossref),,,,,,,,,,,,,,,,Politics and International Relations,https://preprints.apsanet.org/engage/apsa/legal-information?show=terms-of-use,,,,,,US Public and Economic Coercion,,,15496,,,
preprint,“This is a monkeylope!” - A registered report on the factors of novel word creation,"Guenther, Fritz; Raveling, Laura; Baier, Felix; Petrenco, Aliona",2025-07-19,,10.31234/osf.io/s6p7j_v1,https://osf.io/s6p7j_v1,False,,,,,,"While native speakers of a language have tens of thousands of words at their disposal, they still regularly create and use novel words. Since this comes with communicative risks and costs – most importantly, not being understood by recipients – there have to be (perceived) advantages to creating novel words that outweigh these issues. We systematically explore these factors in a controlled experimental setting. We presented participants with images of existing and new animals with increasing degrees of conceptual distance to existing animals. Participants have to refer to these images either in an open format or with single words. The images are presented either in isolation (Experiment 1), or with two distractors created from different (Experiment 2) or the same base animals (Experiment 3). Each image is repeatedly presented to investigate effects of repeated reference and presentation. We measure how often participants create novel word labels for the stimuli, and derive hypotheses for the main effects and key interactions of conceptual distance, target frequency, distractor frequency, response format, and task setting from a theoretical framework based on the Gricean pragmatic principles as well as the concept of common ground. Conceptual distance, response format, and experimental task setting have clear effects on the number of novel word responses. However, we observe no effects for target or distractor frequency, suggesting no effect of common ground in our experimental setting. Participants also tend to over-specify their responses, rather than strictly adhering to pragmatic principles.",2025-07-31T21:54:51Z,,,,,,Guenther2025ThisMonkeylopeRegistered,,2025-07-31T21:54:51Z,2025-07-31T21:54:51Z,,,,,,,,,MXJ4WHLV,en-us,OSF Preprints,,,,,,,,,,,,,,,,OSF,,,,,,,,,,15497,,,
preprint,Registered Replication Report: Study 3 from Trafimow and Hughes (2012),"Buttliere, Brett",2025-02-09,,10.31234/osf.io/zec53_v1,https://osf.io/zec53_v1,False,,,,,,"Terror Management Theory (TMT) proposes that when people are made aware of their own death, they are more likely to endorse cultural values. TMT is a staple of social psychology, being featured prominently in textbooks and the subject of much research. The implications associated with TMT are significant, as its advocates claim it can partially explain cultural conflicts, intergroup antagonisms, and even war. However, considerable ambiguity regarding effect size exists, and no preregistered replication of death-thought accessibility findings exists. Moreover, there is debate regarding the role of time delay between the manipulation of mortality salience and assessment of key measures. We present results from 22 labs in 11 countries (total N = 3,447) attempting to replicate and extend an existing study of terror management theory, study three from Trafimow and Hughes (2012), and the role of time delay effects. While we failed to replicate the specific findings from Trafimow and Hughes (2012), we did demonstrate that it is possible to prime death-related thoughts, and that priming is more effective when there is no delay between the priming and outcome measure. Implications for future research and terror management theory are discussed.",2025-07-16T11:47:26Z,,,,,,Buttliere2025RegisteredReplicationReport,,2025-07-16T11:47:26Z,2025-07-31T21:50:44Z,,,,,,,,,PM5I6SLA,en-us,OSF Preprints,,,,,,,,,,,,,,,,OSF,,,,,,,Registered Replication Report,,,15498,,,
journalArticle,Learning to suppress a balance recovery step: Implications for improving behavioral flexibility in a balance recovery stepping task,"Bolton, David A. E.; Beethe, Anne Z.; Harper, Sara A.; Whelan, Robert; Ruddy, Kathy L.",2025-06-01,Gait & Posture,10.1016/j.gaitpost.2025.03.019,https://www.sciencedirect.com/science/article/pii/S0966636225001511,False,Not an RR,,0966-6362,,,"Background Research shows compensatory balance responses can be improved with training. The present study is a coincidental finding from a registered report that provides insight into trainability of response inhibition in a balance recovery stepping task. Research question Can suppression of response inhibition in a rapid balance recovery step be improved with training? Methods Young, healthy participants (N = 20) were released from a supported, forward lean to prompt a rapid balance recovery step. In most trials, participants were instructed to recover balance by quickly stepping forward (i.e., GO trials). However, in 20 % of the trials, a high-pitch tone was randomly played immediately after postural perturbation, signaling participants to suppress a step and relax into a catch harness (i.e., STOP). This balance recovery task was repeated on two separate days. Force plates measured GO reaction time post-perturbation and stepping errors on STOP trials. Results Task performance improved on the second day of testing, including faster steps (321 ± 37 ms vs. 348 ± 40 ms; p < 0.001) and more successful inhibition (46 ± 19% vs. 36 ± 19%; p = 0.005). Also, stop signal reaction time was faster on day two (286 ± 41 ms vs. 308 ± 46 ms; p = 0.041), suggesting the cognitive ability to suppress a highly prepotent action was directly influenced. Significance Our results build from past studies where balance reactions improve with practice and we now demonstrate that outright action cancellation within a balance recovery stepping task can be trained, suggesting behavioral flexibility can be improved without compromising response speed.",2025-07-29T00:04:26Z,,,,,,Bolton2025LearningSuppressBalance,,2025-07-29T00:04:26Z,2025-07-29T00:04:46Z,,,,,,,,Gait & Posture,S6IYJY3E,,ScienceDirect,,,,,,,,215-221,,,,,,,,,,,,,,,Learning to suppress a balance recovery step,,,15501,119,,
journalArticle,Hairdressers and well-being: Local services provision and mental health first response,"Nilsson, Björn; Pougué Biyong, Clémence",2025-10-01,Journal of Development Economics,10.1016/j.jdeveco.2025.103528,https://www.sciencedirect.com/science/article/pii/S0304387825000793,False,,,0304-3878,,,"Mental health is globally underfunded. In low-income settings, innovative and layman solutions may constitute alternatives to formal medical systems. We evaluate an innovative program training hairdressers to act as first responders to manifestations of mental health issues. 73 hairdressers were trained in active listening. We find some evidence that the training improved hairdresser-customer interactions, but found no effect on the mental health of customers. We also found that training worsened mental health outcomes for hairdressers, and speculate that this has to do with reduced stigma and improved self-evaluative capacities, showing that both customers and hairdressers updated their beliefs about mental health. These results suggest that training alone in a context with stigma and poor mental health awareness may not be enough to measurably improve mental health outcomes, and future similar interventions may want to consider combining training with subsidized access to care, at least in an initial phase.",2025-07-28T23:48:06Z,,,,,,Nilsson2025HairdressersWellbeingLocal,,2025-07-28T23:48:06Z,2025-07-28T23:59:54Z,,,,,,,,Journal of Development Economics,MNDS3CW5,,ScienceDirect,,,,,,,,103528,,,,,,,,,,,,,,,Hairdressers and well-being,,,15502,177,,
journalArticle,Making a promise increases the moral cost of lying: Evidence from Norway and the United States,"Ekström, Mathias; Bjorvatn, Kjetil; Mota, Pablo Soto; Sjåstad, Hallgeir",2025-05-01,Journal of Economic Behavior & Organization,10.1016/j.jebo.2025.106995,https://www.sciencedirect.com/science/article/pii/S0167268125001155,False,Not an RR,,0167-2681,,,"It is commonly observed that people make promises to commit future behavior to their moral ideals. But do promises work? In particular, can making a promise effectively promote honesty by increasing the moral cost of lying? We explored this research question in three high-powered experiments using representative samples from Norway and the United States (N=7,200). Based on a one-shot “mind game”, in which dishonesty is economically incentivized but impossible to detect at the individual level, we find that about 1/4 of participants are willing to lie for the chance of winning a bonus reward of $100. Crucially, dishonesty was significantly reduced, on average by 7 percentage points (25 percent), when participants were asked to make an inconsequential promise to report accurate information. This promise effect was equally strong in both Norway and the United States, and in different participant subgroups. However, promises reduced dishonesty only when the promise required active choice, suggesting that personal engagement increases the internal inconsistency that would arise from a subsequent lie. In contrast with predictions, an experimentally manipulated expression of trust did not impact honesty by itself or boost the effect of making a promise. Given recent debates about the replicability of dishonesty research in social science, the current work provides high-quality evidence of broad relevance, documenting a moderate but robust effect of promises on subsequent dishonesty. The promise effect is formalized in a simple model integrating cognitive dissonance theory from psychology with perspectives on moral decision-making from behavioral economics.",2025-07-28T23:34:24Z,,,,,,Ekstrom2025MakingPromiseIncreases,,2025-07-28T23:34:24Z,2025-07-28T23:34:45Z,,,,,,,,Journal of Economic Behavior & Organization,R5PZENTB,,ScienceDirect,,,,,,,,106995,,,,,,,,,,,,,,,Making a promise increases the moral cost of lying,,,15504,233,,
journalArticle,The effect of individual visual sensitivity on time perception,"Ružičková, Alexandra; Jurkovičová, Lenka; Páleník, Julie; Hutchison, Keith A.; Chmelík, Jiří; Mitterová, Kristína; Juřík, Vojtěch",2025-02-24,Scientific Reports,10.1038/s41598-025-88778-8,https://www.nature.com/articles/s41598-025-88778-8,False,,,2045-2322,,,"The human mind, trying to perceive events coherently, creates the illusion of continuous time passage. Empirical evidence suggests distortions in subjectively perceived time flow associated with well-studied neural responses to sensory stimuli. This study aimed to investigate whether visually uncomfortable patterns, causing exceptionally strong brain activation, affect short time estimates and whether these estimates vary based on the overall reported sensory sensitivity and cortical excitability of individuals. Two experiments in virtual reality testing our assumptions at different levels of complexity of timed stimuli provided initial insight into the studied processes in highly controlled and realistic conditions. Data analysis results did not support our hypotheses, but showed that subjectively most visually uncomfortable simple patterns, i.e., achromatic gratings, cause more variable temporal judgments. Supposedly, this inaccuracy depends on the currently perceived visual comfort and thus the current visual system sensitivity, which cannot be satisfactorily derived from trait-based measures. The exploration of the effect of complex stimuli, i.e., virtual exteriors, suggested that their visual comfort does not affect time perception at all. Biological sex was an important variable across experiments, as males experienced temporal compression of stimuli compared to females. Neuroimaging research is needed for a deeper investigation of the origin of these results.",2025-07-02T05:02:57Z,,,,,,Ruzickova2025EffectIndividualVisual,,2025-07-02T05:02:57Z,2025-07-28T23:26:51Z,,,,,,,1,Sci Rep,MDFXPKX7,en,www.nature.com,,,,,,,,6589,,,,,Nature Publishing Group,,,,2025 The Author(s),,,,,,,,,15505,15,,
journalArticle,The Development of Semantic Integration in Bilingual Toddlers Measured by N400,"Lozano, Itziar; Duszyk-Bogorodzka, Anna; Ribu, Ingeborg Sophie; Falkiewicz, Natalia; Ogonowska, Wiktoria; Dynak, Agnieszka; Köder, Franziska; Tomalski, Przemysław; Fryzowska, Ewelina; Krajewski, Grzegorz; Rummelhoff, Cecilie; Varona, Elena C.; Krupa-Gaweł, Karolina; Laumann, Lisa; Garmann, Nina Gram; Haman, Ewa",2025-07-23,Developmental Cognitive Neuroscience,10.1016/j.dcn.2025.101599,https://www.sciencedirect.com/science/article/pii/S1878929325000945,False,,,1878-9293,,,"Semantic integration is a mechanism of lexical-semantic processing. When indexed by N400, it emerges coupled with vocabulary spurt in the second year. To what extent maturation and language exposure contribute to its development remains unclear. Bilingual toddlers split their time between two languages. While experiencing similar concepts as monolinguals, bilinguals are less exposed to each language’s words. This makes them a key group to disentangle the relative contribution of maturation and language exposure in the emergence of SI. We investigate (1) whether bilinguals follow the same developmental trajectory of semantic integration as monolinguals, and (2) whether semantic integration diﬀers between bilinguals’ dominant and non-dominant languages across time. If language exposure drives SI, we expect earlier timing of onset of semantic integration in monolinguals than bilinguals and language-dominance eﬀects within bilinguals. In this event-related potential mixed longitudinal and cross-sectional study, bilingual and monolingual 18- and 24-month-olds were shown a picture-word priming-paradigm. We found N400 eﬀect at 18 and 24 months in monolinguals. Bilinguals showed no evidence of N400 eﬀect in either the dominant or non-dominant language at any time-point. Although the bilingual sample was smaller than planned, our results contribute to general neurodevelopmental and dual language acquisition models.",2025-07-25T15:44:17Z,,,,,,Lozano2025DevelopmentSemanticIntegration,,2025-07-25T15:44:17Z,2025-07-28T23:26:39Z,,,,,,,,Developmental Cognitive Neuroscience,XJNAVJE6,,ScienceDirect,,,,,,,,101599,,,,,,,,,,,,,,,,,,15506,,,
journalArticle,Registered Report Stage II: Does personality vary by relationship power? An investigation of satisfaction in diverse romantic partnerships,"Junkins, Eleanor J.; Briley, D. A.; Ogolsky, Brian G.; Derringer, Jaime",2025-06-01,Journal of Research in Personality,10.1016/j.jrp.2025.104597,https://www.sciencedirect.com/science/article/pii/S0092656625000297,False,,,0092-6566,,,"Power dynamics are intrinsic to interpersonal interactions. Historically, researchers studied romantic relationship power dynamics in the context of man-woman dyads, potentially confounding gender and power effects. We examined the associations among relationship satisfaction, relationship power, and individual characteristics, including dimensional assessments of gender expression and other personality and sociodemographic characteristics. We performed secondary analyses in a dataset (N = 1,750) that was diverse with respect to gender identity, sexual orientation, and relationship structure. Using complementary nonparametric statistical approaches for interactions and multilevel group analysis, we estimated the extent to which associations among key relationship features and personal characteristics vary and account for effects within- versus between-groups. Despite negligible average estimates of moderation of associations between personality traits and relationship satisfaction by relationship power, moderation was more pronounced for certain groups at certain levels of relationship power. When looking at intersectional participant groupings, there was more variation in the association with relationship satisfaction between-groups when based on identity (gender, relationship-type, SGM, assigned sex at birth) than resource indicators (age, education, leadership, SES). The findings demonstrate that person characteristics play a complex role in romantic relationships. Nonlinear models allowing composite consideration of multiple identities and sociodemographic characteristics can reveal nuanced boundaries on associations between personality, relationship power, and relationship satisfaction.",2025-07-28T23:23:24Z,,,,,,Junkins2025RegisteredReportStage,,2025-07-28T23:23:24Z,2025-07-28T23:26:22Z,,,,,,,,Journal of Research in Personality,2QE5CHJN,,ScienceDirect,,,,,,,,104597,,,,,,,,,,,,,,,Registered Report Stage II,,,15507,116,,
journalArticle,Board gender diversity and earnings quality in a bank-based system: A pre-registered report,"Wong, Yiuwai; Sakawa, Hideaki; Watanabel, Naoki; Teramura, Eriko; Oishi, Ryusuke",2025-06-01,Pacific-Basin Finance Journal,10.1016/j.pacfin.2025.102734,https://www.sciencedirect.com/science/article/pii/S0927538X2500071X,False,,,0927-538X,,,"To examine the impact of women on boards (WOB) and of Japan's corporate governance (CG) code on earnings quality (EQ), we explore women's roles in enhancing EQ and their interactions with bank monitoring within a bank-based financial system. This report intends to reveal whether the role of WOB complements or substitutes for the monitoring of main banks to enhance EQ in Japan. Our study also focuses on Japan's dual audit system as a unique institutional setting. This report contributes to the discussion of whether the presence of WOB effectively enhances EQ in bank-based systems. This report will provide insight into the effectiveness of the CG code in promoting greater representation of WOB and contribute to “Who are effective monitors to enhance earnings quality”.",2025-07-10T04:32:48Z,,,,,,Wong2025BoardGenderDiversity,,2025-07-10T04:32:48Z,2025-07-28T23:26:03Z,,,,,,,,Pacific-Basin Finance Journal,5CL25LQW,,ScienceDirect,,,,,,,,102734,,,,,,,,,,,,,,,Board gender diversity and earnings quality in a bank-based system,,,15508,91,,
journalArticle,"A Gamified Accounting Activity: Experimental Evidence for the Influence of Game-Like Elements on Enjoyment, Engagement, and Learning","Baaske, Becca N.; Cainas, Jennifer M.; Kralik, Juliana M.",2025-07-24,Issues in Accounting Education,10.2308/ISSUES-2022-024,https://doi.org/10.2308/ISSUES-2022-024,False,,,0739-3172,,,"Gamification, or incorporating game-like elements into non-game settings to achieve specific objectives, is an emerging pedagogical tool in education. However, research of its effectiveness on learning is mixed. We draw on existing theory to develop and test a framework that explains the mechanisms through which gamification influences outcomes. Our findings demonstrate that adding a game-like element to an accounting activity can increase enjoyment in the activity, lead to greater cognitive engagement, deeper information processing, and improved learning. However, the increase in enjoyment was primarily driven by using avatars, whereas an interconnected challenge and peer collaboration statements did not produce similar effects. Our findings also reveal that, although enjoyment fosters various forms of engagement, it is cognitive engagement that has a positive and significant relationship with deeper information processing. Our study offers a practical guide for classroom gamification, along with suggested opportunities for further research to expand and refine it.Data Availability: Data are available upon request.",2025-07-28T22:02:58Z,,,,,,Baaske2025GamifiedAccountingActivity,,2025-07-28T22:02:58Z,2025-07-28T22:02:58Z,,,,,,,,Issues in Accounting Education,APPPCR9W,,Silverchair,,,,,,,,1-28,,,,,,,,,,,,,,,A Gamified Accounting Activity,,,15511,,,
journalArticle,Using six behavioral tests to investigate the left visual field advantage (or lack thereof) in face perception,"Li, Elizabeth (Shuxuan); Kieseler, Marie-Luise; Mello, Antonio; Duchaine, Brad",2025-07-15,Journal of Vision,10.1167/jov.25.9.2064,https://doi.org/10.1167/jov.25.9.2064,False,,,1534-7362,,,"The conventional wisdom among face perception researchers is that right-handed, neurotypical adults perform better when faces are presented in the left visual field (LVF) than the right visual field (RVF). However, our review of studies that compared performance between the two visual fields suggests that a file drawer problem may have influenced the literature. The distribution of p values in the studies was bimodal; out of 58 experiments, 27 reported a statistically significant LVF advantage and 6 found a significant RVF advantage. Only 25 experiments had p values between the significance thresholds for an LVF advantage and an RVF advantage, and these values were not clustered close to the thresholds. To investigate visual field asymmetries in face perception in an unbiased manner, we designed six tasks using the divided visual field paradigm as part of our Registered Report: Mooney face detection, two-tone face versus face parts task, sex classification, expression classification, age classification, and famous face identification. Initial data (N = 60) demonstrated that LVF minus RVF accuracy was 0.3%, 4.3%, 0.1%, -1.9%, -1.1%, and -1.2% for the six tasks. Neither accuracy nor RT significantly differed between visual fields for any test. Moreover, we found no effect of participant sex on visual field differences. These initial results suggest that the left visual field advantage is not as strong as the literature indicates, and we will further assess this hypothesis by testing 420 participants prior to VSS, as outlined in our Registered Report. Our study is an initial step toward developing an accurate understanding of visual field asymmetries (or lack thereof) in face processing, and we are confident that this goal can be achieved via pre-registered studies from multiple labs.",2025-07-21T18:07:56Z,,,,,,Li2025UsingSixBehavioral,,2025-07-21T18:07:56Z,2025-07-21T18:07:56Z,,,,,,,9,Journal of Vision,57ELVMNB,,Silverchair,,,,,,,,2064,,,,,,,,,,,,,,,,,,15512,25,,
journalArticle,Open access and open science: some implications for the agricultural economics profession,"Fraser, Iain; Brooks, Jonathan; Bazzani, Claudia",2025-05-29,Q Open,10.1093/qopen/qoaf009,https://academic.oup.com/qopen/article/doi/10.1093/qopen/qoaf009/8052804,False,,,2633-9048,,,"In this paper, we introduce a special issue of Q Open on open access and open science that presents papers from a session at the 2023 European Association of Agricultural Economists Congress. We briefly discuss some of the emerging issues confronting applied economists regarding open access and open science. We also consider how the growth in open access is changing the publication landscape, as well as ongoing efforts to promote open science. As the papers published in the special issue show, there remain unresolved questions regarding the costs and benefits associated with implementing open access and open science.",2025-07-09T16:04:36Z,,,,,,Fraser2025OpenAccessOpen,,2025-07-09T16:04:36Z,2025-07-09T16:04:36Z,,,,,,,3,,IVIJEBFU,en,Crossref,,,,,,,,,,,,,Oxford University Press (OUP),,,,https://creativecommons.org/licenses/by-nc-nd/4.0/,,,,,,Open access and open science,,,15515,5,,
preprint,Revisiting Gino et al.’s (2009) Contagion and Differentiation in Unethical Behavior: A Registered Conceptual Replication and Extension,"Martuza, Jareef; Aslan, Esra",2025-03-02,,10.31234/osf.io/nz2fy_v2,https://osf.io/nz2fy_v2,False,,,,,,"Individual behavior is often shaped by observing others’ actions. The seminal and widely cited Experiment 1 by Gino, Ayal, et al. (2009) found that individuals are more likely to behave dishonestly after witnessing blatant dishonest behavior by an ingroup member than by an outgroup member. However, because there was no strict baseline condition in the original study, where participants would be exposed to the dishonesty of others without any in/outgroup signals, it remains unclear whether the original effect is driven by ingroup contagion, outgroup differentiation, or both. Furthermore, because that experiment used natural groups only, it also remains unclear if distinct properties of natural groups are necessary, or if mere categorization into arbitrary groups suffices. In this registered report, we propose to test their general hypothesis that exposure to ingroup dishonesty norms increases individual dishonest behavior more than exposure to outgroup dishonesty norms does. Using validated procedures for studying dishonesty norms, we propose a conceptual replication and extension of Gino, Ayal, et al.'s (2009) Experiment 1. We will test their general hypothesis in both minimal and natural groups with 3,600 U.S. Americans. In the treatment conditions, participants will be exposed to standardized information about others’ dishonest behavior, where we will systematically vary the group identity signals of those dishonest others, and then allow participants to cheat and double their experimental earnings. Findings will bolster understanding of how group identity-based dishonesty norms affect individual dishonesty by clarifying mechanisms and generalizability of the effect.",2025-07-09T15:49:02Z,,,,,,Martuza2025RevisitingGinoAls,,2025-07-09T15:49:02Z,2025-07-09T15:49:47Z,,,,,,,,,4ZFTAUAM,en-us,OSF Preprints,,,,,,,,,,,,,,,,OSF,,,,,,,Revisiting Gino et al.’s (2009) Contagion and Differentiation in Unethical Behavior,,,15516,,,
journalArticle,Registered Report: Parallel Ethnic Identity Development of Mexican-origin Adolescents and Mothers under the Influence of Neighborhood Latinx Concentration and Ethnic-Racial Diversity,"Tse, Hin Wing; Yan, Jinjin; Sim, Lester; Zhang, Minyu; Wen, Wen; Song, Jiaxiu; Kim, Su Yeong",2025,"Identity (Mahwah, N.J.)",10.1080/15283488.2024.2334708,,False,,,1528-3488,PMC11841834,39991076,"Past research has shown that co-ethnic or ethnically-racially diverse neighborhoods can serve as safe and supportive places for U.S. immigrant families to explore and develop clarity about their ethnic identity. Although parents undergo concurrent changes in the adaptation process with their children, existing research has predominantly focused on adolescents, with fewer examination on adult parents' continued ethnic identity development; additionally, researchers also overlook the impact of neighborhood context on ethnic identity in parents. To fill this gap, this registered study used a three-wave longitudinal dataset of 595 Mexican-origin adolescents and their mothers in central Texas. Latent growth models were used to estimate how ethnic identity (i.e., exploration, centrality, and resolution) changed across time in mother-adolescent dyads. Our findings indicated some level of connectedness in the development of family members' ethnic identities, particularly in terms of exploration. We also found that mothers' ethnic identity development was shaped by their neighborhood contexts, with those residing in more diverse neighborhoods being less likely to explore their ethnic identities. Results inform prevention and intervention efforts to promote family collaboration and help immigrant family members develop a positive sense of ethnic identity in the adaptation process.",,,,,,,Tse2025RegisteredReportParallel,,2025-07-02T05:02:30Z,2025-07-02T05:02:30Z,,,,,,,1,"Identity (Mahwah, N J)",FMBDZFQ4,eng,PubMed,,,,,,,,38-54,,,,,,,,,,,,,,,Registered Report,,,15522,25,,
journalArticle,To which world regions does the valence–dominance model of social perception apply?,"Jones, Benedict C.; DeBruine, Lisa M.; Flake, Jessica K.; Liuzza, Marco Tullio; Antfolk, Jan; Arinze, Nwadiogo C.; Ndukaihe, Izuchukwu L. G.; Bloxsom, Nicholas G.; Lewis, Savannah C.; Foroni, Francesco; Willis, Megan L.; Cubillas, Carmelo P.; Vadillo, Miguel A.; Turiegano, Enrique; Gilead, Michael; Simchon, Almog; Saribay, S. Adil; Owsley, Nicholas C.; Jang, Chaning; Mburu, Georgina; Calvillo, Dustin P.; Wlodarczyk, Anna; Qi, Yue; Ariyabuddhiphongs, Kris; Jarukasemthawee, Somboon; Manley, Harry; Suavansri, Panita; Taephant, Nattasuda; Stolier, Ryan M.; Evans, Thomas R.; Bonick, Judson; Lindemans, Jan W.; Ashworth, Logan F.; Hahn, Amanda C.; Chevallier, Coralie; Kapucu, Aycan; Karaaslan, Aslan; Leongómez, Juan David; Sánchez, Oscar R.; Valderrama, Eugenio; Vásquez-Amézquita, Milena; Hajdu, Nandor; Aczel, Balazs; Szecsi, Peter; Andreychik, Michael; Musser, Erica D.; Batres, Carlota; Hu, Chuan-Peng; Liu, Qing-Lan; Legate, Nicole; Vaughn, Leigh Ann; Barzykowski, Krystian; Golik, Karolina; Schmid, Irina; Stieger, Stefan; Artner, Richard; Mues, Chiel; Vanpaemel, Wolf; Jiang, Zhongqing; Wu, Qi; Marcu, Gabriela M.; Stephen, Ian D.; Lu, Jackson G.; Philipp, Michael C.; Arnal, Jack D.; Hehman, Eric; Xie, Sally Y.; Chopik, William J.; Seehuus, Martin; Azouaghe, Soufian; Belhaj, Abdelkarim; Elouafa, Jamal; Wilson, John P.; Kruse, Elliott; Papadatou-Pastou, Marietta; De La Rosa-Gómez, Anabel; Barba-Sánchez, Alan E.; González-Santoyo, Isaac; Hsu, Tsuyueh; Kung, Chun-Chia; Wang, Hsiao-Hsin; Freeman, Jonathan B.; Oh, Dong Won; Schei, Vidar; Sverdrup, Therese E.; Levitan, Carmel A.; Cook, Corey L.; Chandel, Priyanka; Kujur, Pratibha; Parganiha, Arti; Parveen, Noorshama; Pati, Atanu Kumar; Pradhan, Sraddha; Singh, Margaret M.; Pande, Babita; Bavolar, Jozef; Kačmár, Pavol; Zakharov, Ilya; Álvarez-Solas, Sara; Baskin, Ernest; Thirkettle, Martin; Schmidt, Kathleen; Christopherson, Cody D.; Leonis, Trinity; Suchow, Jordan W.; Olofsson, Jonas K.; Jernsäther, Teodor; Lee, Ai-Suan; Beaudry, Jennifer L.; Gogan, Taylor D.; Oldmeadow, Julian A.; Balas, Benjamin; Stevens, Laura M.; Colloff, Melissa F.; Flowe, Heather D.; Gülgöz, Sami; Brandt, Mark J.; Hoyer, Karlijn; Jaeger, Bastian; Ren, Dongning; Sleegers, Willem W. A.; Wissink, Joeri; Kaminski, Gwenaël; Floerke, Victoria A.; Urry, Heather L.; Chen, Sau-Chin; Pfuhl, Gerit; Vally, Zahir; Basnight-Brown, Dana M.; Jzerman, Hans I.; Sarda, Elisa; Neyroud, Lison; Badidi, Touhami; Van Der Linden, Nicolas; Tan, Chrystalle B. Y.; Kovic, Vanja; Sampaio, Waldir; Ferreira, Paulo; Santos, Diana; Burin, Debora I.; Gardiner, Gwendolyn; Protzko, John; Schild, Christoph; Ścigała, Karolina A.; Zettler, Ingo; O’Mara Kunz, Erin M.; Storage, Daniel; Wagemans, Fieke M. A.; Saunders, Blair; Sirota, Miroslav; Sloane, Guyan V.; Lima, Tiago J. S.; Uittenhove, Kim; Vergauwe, Evie; Jaworska, Katarzyna; Stern, Julia; Ask, Karl; Van Zyl, Casper J. J.; Körner, Anita; Weissgerber, Sophia C.; Boudesseul, Jordane; Ruiz-Dodobara, Fernando; Ritchie, Kay L.; Michalak, Nicholas M.; Blake, Khandis R.; White, David; Gordon-Finlayson, Alasdair R.; Anne, Michele; Janssen, Steve M. J.; Lee, Kean Mun; Nielsen, Tonje K.; Tamnes, Christian K.; Zickfeld, Janis H.; Rosa, Anna Dalla; Vianello, Michelangelo; Kocsor, Ferenc; Kozma, Luca; Putz, Ádám; Tressoldi, Patrizio; Irrazabal, Natalia; Chatard, Armand; Lins, Samuel; Pinto, Isabel R.; Lutz, Johannes; Adamkovic, Matus; Babincak, Peter; Baník, Gabriel; Ropovik, Ivan; Coetzee, Vinet; Dixson, Barnaby J. W.; Ribeiro, Gianni; Peters, Kim; Steffens, Niklas K.; Tan, Kok Wei; Thorstenson, Christopher A.; Fernandez, Ana Maria; Hsu, Rafael M. C. S.; Valentova, Jaroslava V.; Varella, Marco A. C.; Corral-Frías, Nadia S.; Frías-Armenta, Martha; Hatami, Javad; Monajem, Arash; Sharifian, MohammadHasan; Frohlich, Brooke; Lin, Hause; Inzlicht, Michael; Alaei, Ravin; Rule, Nicholas O.; Lamm, Claus; Pronizius, Ekaterina; Voracek, Martin; Olsen, Jerome; Giolla, Erik Mac; Akgoz, Aysegul; Özdoğru, Asil A.; Crawford, Matthew T.; Bennett-Day, Brooke; Koehn, Monica A.; Okan, Ceylan; Gill, Tripat; Miller, Jeremy K.; Dunham, Yarrow; Yang, Xin; Alper, Sinan; Borras-Guevara, Martha Lucia; Cai, Sun Jun; Tiantian, Dong; Danvers, Alexander F.; Feinberg, David R.; Armstrong, Marie M.; Gilboa-Schechtman, Eva; McCarthy, Randy J.; Muñoz-Reyes, Jose Antonio; Polo, Pablo; Shiramazu, Victor K. M.; Yan, Wen-Jing; Carvalho, Lilian; Forscher, Patrick S.; Chartier, Christopher R.; Coles, Nicholas A.",2021-01-04,Nature Human Behaviour,10.1038/s41562-020-01007-2,https://www.nature.com/articles/s41562-020-01007-2,False,,,2397-3374,,,,2025-05-11T10:07:02Z,,,,,,Jones2021WhichWorldRegions,,2025-05-11T10:07:02Z,2025-06-24T08:20:50Z,,,,,,,1,Nat Hum Behav,EWSAMWAJ,en,DOI.org (Crossref),,,,,,,,159-169,,,,,,,,,,,,,,,,,,15523,5,,
journalArticle,"Strength, mating success, and immune and nutritional costs in a population sample of US women and men: A registered report","Smith, Caroline B.; Hagen, Edward H.",2025-01-01,Evolution and Human Behavior,10.1016/j.evolhumbehav.2024.106647,https://www.sciencedirect.com/science/article/pii/S1090513824001235,False,,,1090-5138,,,"Theory and evidence suggest that the mating benefits of muscle mass in human males trade off with costs of increased energy intake and decreased measures of innate immunity, likely due to an evolutionary history of sexual selection. Lassek and Gaulin (2009) demonstrated a positive association between male fat-free mass and limb muscle volume and mating success but did not investigate women. It is therefore unknown if females experience a similar tradeoff. Using data from the 2013–2014 phase of the National Health and Nutrition Examination Survey (NHANES), a large nationally representative sample of US adults (N = 4316), we tested the prediction from the sexual selection hypothesis that the association of upper-body strength, proxied by grip strength, with mating success is significantly positive for males and significantly less so for females. We found a main effect of strength on mating success proxied by lifetime number of sexual partners and current partnered status, but not past-year number of sexual partners or age at first intercourse. We found consistent evidence for a grip strength X sex interaction on partnered status, such that strength was significantly more important for male partnered status than female (but no significant interaction for lifetime sexual partners). We also tested for tradeoffs of upper-body strength with immune and dietary intake and found a positive relationship between grip strength and protein and energy intake, but no significant relationship between grip strength and innate immune function. Our results suggest that sexually dimorphic upper-body strength might have evolved, in part, by increasing male long-term mating success.",2025-04-04T23:28:18Z,,,,,,Smith2025StrengthMatingSuccess,,2025-04-04T23:28:18Z,2025-06-24T08:20:40Z,,,,,,,1,Evolution and Human Behavior,RSTZJXRZ,,ScienceDirect,,,,,,,,106647,,,,,,,,,,,,,,,"Strength, mating success, and immune and nutritional costs in a population sample of US women and men",,,15525,46,,
journalArticle,Should I stay or should I go? Predictors and effects of studying abroad during high school,"Hübner, Nicolas; Trautwein, Ulrich; Nagengast, Benjamin",2021-02-01,Learning and Instruction,10.1016/j.learninstruc.2020.101398,https://www.sciencedirect.com/science/article/pii/S0959475220306939,False,,,0959-4752,,,"In an increasingly globalized and culturally diverse world, extended stays abroad during high school are considered important opportunities for acquiring and improving a variety of skills, most importantly, language achievement. This study examines both predictors and effects of studying abroad in an English-speaking country during high school, using population data from the second largest city in Germany (N = 5361; 13% went abroad). In order to determine the most central predictors of studying abroad, we employed logistic regression models in which students’ socioeconomic background emerged as the strongest predictor of studying abroad. To test the effects of studying abroad, we applied propensity score matching. Studying abroad had positive effects on standardized achievement, grades, and course choice in English, whereas it had hardly any effects on outcomes in math. Implications for studying abroad during high school and future research directions are discussed.",2025-05-13T20:30:03Z,,,,,,Hubner2021ShouldStayShould,,2025-05-13T20:30:03Z,2025-06-24T08:20:39Z,,,,,,,,Learning and Instruction,W2CKVF38,,ScienceDirect,,,,,,,,101398,,,,,,,,,,,,,,,Should I stay or should I go?,,,15526,71,,
journalArticle,Does what you get depend on who you are with? Effects of student composition on teaching quality,"Fauth, Benjamin; Atlay, Cansu; Dumont, Hanna; Decristan, Jasmin",2021-02-01,Learning and Instruction,10.1016/j.learninstruc.2020.101355,https://www.sciencedirect.com/science/article/pii/S095947521930101X,False,,,0959-4752,,,"This study focuses on the association between classroom composition characteristics and teaching quality, with the aim of understanding the role of teaching quality as a mechanism underlying compositional effects. We examine how teaching quality is associated with the student body that is taught. Multilevel analyses of a sample of 1,070 3rd graders have indicated that cognitive and motivational composition of the classroom had an association with the classroom management dimension of teaching quality, whereas sociocultural composition was not associated to any of the teaching quality dimensions rated by the students. Correlations at the classroom level have also pointed at a relationship between the teachers’ and observers’ ratings of classroom management and the composition of general cognitive abilities and interest. We suggest that these findings also have implications for the theoretical conceptualization and the empirical assessment of teaching quality.",2025-05-11T10:13:49Z,,,,,,Fauth2021DoesWhatYou,,2025-05-11T10:13:49Z,2025-06-24T08:19:41Z,,,,,,,,Learning and Instruction,APDZK2AP,,ScienceDirect,,,,,,,,101355,,,,,,,,,,,,,,,Does what you get depend on who you are with?,,,15529,71,,
journalArticle,Cardiovascular mechanisms of interoceptive awareness: Effects of resonance breathing,"Leganes-Fonteneau, Mateo; Bates, Marsha E.; Muzumdar, Neel; Pawlak, Anthony; Islam, Shahriar; Vaschillo, Evgeny; Buckman, Jennifer F.",2021-11-01,International Journal of Psychophysiology,10.1016/j.ijpsycho.2021.09.003,https://www.sciencedirect.com/science/article/pii/S0167876021008813,False,,,0167-8760,,,"Interoception, the ability to perceive internal bodily sensations, and heart rate variability (HRV) share common physiological pathways, including the baroreflex feedback loop. The baroreflex can be activated by resonance breathing, wherein respiration is paced at 6 times per minute (0.1 Hz), eliciting immediate physiological changes and longer-term therapeutic responses. This registered report characterizes baroreflex functioning as a cardiac mechanism of interoception in a two-session study (n = 67). The heartbeat discrimination task was used to obtain indices of interoceptive accuracy, sensibility and metacognition. Baroreflex functioning was measured as HRV at 0.1 Hz and baroreflex sensitivity (BRS); high frequency (HF) HRV was calculated as a control. Cardiovascular indices were measured at baseline and during active and control paced breathing after which changes in interoception were measured. The first hypothesis was that baseline baroreflex functioning would predict individual differences in interoceptive awareness. The second hypothesis was that resonance breathing would increase participants' ability to detect their own heartbeats, and that this effect would be mediated by increases in 0.1 Hz HRV and BRS. Data were collected upon in principle acceptance of the manuscript. We found a negative relationship of interoceptive accuracy with baseline HF HRV and BRS, and a positive relationship between metacognitive interoception and 0.1HZ HRV, BRS and HF HRV. We found that changes in 0.1 Hz HRV and BRS during resonance breathing positively correlate with increases in interoceptive accuracy. Our results show that the extent to which breathing recruits the resonant properties of the cardiovascular system can facilitate the conscious perception of participants' heartbeats. We interpret this as an increase in vagal afferent signaling and baroreflex functioning following resonance breathing. We put forward an alternative explanation that HRV modulation can reduce interoceptive prediction errors, facilitating the conscious perception of interoceptive signals, and consider the role of resonance breathing on mental health from an interoceptive inference perspective.",2025-06-09T23:38:44Z,,,,,,Leganes-Fonteneau2021CardiovascularMechanismsInteroceptive,,2025-06-09T23:38:44Z,2025-06-09T23:38:44Z,,,,,,,,International Journal of Psychophysiology,7WEVKU58,,ScienceDirect,,,,,,,,71-87,,,,,,,,,,,,,,,Cardiovascular mechanisms of interoceptive awareness,,,15530,169,,
journalArticle,Positivity effect and decision making in ageing,"Levin, Fedor; , Fiedler ,Susann; and Weber, Bernd",2021-05-19,Cognition and Emotion,10.1080/02699931.2021.1884533,https://doi.org/10.1080/02699931.2021.1884533,False,,,0269-9931,,33590817,"Across various contexts, older adults demonstrate a positivity effect – an age-related increase in a relative bias toward positive emotional stimuli as compared to negative stimuli. Previous research has demonstrated how this effect can influence decision making processes, specifically information search and choice satisfaction. However, the potential impact of the positivity effect and resulting age differences in information acquisition on decision quality has not been conclusively determined. We conducted an online decision making study comprising choices among charitable organisations with 152 younger and 152 older adults to investigate this relationship. We did not observe the positivity effect defined as higher positivity bias in older compared to younger adults. On the contrary, younger adults showed a slightly higher positivity bias. We also did not observe a link between a bias in information search toward positive or negative stimuli and decision quality. The results replicate the link between positivity bias and decision satisfaction. Older and younger adults did not differ in their decision quality. Finally, the findings did not support a potential influence of loss prevention orientation. Further research is required to address the factors that could influence the positivity effect in decision making.",2025-06-09T23:38:23Z,,,,,,Levin2021PositivityEffectDecision,,2025-06-09T23:38:23Z,2025-06-09T23:38:23Z,,,_eprint: https://doi.org/10.1080/02699931.2021.1884533,,,,4,,KNVSLQ5J,,Taylor and Francis+NEJM,,,,,,,,790-804,,,,,Routledge,,,,,,,,,,,,,15531,35,,
journalArticle,Listener expectations and the perceptual accommodation of talker variability: A pre-registered replication,"Luthra, Sahil; Saltzman, David; Myers, Emily B.; Magnuson, James S.",2021-08-01,"Attention, Perception, & Psychophysics",10.3758/s13414-021-02317-x,https://doi.org/10.3758/s13414-021-02317-x,False,,,1943-393X,,,"Researchers have hypothesized that in order to accommodate variability in how talkers produce their speech sounds, listeners must perform a process of talker normalization. Consistent with this proposal, several studies have shown that spoken word recognition is slowed when speech is produced by multiple talkers compared with when all speech is produced by one talker (a multitalker processing cost). Nusbaum and colleagues have argued that talker normalization is modulated by attention (e.g., Nusbaum & Morin, 1992, Speech Perception, Production and Linguistic Structure, pp. 113–134). Some of the strongest evidence for this claim is from a speeded monitoring study where a group of participants who expected to hear two talkers showed a multitalker processing cost, but a separate group who expected one talker did not (Magnuson & Nusbaum, 2007, Journal of Experimental Psychology, 33[2], 391–409). In that study, however, the sample size was small and the crucial interaction was not significant. In this registered report, we present the results of a well-powered attempt to replicate those findings. In contrast to the previous study, we did not observe multitalker processing costs in either of our groups. To rule out the possibility that the null result was due to task constraints, we conducted a second experiment using a speeded classification task. As in Experiment 1, we found no influence of expectations on talker normalization, with no multitalker processing cost observed in either group. Our data suggest that the previous findings of Magnuson and Nusbaum (2007) be regarded with skepticism and that talker normalization may not be permeable to high-level expectations.",2025-06-09T23:37:04Z,,,,,,Luthra2021ListenerExpectationsPerceptual,,2025-06-09T23:37:04Z,2025-06-09T23:37:04Z,,,,,,,6,Atten Percept Psychophys,WXD96NIE,en,Springer Link,,,,,,,,2367-2376,,,,,,,,,,,,,,,Listener expectations and the perceptual accommodation of talker variability,,,15532,83,,
journalArticle,Why Does the IAT Reveal a Preference for Stimuli Said to Be Paired With an Unpleasant Sound? Stalking the Unexpected,"Mattavelli, Simone; Van Dessel, Pieter; De Houwer, Jan; Anvari, Farid",2021-01-26,Collabra: Psychology,10.1525/collabra.18733,https://doi.org/10.1525/collabra.18733,False,,,2474-7394,,,"The Implicit Association Test (IAT) is the most widely used measure to assess automatic evaluations. One classic phenomenon that has been well established both using the IAT and self-report measures of liking is evaluative conditioning (EC), which refers to a change in the evaluation of a stimulus due to its pairing with another stimulus. Research has documented that EC can also occur when participants are merely informed about upcoming stimulus pairings. In a recent study, participants reported a more negative evaluation of non-words that were instructed to be followed by an unpleasant sound compared to non-words that would not to be followed by this sound (De Houwer, Mattavelli, &amp; Van Dessel, 2019). Interestingly, however, an unexpected pattern was observed on an IAT, that is, a preference for the stimulus said to be followed by the sound. We report three pre-registered experiments (N = 650) in which we manipulated different aspects of the procedure such as the stimuli, instructions, and the measure, but that still revealed the same dissociation. Based on three pilot experiments (N = 92), we then conducted a registered report study (Experiment 4) testing whether the unexpected effect depends on how the USs are labelled in the instructions. Although describing the aversive sound as negative eliminated the unexpected IAT effect, the type of instruction only had a weak impact on IAT effects. These results are in line with prior evidence showing that IAT scores are malleable.",2025-06-09T23:36:40Z,,,,,,Mattavelli2021WhyDoesIAT,,2025-06-09T23:36:40Z,2025-06-09T23:36:40Z,,,,,,,1,Collabra: Psychology,YYHY99ZS,,Silverchair,,,,,,,,18733,,,,,,,,,,,,,,,Why Does the IAT Reveal a Preference for Stimuli Said to Be Paired With an Unpleasant Sound?,,,15533,7,,
journalArticle,Registered report: investigating a preference for certainty in conversation among autistic adults compared to dyslexic adults and the general population,"Wilson, Alexander C.; Bishop, Dorothy V. M.",2020-12-14,PeerJ,10.7717/peerj.10398,https://peerj.com/articles/10398,False,,,2167-8359,,,"Social communication difficulties are a diagnostic feature in autism. These difficulties are sometimes attributed, at least in part, to impaired ability in making inferences about what other people mean. In this registered report, we test a competing hypothesis that the communication profile of adults on the autism spectrum can be more strongly characterised by reduced confidence in making inferences in the face of uncertain information. We will test this hypothesis by comparing the performance of 100 autistic and 100 non-autistic adults on a test of implied meaning, using a test of grammaticality judgements as a control task. We hypothesise that autistic adults will report substantially lower confidence, allowing for differences in accuracy, than non-autistic adults on the test of implied meaning compared to the grammaticality test. In addition, we hypothesise that reduced confidence in drawing inferences will relate to the cognitive trait Intolerance of Uncertainty and self-reported social communication challenges. Finally, we will conduct exploratory analysis to assess the specificity of the communication profile of the autistic adults by comparing their performance to that of dyslexic adults, who might also be expected to experience challenges with language and communication.",2025-06-09T23:35:26Z,,,,,,Wilson2020RegisteredReportInvestigating,,2025-06-09T23:35:26Z,2025-06-09T23:35:26Z,,,,,,,,PeerJ,6ANT4KG9,en,peerj.com,,,,,,,,e10398,,,,,PeerJ Inc.,,,,,,,,,,Registered report,,,15534,8,,
journalArticle,The role of task similarity for ego depletion: A registered report,"Primoceri, Pierpaolo; Ramer, Nicolas; Ullrich, Johannes; Job, Veronika",2021-07-01,Journal of Experimental Social Psychology,10.1016/j.jesp.2021.104133,https://www.sciencedirect.com/science/article/pii/S0022103121000330,False,,,0022-1031,,,"Ego depletion refers to decrements in self-control performance resulting from prior use of self-control. The ego depletion effect has received much research attention, but the more recent literature reports small or null effects. This registered report examined the moderating effect of task similarity on the ego depletion effect. We predicted a crossover interaction between type of primary and secondary task such that engaging in a demanding self-control task should lead to better performance in the secondary task when it is similar to the primary task (facilitation effect) but worse performance when it is dissimilar (ego depletion). In a preregistered pilot study, N = 80 participants first completed either a visual stop-signal task (SST) or a simple lexical categorization task. They proceeded with one of four tasks classified as increasingly dissimilar based on their underlying operations and executive functions: (1) auditory stop-signal task, (2) Stroop task, (3) Eriksen flanker task, and (4) unsolvable anagrams. Both the pilot study and a high-powered registered replication (N = 300) revealed the predicted interaction effect. However, evidence for facilitation from similar tasks was stronger than evidence for depletion from dissimilar tasks. Together, these findings highlight the important role of task similarity for the study of ego depletion and related phenomena.",2025-06-09T23:35:21Z,,,,,,Primoceri2021RoleTaskSimilarity,,2025-06-09T23:35:21Z,2025-06-09T23:35:21Z,,,,,,,,Journal of Experimental Social Psychology,MSS5UZXC,,ScienceDirect,,,,,,,,104133,,,,,,,,,,,,,,,The role of task similarity for ego depletion,,,15535,95,,
journalArticle,It's no longer “me”: Low past-self-continuity reduces the sunk-cost bias,"Schanbacher, Anja D.; Gurdamar-Okutur, Nazli; Faro, David",2021-07-01,Journal of Experimental Social Psychology,10.1016/j.jesp.2021.104146,https://www.sciencedirect.com/science/article/pii/S0022103121000469,False,,,0022-1031,,,"The sunk-cost bias describes the tendency to continue an inferior course of action because one has invested significant, irrecoverable resources in it in the past. It can lead individuals to make decisions that are suboptimal for their welfare. Across five experiments (N = 3197), we investigate whether the tendency of individuals to display sunk-cost bias is influenced by their sense of psychological connectedness to their past self that incurred the initial cost, or past-self-continuity. Studies 1–3 show evidence that individuals with low (versus high) past-self-continuity are less likely to display sunk-cost bias because they anticipate less negative feelings associated with abandoning substantial investments. Study 4, which was conducted under Registered Report format, provides partial support for this theory. We discuss potential complementary mechanisms, as well as implications of our findings for negative self-focused emotions and for decision biases routed in overweighting of or overcommitment to past actions.",2025-06-09T23:30:53Z,,,,,,Schanbacher2021ItsNoLonger,,2025-06-09T23:30:53Z,2025-06-09T23:30:53Z,,,,,,,,Journal of Experimental Social Psychology,K5KYYKND,,ScienceDirect,,,,,,,,104146,,,,,,,,,,,,,,,It's no longer “me”,,,15536,95,,
journalArticle,A multi-country test of brief reappraisal interventions on emotions during the COVID-19 pandemic,"Wang, Ke; Goldenberg, Amit; Dorison, Charles A.; Miller, Jeremy K.; Uusberg, Andero; Lerner, Jennifer S.; Gross, James J.; Agesin, Bamikole Bamikole; Bernardo, Márcia; Campos, Olatz; Eudave, Luis; Grzech, Karolina; Ozery, Daphna Hausman; Jackson, Emily A.; Garcia, Elkin Oswaldo Luis; Drexler, Shira Meir; Jurković, Anita Penić; Rana, Kafeel; Wilson, John Paul; Antoniadi, Maria; Desai, Kermeka; Gialitaki, Zoi; Kushnir, Elizaveta; Nadif, Khaoula; Bravo, Olalla Niño; Nauman, Rafia; Oosterlinck, Marlies; Pantazi, Myrto; Pilecka, Natalia; Szabelska, Anna; van Steenkiste, I. M. M.; Filip, Katarzyna; Bozdoc, Andreea Ioana; Marcu, Gabriela Mariana; Agadullina, Elena; Adamkovič, Matúš; Roczniewska, Marta; Reyna, Cecilia; Kassianos, Angelos P.; Westerlund, Minja; Ahlgren, Lina; Pöntinen, Sara; Adetula, Gabriel Agboola; Dursun, Pinar; Arinze, Azuka Ikechukwu; Arinze, Nwadiogo Chisom; Ogbonnaya, Chisom Esther; Ndukaihe, Izuchukwu L. G.; Dalgar, Ilker; Akkas, Handan; Macapagal, Paulo Manuel; Lewis, Savannah; Metin-Orta, Irem; Foroni, Francesco; Willis, Megan; Santos, Anabela Caetano; Mokady, Aviv; Reggev, Niv; Kurfali, Merve A.; Vasilev, Martin R.; Nock, Nora L.; Parzuchowski, Michal; Espinoza Barría, Mauricio F.; Vranka, Marek; Kohlová, Markéta Braun; Ropovik, Ivan; Harutyunyan, Mikayel; Wang, Chunhui; Yao, Elvin; Becker, Maja; Manunta, Efisio; Kaminski, Gwenael; Boudesseu, Jordane; Marko, Dafne; Evans, Kortnee; Lewis, David M. G.; Findor, Andrej; Landry, Anais Thibault; Aruta, John Jamir Benzon; Ortiz, Manuel S.; Vally, Zahir; Pronizius, Ekaterina; Voracek, Martin; Lamm, Claus; Grinberg, Maurice; Li, Ranran; Valentova, Jaroslava Varella; Mioni, Giovanna; Cellini, Nicola; Chen, Sau-Chin; Zickfeld, Janis; Moon, Karis; Azab, Habiba; Levy, Neil; Karababa, Alper; Beaudry, Jennifer L.; Boucher, Leanne; Collins, W. Matthew; Todsen, Anna Louise; van Schie, Kevin; Vintr, Jáchym; Bavolar, Jozef; Kaliska, Lada; Križanić, Valerija; Samojlenko, Lara; Pourafshari, Razieh; Geiger, Sandra J.; Beitner, Julia; Warmelink, Lara; Ross, Robert M.; Stephen, Ian D.; Hostler, Thomas J.; Azouaghe, Soufian; McCarthy, Randy; Szala, Anna; Grano, Caterina; Solorzano, Claudio Singh; Anjum, Gulnaz; Jimenez-Leal, William; Bradford, Maria; Pérez, Laura Calderón; Cruz Vásquez, Julio E.; Galindo-Caballero, Oscar J.; Vargas-Nieto, Juan Camilo; Kácha, Ondřej; Arvanitis, Alexios; Xiao, Qinyu; Cárcamo, Rodrigo; Zorjan, Saša; Tajchman, Zuzanna; Vilares, Iris; Pavlacic, Jeffrey M.; Kunst, Jonas R.; Tamnes, Christian K.; von Bastian, Claudia C.; Atari, Mohammad; Sharifian, MohammadHasan; Hricova, Monika; Kačmár, Pavol; Schrötter, Jana; Rahal, Rima-Maria; Cohen, Noga; FatahModares, Saeideh; Zrimsek, Miha; Zakharov, Ilya; Koehn, Monica A.; Esteban-Serna, Celia; Calin-Jageman, Robert J.; Krafnick, Anthony J.; Štrukelj, Eva; Isager, Peder Mortvedt; Urban, Jan; Silva, Jaime R.; Martončik, Marcel; Očovaj, Sanja Batić; Šakan, Dušana; Kuzminska, Anna O.; Djordjevic, Jasna Milosevic; Almeida, Inês A. T.; Ferreira, Ana; Lazarevic, Ljiljana B.; Manley, Harry; Ricaurte, Danilo Zambrano; Monteiro, Renan P.; Etabari, Zahra; Musser, Erica; Dunleavy, Daniel; Chou, Weilun; Godbersen, Hendrik; Ruiz-Fernández, Susana; Reeck, Crystal; Batres, Carlota; Kirgizova, Komila; Muminov, Abdumalik; Azevedo, Flavio; Alvarez, Daniela Serrato; Butt, Muhammad Mussaffa; Lee, Jeong Min; Chen, Zhang; Verbruggen, Frederick; Ziano, Ignazio; Tümer, Murat; Charyate, Abdelilah C. A.; Dubrov, Dmitrii; Tejada Rivera, María del Carmen M. C.; Aberson, Christopher; Pálfi, Bence; Maldonado, Mónica Alarcón; Hubena, Barbora; Sacakli, Asli; Ceary, Chris D.; Richard, Karley L.; Singer, Gage; Perillo, Jennifer T.; Ballantyne, Tonia; Cyrus-Lai, Wilson; Fedotov, Maksim; Du, Hongfei; Wielgus, Magdalena; Pit, Ilse L.; Hruška, Matej; Sousa, Daniela; Aczel, Balazs; Hajdu, Nandor; Szaszi, Barnabas; Adamus, Sylwia; Barzykowski, Krystian; Micheli, Leticia; Schmidt, Nadya-Daniela; Zsido, Andras N.; Paruzel-Czachura, Mariola; Muda, Rafał; Bialek, Michal; Kowal, Marta; Sorokowska, Agnieszka; Misiak, Michal; Mola, Débora; Ortiz, María Victoria; Correa, Pablo Sebastián; Belaus, Anabel; Muchembled, Fany; Ribeiro, Rafael R.; Arriaga, Patricia; Oliveira, Raquel; Vaughn, Leigh Ann; Szwed, Paulina; Kossowska, Małgorzata; Czarnek, Gabriela; Kielińska, Julita; Antazo, Benedict; Betlehem, Ruben; Stieger, Stefan; Nilsonne, Gustav; Simonovic, Nicolle; Taber, Jennifer; Gourdon-Kanhukamwe, Amélie; Domurat, Artur; Ihaya, Keiko; Yamada, Yuki; Urooj, Anum; Gill, Tripat; Čadek, Martin; Bylinina, Lisa; Messerschmidt, Johanna; Kurfalı, Murathan; Adetula, Adeyemi; Baklanova, Ekaterina; Albayrak-Aydemir, Nihan; Kappes, Heather B.; Gjoneska, Biljana; House, Thea; Jones, Marc V.; Berkessel, Jana B.; Chopik, William J.; Çoksan, Sami; Seehuus, Martin; Khaoudi, Ahmed; Bokkour, Ahmed; El Arabi, Kanza Ait; Djamai, Ikhlas; Iyer, Aishwarya; Parashar, Neha; Adiguzel, Arca; Kocalar, Halil Emre; Bundt, Carsten; Norton, James O.; Papadatou-Pastou, Marietta; De la Rosa-Gomez, Anabel; Ankushev, Vladislav; Bogatyreva, Natalia; Grigoryev, Dmitry; Ivanov, Aleksandr; Prusova, Irina; Romanova, Marina; Sarieva, Irena; Terskova, Maria; Hristova, Evgeniya; Kadreva, Veselina Hristova; Janak, Allison; Schei, Vidar; Sverdrup, Therese E.; Askelund, Adrian Dahl; Pineda, Lina Maria Sanabria; Krupić, Dajana; Levitan, Carmel A.; Johannes, Niklas; Ouherrou, Nihal; Say, Nicolas; Sinkolova, Sladjana; Janjić, Kristina; Stojanovska, Marija; Stojanovska, Dragana; Khosla, Meetu; Thomas, Andrew G.; Kung, Franki Y. H.; Bijlstra, Gijsbert; Mosannenzadeh, Farnaz; Balci, Busra Bahar; Reips, Ulf-Dietrich; Baskin, Ernest; Ishkhanyan, Byurakn; Czamanski-Cohen, Johanna; Dixson, Barnaby James Wyld; Moreau, David; Sutherland, Clare A. M.; Chuan-Peng, Hu; Noone, Chris; Flowe, Heather; Anne, Michele; Janssen, Steve M. J.; Topor, Marta; Majeed, Nadyanna M.; Kunisato, Yoshihiko; Yu, Karen; Daches, Shimrit; Hartanto, Andree; Vdovic, Milica; Anton-Boicuk, Lisa; Forbes, Paul A. G.; Kamburidis, Julia; Marinova, Evelina; Nedelcheva-Datsova, Mina; Rachev, Nikolay R.; Stoyanova, Alina; Schmidt, Kathleen; Suchow, Jordan W.; Koptjevskaja-Tamm, Maria; Jernsäther, Teodor; Olofsson, Jonas K.; Bialobrzeska, Olga; Marszalek, Magdalena; Tatachari, Srinivasan; Afhami, Reza; Law, Wilbert; Antfolk, Jan; Žuro, Barbara; Van Doren, Natalia; Soto, Jose A.; Searston, Rachel; Miranda, Jacob; Damnjanović, Kaja; Yeung, Siu Kit; Krupić, Dino; Hoyer, Karlijn; Jaeger, Bastian; Ren, Dongning; Pfuhl, Gerit; Klevjer, Kristoffer; Corral-Frías, Nadia S.; Frias-Armenta, Martha; Lucas, Marc Y.; Torres, Adriana Olaya; Toro, Mónica; Delgado, Lady Grey Javela; Vega, Diego; Solas, Sara Álvarez; Vilar, Roosevelt; Massoni, Sébastien; Frizzo, Thomas; Bran, Alexandre; Vaidis, David C.; Vieira, Luc; Paris, Bastien; Capizzi, Mariagrazia; Coelho, Gabriel Lins de Holanda; Greenburgh, Anna; Whitt, Cassie M.; Tullett, Alexa M.; Du, Xinkai; Volz, Leonhard; Bosma, Minke Jasmijn; Karaarslan, Cemre; Sarıoğuz, Eylül; Allred, Tara Bulut; Korbmacher, Max; Colloff, Melissa F.; Lima, Tiago J. S.; Ribeiro, Matheus Fernando Felix; Verharen, Jeroen P. H.; Karekla, Maria; Karashiali, Christiana; Sunami, Naoyuki; Jaremka, Lisa M.; Storage, Daniel; Habib, Sumaiya; Studzinska, Anna; Hanel, Paul H. P.; Holford, Dawn Liu; Sirota, Miroslav; Wolfe, Kelly; Chiu, Faith; Theodoropoulou, Andriana; Ahn, El Rim; Lin, Yijun; Westgate, Erin C.; Brohmer, Hilmar; Hofer, Gabriela; Dujols, Olivier; Vezirian, Kevin; Feldman, Gilad; Travaglino, Giovanni A.; Ahmed, Afroja; Li, Manyu; Bosch, Jasmijn; Torunsky, Nathan; Bai, Hui; Manavalan, Mathi; Song, Xin; Walczak, Radoslaw B.; Zdybek, Przemysław; Friedemann, Maja; Rosa, Anna Dalla; Kozma, Luca; Alves, Sara G.; Lins, Samuel; Pinto, Isabel R.; Correia, Rita C.; Babinčák, Peter; Banik, Gabriel; Rojas-Berscia, Luis Miguel; Varella, Marco A. C.; Uttley, Jim; Beshears, Julie E.; Thommesen, Katrine Krabbe; Behzadnia, Behzad; Geniole, Shawn N.; Silan, Miguel A.; Maturan, Princess Lovella G.; Vilsmeier, Johannes K.; Tran, Ulrich S.; Izquierdo, Sara Morales; Mensink, Michael C.; Sorokowski, Piotr; Groyecka-Bernard, Agata; Radtke, Theda; Adoric, Vera Cubela; Carpentier, Joelle; Özdoğru, Asil Ali; Joy-Gaba, Jennifer A.; Hedgebeth, Mattie V.; Ishii, Tatsunori; Wichman, Aaron L.; Röer, Jan Philipp; Ostermann, Thomas; Davis, William E.; Suter, Lilian; Papachristopoulos, Konstantinos; Zabel, Chelsea; Onie, Sandersan; Ebersole, Charles R.; Chartier, Christopher R.; Mallik, Peter R.; Urry, Heather L.; Buchanan, Erin M.; Coles, Nicholas A.; Primbs, Maximilian A.; Basnight-Brown, Dana M.; IJzerman, Hans; Forscher, Patrick S.; Moshontz, Hannah",2021-08,Nature Human Behaviour,10.1038/s41562-021-01173-x,https://www.nature.com/articles/s41562-021-01173-x,False,,,2397-3374,,,"The COVID-19 pandemic has increased negative emotions and decreased positive emotions globally. Left unchecked, these emotional changes might have a wide array of adverse impacts. To reduce negative emotions and increase positive emotions, we tested the effectiveness of reappraisal, an emotion-regulation strategy that modifies how one thinks about a situation. Participants from 87 countries and regions (n = 21,644) were randomly assigned to one of two brief reappraisal interventions (reconstrual or repurposing) or one of two control conditions (active or passive). Results revealed that both reappraisal interventions (vesus both control conditions) consistently reduced negative emotions and increased positive emotions across different measures. Reconstrual and repurposing interventions had similar effects. Importantly, planned exploratory analyses indicated that reappraisal interventions did not reduce intentions to practice preventive health behaviours. The findings demonstrate the viability of creating scalable, low-cost interventions for use around the world.",2025-06-09T23:27:45Z,,,,,,Wang2021MulticountryTestBrief,,2025-06-09T23:27:45Z,2025-06-09T23:27:45Z,,,,,,,8,Nat Hum Behav,CCZYZ8BM,en,www.nature.com,,,,,,,,1089-1110,,,,,Nature Publishing Group,,,,"2021 The Author(s), under exclusive licence to Springer Nature Limited",,,,,,,,,15537,5,,
journalArticle,Changing health compliance through message repetition based on the extended parallel process model in the COVID-19 pandemic,"Yang, Jingwen; Wu, Xue; Sasaki, Kyoshiro; Yamada, Yuki",2020-11-02,PeerJ,10.7717/peerj.10318,https://peerj.com/articles/10318,False,,,2167-8359,,,"When people are confronted with health proposals during the coronavirus disease 2019 (COVID-19) pandemic, it has been suggested that fear of COVID-19 can serve protective functions and ensure public health compliance. However, health proposal repetition and its perceived efficacy also influence the behavior intention toward the proposal, which has not yet been confirmed in the COVID-19 context. The present study aims to examine whether the extended parallel process model (EPPM) can be generalized to a naturalistic context like the COVID-19 pandemic. Additionally, we will explore how repetition of a health proposal is involved with the EPPM. In this study, two groups of participants are exposed to the same health proposal related to COVID-19, where one group is exposed once and another group twice. They then fill out a questionnaire consisting of items concerning behavior intention and adapted from the Risk Behavior Diagnosis Scale. Structural equation modeling will be used to determine the multivariate associations between the variables. We predict that repetition of the health proposal will associate with response efficacy (i.e., a belief about the effectiveness of the health proposal in deterring the threat) and perceived susceptibility (i.e., a belief about the risk of experiencing the threat). It is also predicted that following the EPPM, behavior intention will associate with both perceived efficacy of the health proposal, which will underlie response efficacy, and perceived threat of COVID-19, which will underlie perceived susceptibility. We will discuss the process, based on the model, where health message repetition affects behavior intention during the COVID-19 pandemic.",2025-06-09T23:26:36Z,,,,,,Yang2020ChangingHealthCompliance,,2025-06-09T23:26:36Z,2025-06-09T23:26:36Z,,,,,,,,PeerJ,GSM2TJ5X,en,peerj.com,,,,,,,,e10318,,,,,PeerJ Inc.,,,,,,,,,,,,,15538,8,,
journalArticle,Early bilingual experience is associated with change detection ability in adults,"D’Souza, Dean; Brady, Daniel; Haensel, Jennifer X.; D’Souza, Hana",2021-01-22,Scientific Reports,10.1038/s41598-021-81545-5,https://www.nature.com/articles/s41598-021-81545-5,False,,,2045-2322,,,"To adapt to their more varied and unpredictable (language) environments, infants from bilingual homes may gather more information (sample more of their environment) by shifting their visual attention more frequently. However, it is not known whether this early adaptation is age-specific or lasts into adulthood. If the latter, we would expect to observe it in adults who acquired their second language early, not late, in life. Here we show that early bilingual adults are faster at disengaging attention to shift attention, and at noticing changes between visual stimuli, than late bilingual adults. In one experiment, participants were presented with the same two visual stimuli; one changed (almost imperceptibly), the other remained the same. Initially, participants looked at both stimuli equally; eventually, they fixated more on the changing stimulus. This shift in looking occurred in the early but not late bilinguals. It suggests that cognitive processes adapt to early bilingual experiences.",2025-06-09T17:30:36Z,,,,,,DSouza2021EarlyBilingualExperience,,2025-06-09T17:30:36Z,2025-06-09T17:30:36Z,,,,,,,1,Sci Rep,SRC638GE,en,www.nature.com,,,,,,,,2068,,,,,Nature Publishing Group,,,,2021 The Author(s),,,,,,,,,15539,11,,
journalArticle,A registered replication study on oxytocin and trust,"Declerck, Carolyn H.; Boone, Christophe; Pauwels, Loren; Vogt, Bodo; Fehr, Ernst",2020-06,Nature Human Behaviour,10.1038/s41562-020-0878-x,https://www.nature.com/articles/s41562-020-0878-x,False,,,2397-3374,,,"In an influential paper, Kosfeld et al. (2005) showed that intranasal administration of oxytocin (OT) increases the transfers made by investors in the trust game—suggesting that OT increases trust in strangers. Subsequent studies investigating the role of OT in the trust game found inconclusive effects on the trusting behaviour of investors but these studies deviated from the Kosfeld et al. study in an important way—they did not implement minimal social contact (MSC) between the investors and the trustees in the trust game. Here, we performed a large double-blind and placebo-controlled replication study of the effects of OT on trusting behaviour that yields a power of more than 95% and implements an MSC condition as well as a no-social-contact (NoC) condition. We find no effect of OT on trusting behaviour in the MSC condition. Exploratory post hoc analyses suggest that OT may increase trust in individuals with a low disposition to trust in the NoC condition, but this finding requires confirmation in future research.",2025-06-09T17:30:21Z,,,,,,Declerck2020RegisteredReplicationStudy,,2025-06-09T17:30:21Z,2025-06-09T17:30:21Z,,,,,,,6,Nat Hum Behav,ELERSQ6I,en,www.nature.com,,,,,,,,646-655,,,,,Nature Publishing Group,,,,"2020 The Author(s), under exclusive licence to Springer Nature Limited",,,,,,,,,15540,4,,
journalArticle,A pupillary index of susceptibility to decision biases,"Eldar, Eran; Felso, Valkyrie; Cohen, Jonathan D.; Niv, Yael",2021-05,Nature Human Behaviour,10.1038/s41562-020-01006-3,https://www.nature.com/articles/s41562-020-01006-3,False,,,2397-3374,,,"The demonstration that human decision-making can systematically violate the laws of rationality has had a wide impact on behavioural sciences. In this study, we use a pupillary index to adjudicate between two existing hypotheses about how irrational biases emerge: the hypothesis that biases result from fast, effortless processing and the hypothesis that biases result from more extensive integration. While effortless processing is associated with smaller pupillary responses, more extensive integration is associated with larger pupillary responses. Thus, we tested the relationship between pupil response and choice behaviour on six different foundational decision-making tasks that are classically used to demonstrate irrational biases. Participants demonstrated the expected systematic biases and their pupillary measurements satisfied pre-specified quality checks. Planned analyses returned inconclusive results, but exploratory examination of the data revealed an association between high pupillary responses and biased decisions. The findings provide preliminary support for the hypothesis that biases arise from gradual information integration.",2025-06-09T17:29:00Z,,,,,,Eldar2021PupillaryIndexSusceptibility,,2025-06-09T17:29:00Z,2025-06-09T17:29:00Z,,,,,,,5,Nat Hum Behav,L249I939,en,www.nature.com,,,,,,,,653-662,,,,,Nature Publishing Group,,,,"2021 The Author(s), under exclusive licence to Springer Nature Limited",,,,,,,,,15541,5,,
journalArticle,Functional evaluation of NK1 antagonism on cue reactivity in opiate dependence; An fMRI study,"Fonville, Leon; Paterson, Louise; Herlinger, Katherine; Hayes, Alexandra; Hill, Raymond; Nutt, David; Lingford-Hughes, Anne",2021-04-01,Drug and Alcohol Dependence,10.1016/j.drugalcdep.2021.108564,https://www.sciencedirect.com/science/article/pii/S0376871621000594,False,,,0376-8716,,,"Background Opiate addiction is a major health challenge with substantial societal cost. Though harm minimisation strategies have been effective, there is a growing need for new treatments for detoxification and relapse prevention. Preclinical research has found neurokinin 1 (NK1) receptors have prominent effects on opiate reward and reinforcement, and human studies have found NK1 antagonism led to reductions in craving and withdrawal. However, its effect on brain mechanisms in opiate addiction has not yet been examined. Methods This study aims to assess the impact of NK1 antagonist aprepitant on heroin cue-elicited changes in blood-oxygenation level dependent (BOLD) signal in opiate dependent individuals undergoing detoxification. Participants will attend two scanning sessions and receive a single dose of aprepitant (320 mg) and a placebo in a randomised, cross-over design. During functional magnetic resonance imaging participants will undergo two runs of a cue reactivity task, which consists of passive viewing of drug cues or neutral cues in a block design fashion. We hypothesise that NK1 antagonism will attenuate the BOLD response to drug cues in the caudate nucleus and amygdala. Regions of interest were selected based on NK1 receptor density and their role in cue reactivity and craving.",2025-06-09T17:27:58Z,,,,,,Fonville2021FunctionalEvaluationNK1,,2025-06-09T17:27:58Z,2025-06-09T17:27:58Z,,,,,,,,Drug and Alcohol Dependence,YCC2J3KX,,ScienceDirect,,,,,,,,108564,,,,,,,,,,,,,,,,,,15542,221,,
journalArticle,"Preregistered Direct Replication of “Sick Body, Vigilant Mind: The Biological Immune System Activates the Behavioral Immune System”","Tybur, Joshua M.; Jones, Benedict C.; DeBruine, Lisa M.; Ackerman, Joshua M.; Fasolt, Vanessa",2020-11-01,Psychological Science,10.1177/0956797620955209,https://doi.org/10.1177/0956797620955209,False,,,0956-7976,,,"The tendency to attend to and avoid cues to pathogens varies across individuals and contexts. Researchers have proposed that this variation is partially driven by immunological vulnerability to infection, though support for this hypothesis is equivocal. One key piece of evidence (Miller & Maner, 2011) shows that participants who have recently been ill—and hence may have a reduced ability to combat subsequent infection—allocate more attention to faces with infectious-disease cues than do participants who have not recently been ill. The current article describes a direct replication of this study using a sample of 402 individuals from the University of Michigan, the University of Glasgow, and Vrije Universiteit Amsterdam—more than 4 times the sample size of the original study. No effect of illness recency on attentional bias for disfigured faces emerged. Though it did not support the original finding, this replication provides suggestions for future research on the psychological underpinnings of pathogen avoidance.",2025-05-13T20:42:40Z,,,,,,Tybur2020PreregisteredDirectReplication,,2025-05-13T20:42:40Z,2025-05-13T20:42:40Z,,,,,,,11,Psychol Sci,7ISVP9HD,EN,SAGE Journals,,,,,,,,1461-1469,,,,,SAGE Publications Inc,,,,,,,,,,"Preregistered Direct Replication of “Sick Body, Vigilant Mind",,,15544,31,,
journalArticle,Reexamining the role of intent in moral judgements of purity violations,"Kupfer, Tom R.; Inbar, Yoel; Tybur, Joshua M.",2020-11-01,Journal of Experimental Social Psychology,10.1016/j.jesp.2020.104043,https://www.sciencedirect.com/science/article/pii/S0022103120303838,False,,,0022-1031,,,"Perceived intent is a pivotal factor in moral judgement: intentional moral violations are considered more morally wrong than accidental ones. However, a body of recent research argues that intent is less important for moral judgements of impure acts – that it, those acts that are condemned because they elicit disgust. But the literature supporting this claim is limited in multiple ways. We conducted a new test of the hypothesis that condemnation of purity violations operates independently from intent. In Study 1, participants judged the wrongness of moral violations that were either intentional or unintentional and were either harmful (e.g., stealing) or impure (e.g., public defecation). Results revealed a large effect of intent on moral wrongness ratings that did not vary across harmful and disgusting scenarios. In Study 2, a registered report, participants judged the wrongness of disgust-eliciting moral violations that were either mundane and dyadic (e.g., serving contaminated food) or abnormal and self-directed (e.g., consuming urine). Results revealed a large effect of intent on moral wrongness judgements that did not vary across mundane and abnormal scenarios. Findings challenge the claim that moral judgements about purity violations rely upon unique psychological mechanisms that are insensitive to information about the wrongdoer's mental state.",2025-05-13T20:40:27Z,,,,,,Kupfer2020ReexaminingRoleIntent,,2025-05-13T20:40:27Z,2025-05-13T20:40:27Z,,,,,,,,Journal of Experimental Social Psychology,L2LHYT8Y,,ScienceDirect,,,,,,,,104043,,,,,,,,,,,,,,,,,,15548,91,,
journalArticle,Excessive use of reminders: Metacognition and effort-minimisation in cognitive offloading,"Sachdeva, Chhavi; Gilbert, Sam J.",2020-10-01,Consciousness and Cognition,10.1016/j.concog.2020.103024,https://www.sciencedirect.com/science/article/pii/S1053810020300179,False,,,1053-8100,,,"People often use external reminders to help remember delayed intentions. This is a form of “cognitive offloading”. Individuals sometimes offload more often than would be optimal (Gilbert et al., 2020). This bias has been linked to participants’ erroneous metacognitive underconfidence in their memory abilities. However, underconfidence is unlikely to fully explain the bias. An additional, previously-untested factor that may contribute to the offloading bias is a preference to avoid cognitive effort associated with remembering internally. The present Registered Report examined evidence for this hypothesis. One group of participants received payment contingent on their performance of the task (hypothesised to increase cognitive effort, and therefore reduce the bias towards offloading); another group received a flat payment for taking part, as in the earlier experiment. The offloading bias was significantly reduced (but not eliminated) in the rewarded group, suggesting that a preference to avoid cognitive effort influences cognitive offloading.",2025-05-13T20:37:44Z,,,,,,Sachdeva2020ExcessiveUseReminders,,2025-05-13T20:37:44Z,2025-05-13T20:37:44Z,,,,,,,,Consciousness and Cognition,KDRGWRVP,,ScienceDirect,,,,,,,,103024,,,,,,,,,,,,,,,Excessive use of reminders,,,15550,85,,
journalArticle,Do group ensemble statistics bias visual working memory for individual items? A registered replication of Brady and Alvarez (2011),"Papenmeier, Frank; Timm, J. David",2021-04-01,"Attention, Perception, & Psychophysics",10.3758/s13414-020-02209-6,https://doi.org/10.3758/s13414-020-02209-6,False,,,1943-393X,,,"We performed a registered and precise replication of Experiment 1 reported in Brady and Alvarez (Psychological Science, 22, 384–392, 2011). The original experiment found that participants, who were asked to memorize the size of differently colored circles, reported the size of a probed circle biased toward the mean size of the same-colored group. Because our previous three unpublished replication attempts failed to find this effect, we powered the present registered replication using a Bayes Factor Design Analysis such that it provided compelling evidence regarding the presence or absence of the reported bias with a high probability, even under the assumption of smaller effect sizes. Thus, we recruited 663 participants through Amazon Mechanical Turk. We observed both a significant bias and strong Bayesian evidence in favor of the existence of a bias over the null hypothesis. Thus, our results can be considered a successful replication of the original findings, although with a considerably smaller effect size. We discuss the role of data quality when recruiting participants with Amazon Mechanical Turk. The present findings corroborate the idea that memory representations of individual objects are influenced by summary statistics.",2025-05-13T20:36:44Z,,,,,,Papenmeier2021GroupEnsembleStatistics,,2025-05-13T20:36:44Z,2025-05-13T20:36:44Z,,,,,,,3,Atten Percept Psychophys,FT5EEUAA,en,Springer Link,,,,,,,,1329-1336,,,,,,,,,,,,,,,Do group ensemble statistics bias visual working memory for individual items?,,,15551,83,,
journalArticle,Voice Pitch – A Valid Indicator of One’s Unfaithfulness in Committed Relationships?,"Schild, Christoph; Stern, Julia; Penke, Lars; Zettler, Ingo",2021-09-01,Adaptive Human Behavior and Physiology,10.1007/s40750-020-00154-0,https://doi.org/10.1007/s40750-020-00154-0,False,,,2198-7335,,,"When judging a male speakers’ likelihood to act sexually unfaithful in a committed relationship, listeners rely on the speakers’ voice pitch such that lower voice pitch is perceived as indicating being more unfaithful. In line with this finding, a recent study (Schild et al. Behavioral Ecology, 2020) provided first evidence that voice pitch might indeed be a valid cue to sexual infidelity in men. In this study, male speakers with lower voice pitch, as indicated by lower mean fundamental frequency (mean F0), were actually more likely to report having been sexually unfaithful in the past. Although these results fit the literature on vocal perceptions in contexts of sexual selection, the study was, as stated by the authors, underpowered. Further, the study solely focused on male speakers, which leaves it open whether these findings are also transferable to female speakers.",2025-05-13T20:36:35Z,,,,,,Schild2021VoicePitchValid,,2025-05-13T20:36:35Z,2025-05-13T20:36:35Z,,,,,,,3,Adaptive Human Behavior and Physiology,8T4QL2TC,en,Springer Link,,,,,,,,245-260,,,,,,,,,,,,,,,,,,15552,7,,
journalArticle,"Are single people a stigmatized ‘group’? Evidence from examinations of social identity, entitativity, and perceived responsibility","Fisher, Alexandra N.; Sakaluk, John K.",2020-01-01,Journal of Experimental Social Psychology,10.1016/j.jesp.2019.103844,https://www.sciencedirect.com/science/article/pii/S0022103119303737,False,,,0022-1031,,,"Past research consistently suggests that singles are stigmatized, but do they constitute a stigmatized group? The current research provides deeper insight into the stigmatization of single people by understanding their ‘group-y’ nature, and how group identification and perception map onto discrimination and prejudice. Study 1 examined the extent to which singles identify as part of a group. Participants were assigned a novel minimal group identity and then completed measures of group identification for four group memberships (e.g., minimal group, relationship status, sexual orientation, nationality). As hypothesized, singles' identification with other singles was lower compared to their identification with other identities—as well as compared to partnered people's group identification. Contrary to our hypothesis, singles did not perceive less discrimination towards singles relative to other aspects of their identity. Study 2 examined the extent to which singles are perceived as a group and the extent to which their group-y-ness vs. perceived responsibility for their group membership explains the acceptability of prejudice towards them. Participants completed measures of entitativity and perceived responsibility for similar out-group identities as in Study 1 (e.g., single people vs. people in romantic relationships). As hypothesized, singles were rated lower in entitativity than people in romantic relationships and other groups. Prejudice towards singles was also more acceptable than prejudice towards national and sexual orientation groups. Accordingly, perceived responsibility was a stronger predictor of the acceptability of prejudice towards singles than their entitativity. We discuss the importance of group-based theoretical perspectives for understanding the current and future stigmatization and well-being of singles.",2025-05-13T20:36:18Z,,,,,,Fisher2020AreSinglePeople,,2025-05-13T20:36:18Z,2025-05-13T20:36:18Z,,,,,,,,Journal of Experimental Social Psychology,AAGFQ5YI,,ScienceDirect,,,,,,,,103844,,,,,,,,,,,,,,,Are single people a stigmatized ‘group’?,,,15553,86,,
journalArticle,Moral anger as a dilemma? An investigation on how leader moral anger influences follower trust,"Shao, Bo",2019-06-01,The Leadership Quarterly,10.1016/j.leaqua.2018.10.002,https://www.sciencedirect.com/science/article/pii/S1048984317303351,False,,,1048-9843,,,"Leaders' expression of moral anger is considered important in curbing unethical behaviors and maintaining an ethical environment in organizations, but how it affects follower trust in leaders is unknown. The present research examines how leader anger expression in response to moral transgressions influences follower trust. I propose two paths through which leader moral anger affects follower trust: a character-based path whereby leader moral anger increases follower trust by elevating follower perceived leader integrity, and a relationship-based path whereby leader moral anger decreases follower trust by reducing follower perceived leader benevolence. I further propose that the balance of these mechanisms depends on follower moral orientation (i.e., justice orientation or care orientation). The results from two experimental studies did not provide support for the character-based path, but did provide tentative support for the relationship-based path between leader moral anger and follower affective trust. In addition, the results from the exploratory analyses indicated that leader moral anger had a negative direct effect on follower affective trust but not on follower overall trust. Theoretical and practical contributions are discussed and a revised model is proposed for the future research.",2025-05-13T20:35:51Z,,,,,,Shao2019MoralAngerDilemma,,2025-05-13T20:35:51Z,2025-05-13T20:35:51Z,,,,,,,3,The Leadership Quarterly,KRBEDLFJ,,ScienceDirect,,,,,,,,365-382,,,,,,,,,,,,,,,Moral anger as a dilemma?,,,15554,30,,
journalArticle,The affective priming paradigm as an indirect measure of food attitudes and related choice behaviour,"Tzavella, Loukia; Maizey, Leah; Lawrence, Andrew D.; Chambers, Christopher D.",2020-12-01,Psychonomic Bulletin & Review,10.3758/s13423-020-01764-1,https://doi.org/10.3758/s13423-020-01764-1,False,,,1531-5320,,,"In this Registered Report, we assessed the utility of the affective priming paradigm (APP) as an indirect measure of food attitudes and related choice behaviour in two separate cohorts. Participants undertook a speeded evaluative categorization task in which target words were preceded by food primes that differed in terms of affective congruence with the target, explicit liking (most liked or least liked), and healthiness (healthy or unhealthy). Non-food priming effects were tested as a manipulation check, and the relationship between food priming effects and impulsive choice behaviour was also investigated using a binary food choice task. As predicted, priming effects were observed for both healthy and unhealthy foods, but there was no difference in the magnitude of these effects. This may suggest that the paradigm is most sensitive to affective, but not cognitive, components of attitudes (i.e., healthiness), but alternative theoretical explanations and implications of this finding are discussed. Food and non-food priming effects were observed in both reaction time (RT) and error rate (ER) data, but contrary to expectations, we found no association between food RT priming effects and choice behaviour. All findings from confirmatory analyses regarding RT and ER priming effects, and the absence of the expected correlations between priming effects and impulsive food choices, were successfully replicated in the online cohort of participants. Overall, this study confirms the robustness of the APP as an indirect measure of food liking and raises questions about its applied value for research of eating behaviours.",2025-05-13T20:33:10Z,,,,,,Tzavella2020AffectivePrimingParadigm,,2025-05-13T20:33:10Z,2025-05-13T20:33:10Z,,,,,,,6,Psychon Bull Rev,V2TDKERU,en,Springer Link,,,,,,,,1397-1415,,,,,,,,,,,,,,,,,,15557,27,,
journalArticle,Evaluating modified diets and dietary supplement therapies for reducing muscle lipid accumulation and improving muscle function in neurofibromatosis type 1 (NF1),"Vasiljevski, Emily R.; Houweling, Peter J.; Rupasinghe, Thusitha; Kaur, Tarneet; Summers, Matthew A.; Roessner, Ute; Little, David G.; Schindeler, Aaron","Aug 10, 2020",PLOS ONE,10.1371/journal.pone.0237097,https://journals.plos.org/plosone/article?id=10.1371/journal.pone.0237097,False,,,1932-6203,,,"Neurofibromatosis type 1 (NF1) is a genetic disorder that affects a range of tissue systems, however the associated muscle weakness and fatigability can have a profound impact on quality of life. Prior studies using the limb-specific Nf1 knockout mouse (Nf1Prx1-/-) revealed an accumulation of intramyocellular lipid (IMCL) that could be rescued by a diet supplemented with L-carnitine and enriched for medium-chain fatty acids (MCFAs). In this study we used the Nf1Prx1-/- mouse to model a range of dietary interventions designed to reduce IMCL accumulation, and analyze using other modalities including in situ muscle physiology and lipid mass spectrometry. Histological IMCL accumulation was significantly reduced by a range of treatments including L-carnitine and high MCFAs alone. A low-fat diet did not affect IMCL, but did provide improvements to muscle strength. Supplementation yielded rapid improvements in IMCL within 4 weeks, but were lost once treatment was discontinued. In situ muscle measurements were highly variable in Nf1Prx1-/- mice, attributable to the severe phenotype present in this model, with fusion of the hips and an overall small hind limb muscle size. Lipidome analysis enabled segregation of the normal and modified chow diets, and fatty acid data suggested increased muscle lipolysis with the intervention. Acylcarnitines were also affected, suggestive of a mitochondrial fatty acid oxidation disorder. These data support the theory that NF1 is a lipid storage disease that can be treated by dietary intervention, and encourages future human trials.",2025-05-13T20:31:04Z,,,,,,Vasiljevski2020EvaluatingModifiedDiets,,2025-05-13T20:31:04Z,2025-05-13T20:31:04Z,,,,,,,8,PLOS ONE,64SUQNVM,en,PLoS Journals,,,,,,,,e0237097,,,,,Public Library of Science,,,,,,,,,,,,,15558,15,,
journalArticle,Investigating whether group status modulates the relationship between individual differences in epistemic motivation and political conservatism,"Stern, Chadly; Axt, Jordan",2020-06-01,Journal of Research in Personality,10.1016/j.jrp.2020.103940,https://www.sciencedirect.com/science/article/pii/S0092656620300283,False,,,0092-6566,,,"Previous research has found that individual differences in epistemic motivation predict political conservatism. However, meta-analyses indicate substantial heterogeneity in this association and such variation remains underexamined. Using a large, pre-existing dataset, we investigated whether group status—a group’s social value—modulates this relationship. We used several assessments of epistemic motivation (need for structure, need for cognition) and group status (race, gender, social class). We found that the epistemic motivation-ideology relationship was stronger for women (versus men) and for members of lower (versus higher) social class groups, although the relationship strength differences were relatively small. The relationship did not consistently vary across racial group status. Group status appears to be a small, but not consistent, moderator of the epistemic motivation-ideology relationship.",2025-05-13T20:29:00Z,,,,,,Stern2020InvestigatingWhetherGroup,,2025-05-13T20:29:00Z,2025-05-13T20:29:00Z,,,,,,,,Journal of Research in Personality,RFSP4U29,,ScienceDirect,,,,,,,,103940,,,,,,,,,,,,,,,,,,15560,86,,
journalArticle,Attachment and perceived authenticity across relationship domains: A latent variable decomposition of the ECR-RS,"Wickham, Robert E.; Warren, Stacie L.; Reed, David E.; Matsumoto, Megan K.",2018-12-01,Journal of Research in Personality,10.1016/j.jrp.2018.10.005,https://www.sciencedirect.com/science/article/pii/S0092656618303362,False,,,0092-6566,,,"Although prior studies have investigated authenticity and attachment across a variety of relationships, published research has yet to simultaneously investigate these constructs across multiple domains. American adults (N = 391) responded to a modified version of the Relationship Structures Questionnaire assessing four relationships (mother, father, romantic partner, friend) that included measures of attachment, self and perceived other authenticity, as well as interpersonal trust, need satisfaction and social support. A novel application of latent variable modeling provided more precise estimates of the role-specific regressions. As expected, self and other authenticity contributed to positive relationship outcomes, independent of attachment, suggesting that although the attachment system continues to shape interactions with close others across adult relationship domains, perceived authenticity often uniquely predicts relationship outcomes.",2025-05-13T20:28:48Z,,,,,,Wickham2018AttachmentPerceivedAuthenticity,,2025-05-13T20:28:48Z,2025-05-13T20:28:48Z,,,,,,,,Journal of Research in Personality,KEELP6EG,,ScienceDirect,,,,,,,,126-132,,,,,,,,,,,,,,,Attachment and perceived authenticity across relationship domains,,,15561,77,,
journalArticle,The declining marginal utility of social time for subjective well-being,"Kushlev, Kostadin; Heintzelman, Samantha J.; Oishi, Shigehiro; Diener, Ed",2018-06-01,Journal of Research in Personality,10.1016/j.jrp.2018.04.004,https://www.sciencedirect.com/science/article/pii/S0092656618300369,False,,,0092-6566,,,"Are people who spend more time with others always happier than those who spend less time in social activities? Across four studies with more than 250,000 participants, we show that social time has declining marginal utility for subjective well-being. In Study 1 (N = 243,075), we use the Gallup World Poll with people from 166 countries, and in Study 2 (N = 10,387) the American Time Use Survey (ATUS), to show that social time has declining returns for well-being. In Study 3a (N = 168) and Study 3b (N = 174), we employ the Experience Sampling Method (ESM) to provide initial evidence for both intra-domain (principle of diminishing satisfaction) and inter-domain mechanisms (principle of satisfaction limits). We discuss implications for theory, research methodology, and practice.",2025-05-13T20:28:39Z,,,,,,Kushlev2018DecliningMarginalUtility,,2025-05-13T20:28:39Z,2025-05-13T20:28:39Z,,,,,,,,Journal of Research in Personality,LTNM5QEY,,ScienceDirect,,,,,,,,124-140,,,,,,,,,,,,,,,,,,15562,74,,
journalArticle,Selfies reflect actual personality – Just like photos or short videos in standardized lab conditions,"Kaurin, Aleksandra; Heil, Lutz; Wessa, Michèle; Egloff, Boris; Hirschmüller, Sarah",2018-10-01,Journal of Research in Personality,10.1016/j.jrp.2018.08.007,https://www.sciencedirect.com/science/article/pii/S0092656618302484,False,,,0092-6566,,,"Social media sites are overflowing with millions of selfies, because people increasingly share what they do and who they are with the rest of the world. We examined whether self-expressions based on selfies elicit enhanced, consensual and accurate interpersonal perceptions compared to commonly employed laboratory conditions. Perceived narcissism was relatively higher and conscientiousness lower when ratings were based on selfies. This effect did not extend to the accuracy of ratings: Across all conditions, unacquainted observers agreed with each other and their ratings were correlated with a criterion measure of target personality. Except for agreeableness and self-esteem, accuracy correlations were somewhat higher when ratings were based on selfies. Randomization-based exploratory lens-model analyses were conducted to bolster the interpretation of our results.",2025-05-13T20:28:30Z,,,,,,Kaurin2018SelfiesReflectActual,,2025-05-13T20:28:30Z,2025-05-13T20:28:30Z,,,,,,,,Journal of Research in Personality,I4GLQGWD,,ScienceDirect,,,,,,,,154-164,,,,,,,,,,,,,,,,,,15563,76,,
journalArticle,Dark personality voters find dark politicians more relatable and fit for office,"Hart, William; Richardson, Kyle; Tortoriello, Gregory K.",2018-08-01,Journal of Research in Personality,10.1016/j.jrp.2018.05.007,https://www.sciencedirect.com/science/article/pii/S0092656618300606,False,,,0092-6566,,,"We tested the scope of the congruency model of political preference by examining how people high in various dark personalities evaluate political candidates with dark characteristics. In Study 1, participants high in dark personalities reported enhanced self-possession of dark characteristics and, in general, more tolerance of those characteristics in politicians. In Study 2, although participants viewed a wholesome (vs. dark) politician as more similar to the self and likeable, this effect diminished as participants indicated greater possession of dark personalities. Exploratory analyses involving other perceiver traits (self-esteem, political conservatism/liberalism) yielded additional insights about tolerance for dark politicians. Findings contribute to understanding how people high in dark personalities evaluate others and offer a novel perspective on similarity-liking effects in candidate evaluation.",2025-05-13T20:28:17Z,,,,,,Hart2018DarkPersonalityVoters,,2025-05-13T20:28:17Z,2025-05-13T20:28:17Z,,,,,,,,Journal of Research in Personality,J8GQWJPA,,ScienceDirect,,,,,,,,59-68,,,,,,,,,,,,,,,,,,15564,75,,
journalArticle,Twigs on the same branch? Identifying personality profiles in police officers using psychopathic personality traits,"Falkenbach, Diana M.; Glackin, Erin; McKinley, Sean",2018-10-01,Journal of Research in Personality,10.1016/j.jrp.2018.08.002,https://www.sciencedirect.com/science/article/pii/S0092656618302150,False,,,0092-6566,,,"Recent high-profile incidents reignited the conversation about psychopathic traits in police officers. Psychopathy is characterized by multiple variants: primary and secondary psychopathy. There is limited research examining psychopathy in populations that may exhibit adaptive psychopathic traits. This study used model-based cluster analyses of high psychopathy scorers to investigate psychopathic subtypes in an urban police sample. Relative to the primary subtype, the secondary group displayed higher levels of Self-Centered Impulsivity, trait anxiety, covert narcissism, borderline personality disorder traits, substance use, psychiatric treatment, and aggression. These findings support the concept of successful psychopathy and the existence of psychopathy profiles in police officers, providing a useful look at how successful psychopathy may manifest as well as implications for the criminal justice system and police departments.",2025-05-13T20:27:51Z,,,,,,Falkenbach2018TwigsSameBranch,,2025-05-13T20:27:51Z,2025-05-13T20:27:51Z,,,,,,,,Journal of Research in Personality,X2J6HUDY,,ScienceDirect,,,,,,,,102-112,,,,,,,,,,,,,,,Twigs on the same branch?,,,15565,76,,
journalArticle,Analysis of a mindset intervention,"Burgoyne, Alexander P.; Hambrick, David Z.; Moser, Jason S.; Burt, S. Alexandra",2018-12-01,Journal of Research in Personality,10.1016/j.jrp.2018.09.004,https://www.sciencedirect.com/science/article/pii/S0092656618302952,False,,,0092-6566,,,"Mindset refers to a person’s beliefs about the nature of their abilities—whether they believe their ability in a given domain is malleable or fixed. We investigated whether a brief, online intervention could alter ability and non-ability traits, including mindset of intelligence, locus of control, challenge-approach motivation, grit, and performance on cognitive ability tests. Exploratory factor analysis indicated that measures of mindset, grit, and locus of control loaded onto a common self-determination factor, which was independent of a second factor reflecting fluid intelligence and crystallized intelligence. Multilevel modeling further revealed that participants who received a mindset intervention reported more growth mindset, internal locus of control, challenge-approach motivation, and self-determination. The mindset intervention did not alter cognitive ability scores or grittiness.",2025-05-13T20:27:36Z,,,,,,Burgoyne2018AnalysisMindsetIntervention,,2025-05-13T20:27:36Z,2025-05-13T20:27:36Z,,,,,,,,Journal of Research in Personality,BKPIJTLC,,ScienceDirect,,,,,,,,21-30,,,,,,,,,,,,,,,,,,15566,77,,
journalArticle,"Experience, Resistance, and Enactment of Desires: Differential Relationships With Trait Measures Predicting Self-Control","Bernecker, Katharina; Job, Veronika; Hofmann, Wilhelm",2018-10-01,Journal of Research in Personality,10.1016/j.jrp.2018.07.007,https://www.sciencedirect.com/science/article/pii/S0092656618301752,False,,,0092-6566,,,"Past research suggests that trait self-control, trait mindfulness, and implicit theories about willpower contribute to self-control, however, their incremental value for this adaptive capacity is unknown. Applying the four-step model of motivated behavior (Hofmann, Baumeister, Förster, & Vohs, 2012), we assessed the frequency of desire experience, resistance, and enactment in everyday life. Results of two highly-powered correlational studies (Study 1: n = 273, Study 2: n = 465) suggest that higher trait self-control is associated with a less frequent experience of desires, higher trait mindfulness with less frequent desire resistance, and a nonlimited theory about willpower is associated with a less frequent enactment of desires. These findings suggest that the traits studied contribute to successful self-control in different ways.",2025-05-13T20:27:06Z,,,,,,Bernecker2018ExperienceResistanceEnactment,,2025-05-13T20:27:06Z,2025-05-13T20:27:06Z,,,,,,,,Journal of Research in Personality,WBQG8RUH,,ScienceDirect,,,,,,,,92-101,,,,,,,,,,,,,,,"Experience, Resistance, and Enactment of Desires",,,15567,76,,
journalArticle,Playing a different game: Situation perception mediates framing effects on cooperative behaviour,"Columbus, Simon; Münich, Jiří; Gerpott, Fabiola H.",2020-09-01,Journal of Experimental Social Psychology,10.1016/j.jesp.2020.104006,https://www.sciencedirect.com/science/article/pii/S0022103120302857,False,,,0022-1031,,,"Context frames such as describing a Prisoner's Dilemma as a “community” or a “stock exchange” game cause significant variation in cooperative behaviour. Here, we draw on recent advances in research on situation construal to propose that perceived conflict of interests is a mechanism underlying framing effects on cooperation in experimental games. Specifically, we argue that people readily think about situations in terms of conflicts of interests, and how people perceive the conflict of interests in different games predicts differences in cooperation across these games. In a formal model, we show that variation in perceived conflict of interests can affect cooperative decisions even when first-order beliefs and social preferences are static. We test this model across two studies (total N = 1615). In each study, we elicited situation perceptions and beliefs about others' behaviour in a framed game. The basic framing effect replicated in a dichotomous-choice Prisoner's Dilemma (study 1), but not in a continuous-choice Prisoner's Dilemma (study 2). Perceptions of conflict of interests mediated between framing and cooperative behaviour, whereas beliefs and preferences did not. Exploratorily, perceptions of conflict of interests had a causal effect on cooperative behaviour when induced orthogonally to the frame. This study provides evidence for perceptions of conflict of interests as a mechanism underlying framing effects and integrates framing effects with the wider literature on situation perception. Moreover, it supports a causal role of situation perception in social decision-making. However, the results also call into question the generalisability of framing effects.",2025-05-13T20:26:29Z,,,,,,Columbus2020PlayingDifferentGame,,2025-05-13T20:26:29Z,2025-05-13T20:26:29Z,,,,,,,,Journal of Experimental Social Psychology,E8HIDHBH,,ScienceDirect,,,,,,,,104006,,,,,,,,,,,,,,,Playing a different game,,,15568,90,,
journalArticle,Inequality in the minimal group paradigm: How relative wealth and its justification influence ingroup bias,"Connor, P.; Stancato, D.; Yildirim, U.; Lee, S.; Chen, S.",2020-05-01,Journal of Experimental Social Psychology,10.1016/j.jesp.2020.103967,https://www.sciencedirect.com/science/article/pii/S0022103119302616,False,,,0022-1031,,,"This article details a registered report for a well-powered (N = 1500) experiment examining the influence of wealth inequality between groups on ingroup bias, as well as the potential moderating role of justification for the wealth distribution. Using the Minimal Group Paradigm, in which participants are assigned to groups with anonymous others and asked to allocate resources to ingroup or outgroup members, we randomly assigned participants to a relatively disadvantaged or a relatively advantaged group. Group assignments were ostensibly based on chance (weak justification), performance on a financial decision-making task (strong justification), or an ambiguous combination of the two (ambiguous justification). As expected, we found evidence for an inequity aversion hypothesis, with disadvantaged participants displaying heightened ingroup bias compared to their advantaged counterparts. Interestingly, however, our predictions regarding the moderating role of justification were not supported, with disadvantaged participants displaying the highest ingroup bias when the inequality was ambiguously justified. We discuss implications of these results for understanding the causal factors underlying ingroup bias.",2025-05-13T20:26:19Z,,,,,,Connor2020InequalityMinimalGroup,,2025-05-13T20:26:19Z,2025-05-13T20:26:19Z,,,,,,,,Journal of Experimental Social Psychology,WEG2VNTB,,ScienceDirect,,,,,,,,103967,,,,,,,,,,,,,,,Inequality in the minimal group paradigm,,,15569,88,,
journalArticle,The moral landscape of war: A registered report testing how the war context shapes morality's constraints on default representations of possibility,"Watkins, Hanne M.; Brandt, Mark",2019-11-01,Journal of Experimental Social Psychology,10.1016/j.jesp.2019.103843,https://www.sciencedirect.com/science/article/pii/S0022103118306103,False,,,0022-1031,,,"Mental representations of possibility in everyday contexts incorporate descriptive and prescriptive norms. People intuitively think that Mr. X cannot perform an immoral action; even when upon deliberation they realize that the immoral action is in fact possible (Phillips & Cushman, 2017). We replicate this “moral-possibility constraint”, providing further support for the notion that default representations of possibility are - at first pass - limited to moral alternatives. We also test how context affects representations of possibility by asking whether the same findings hold in a war context. This context has different prescriptive norms (e.g., it is permissible to kill combatants, but not non-combatants), and we use Phillips and Cushman's (2017) reaction-time paradigm to test whether these prescriptive norms shape people's representations of what is possible in war. We find that the moral-possibility constraint is sensitive to variation in degree of immorality (e.g., killing a person vs. torturing a child); however the war context did not influence the constraint in the way we expected. The results further advance our understanding of the relationship between morality and domain-general cognition, and provide insight into the moral landscape of war.",2025-05-13T20:26:10Z,,,,,,Watkins2019MoralLandscapeWar,,2025-05-13T20:26:10Z,2025-05-13T20:26:10Z,,,,,,,,Journal of Experimental Social Psychology,H3AMVSFW,,ScienceDirect,,,,,,,,103843,,,,,,,,,,,,,,,The moral landscape of war,,,15570,85,,
journalArticle,Examining Whether Semantic Cues Can Affect Felt Heaviness When Lifting Novel Objects,"Naylor, Caitlin Elisabeth; Power, T. J.; Buckingham, Gavin",2020-01-31T09:17:25+00:00,Journal of Cognition,10.5334/joc.93,https://journalofcognition.org/articles/10.5334/joc.93,False,,,2514-4820,,,"It is well established that manipulations of low-level stimulus properties unrelated to mass can impact perception of heaviness, the most famous example being the size-weight illusion whereby small objects feel heavier than equally-weighted larger objects. Interestingly, manipulations of high-level cues such as material have also induced weight illusions, highlighting that cognitive expectations alone are enough to create illusory weight differences. Less is known, however, about what type of cognitive expectations can influence perception of heaviness. As labels are often used to signify the heaviness of objects, this study examined whether semantic cues could induce a novel weight illusion. Participants lifted equally-sized and equally-weighted sets of objects labelled as ‘light’ and ‘heavy’ and reported their perceived heaviness both prior to and after lifting. Fingertip forces were also measured to understand how semantic cues may influence sensorimotor prediction. The labels clearly affected pre-lift-off expectations of heaviness. By contrast, we found no effect of these labels on the perceived heaviness of objects, nor on the forces used to grip and lift them on early trials. In other words, we find no evidence that semantic cues affect perception or action enough to induce a novel weight illusion. These findings suggest that the explicit expectations created by the labels did not dominate the implicit expectations created by the equal sizes of the objects, highlighting the segregated nature of cognitive expectations and their variable influences on perception and action.",2025-05-13T20:25:59Z,,,,,,Naylor2020ExaminingWhetherSemantic,,2025-05-13T20:25:59Z,2025-05-13T20:25:59Z,,,,,,,1,,QZEA6G6Y,en-US,journalofcognition.org,,,,,,,,,,,,,,,,,,,,,,,,,,15571,3,,
journalArticle,Nature as a potential modulator of the error-related negativity: A registered report,"LoTemplio, Sara B.; Scott, Emily E.; McDonnell, Amy S.; Hopman, Rachel J.; Castro, Spencer C.; McNay, G. David; McKinney, Ty L.; Greenberg, Kevin; Payne, Brennan R.; Strayer, David L.",2020-10-01,International Journal of Psychophysiology,10.1016/j.ijpsycho.2020.06.014,https://www.sciencedirect.com/science/article/pii/S0167876020301677,False,,,0167-8760,,,"According to Kaplan's Theory of Attention Restoration (ART), spending time in a natural environment can restore depleted cognitive resources. If this is true, then nature exposure may modulate the error-related negativity (ERN), a component of the event-related brain potential (ERP) that is related to cognitive control and attentional allocation. ART suggests that cognitive resources are restored because the cognitive control networks of the brain are less engaged in nature, suggesting that the ERN may decrease in nature. In the present study, we completed a registered report, examining whether or not spending time in nature would reduce the size of the ERN compared to outdoor testing. Instead, we found that nature significantly increased the amplitude of the ERN. The implications of these results are discussed within the ART framework.",2025-05-13T20:15:20Z,,,,,,LoTemplio2020NaturePotentialModulator,,2025-05-13T20:15:20Z,2025-05-13T20:15:20Z,,,,,,,,International Journal of Psychophysiology,9LLNJU8R,,ScienceDirect,,,,,,,,49-59,,,,,,,,,,,,,,,Nature as a potential modulator of the error-related negativity,,,15572,156,,
preprint,Stage 2 Registered Report: How subtle linguistic cues prevent unethical behaviors,"Guo, Wen; Liu, Huanxu; Yang, Jingwen; Mo, Yuqi; Zhong, Can; Yamada, Yuki",2020-11-16,,10.12688/f1000research.25573.2,https://f1000research.com/articles/9-996,False,,,,,,"Background: Differences in descriptions can influence people’s evaluations and behaviors. A previous study by Bryan and colleagues suggested that subtle linguistic differences in ethical reminders can differentially prevent readers’ unethical behavior. The present study tried to replicate the previous finding in the Japanese context (Experiment 1); additionally, we explored the influence of unfamiliar Japanese instruction words that captured participants’ attention (Experiment 2). Methods: In two online experiments, participants were asked to make 10 coin-tosses and report the number of “heads” results, which would indicate the amount of money that they could earn. In Experiment 1, we analyzed the difference in the number of “heads” results as reported by 768 participants under three conditions with different instructions (“Don’t cheat” vs. “Don’t be a cheater” vs. baseline as a control). In Experiment 2, we conducted an extended experiment with an additional task in which more attention was directed toward the text. Results: In Experiment 1, we successfully replicated the results of the original experiment. The results of Experiment 2 showed no evidence that the results in Experiment 1 were influenced by attentional factors. Conclusions: In conclusion, the results of the present study supported the hypothesis that self-identity-related words of moral reminder curb unethical behaviors more effectively. Stage 1 report: https://doi.org/10.12688/f1000research.20183.4",2025-05-13T20:14:44Z,,9:996,,,,Guo2020Stage2Registered,,2025-05-13T20:14:44Z,2025-05-13T20:14:44Z,,,,,,,,,FX22MYL4,en,f1000research.com,,,,,,,,,,,,,,,,F1000Research,https://creativecommons.org/licenses/by/4.0/,,,,,,Stage 2 Registered Report,,,15573,,,
journalArticle,The “Mnemonic Time-Travel Effect”,"Mieth, Laura; Bell, Raoul; Buchner, Axel",2019-11,Experimental Psychology,10.1027/1618-3169/a000461,https://econtent.hogrefe.com/doi/10.1027/1618-3169/a000461,False,,,1618-3169,,,". This registered report aims at replicating the so-called “mnemonic time-travel” effect. Aksentijevic, Brandt, Tsakanikos, and Thorpe (2019) reported that memory was improved when their participants experienced backward motion before a memory test in comparison to when they experienced forward motion or no motion. This finding was interpreted as suggesting that backward motion brought individuals back to the moment of encoding. In the original study, the mnemonic time-travel effect was robustly found with various types of backward motion (real, simulated, and imagined). Such a spectacular finding calls for a preregistered replication. To determine the robustness of the effect, we performed a close replication of Experiment 4 of Aksentijevic et al. in which the mnemonic time-travel effect was most pronounced. Despite sufficient statistical power to detect an even considerably smaller effect than the one reported by Aksentijevic et al., we found no significant differences among the different motion conditions. The present results thus disconfirm the idea that experiencing backward motion improves memory which suggests that the empirical robustness of the mnemonic time travel effect should be further scrutinized before any conclusions about mnemonic space and time can be drawn.",2025-05-13T20:14:31Z,,,,,,Mieth2019MnemonicTimeTravelEffect,,2025-05-13T20:14:31Z,2025-05-13T20:14:31Z,,,,,,,6,,6CERKBE5,,econtent.hogrefe.com (Atypon),,,,,,,,437-442,,,,,Hogrefe Publishing,,,,,,,,,,,,,15574,66,,
journalArticle,It's my idea! Reputation management and idea appropriation,"Altay, Sacha; Majima, Yoshimasa; Mercier, Hugo",2020-05-01,Evolution and Human Behavior,10.1016/j.evolhumbehav.2020.03.004,https://www.sciencedirect.com/science/article/pii/S1090513820300453,False,,,1090-5138,,,"Accurately assessing others' reputation, and developing a reputation as a competent, honest, fair individual—a good epistemic and moral reputation—are critical skills. In six online experiments (N = 2811), replicated with English and Japanese participants, we found that one way to improve our epistemic reputation is to display our competence by sharing valuable ideas, especially if we appropriate these ideas—i.e. present them as being our own, and not someone else's, whether that is the case or not (H1). But idea appropriation also entails some risks, otherwise it would lose its quality as a reliable signal. In particular, appropriating a bad idea damages one's epistemic reputation (H2), and being caught appropriating someone else's idea damages one's moral reputation (H3). As a consequence, people are more likely to appropriate good ideas when they are motivated to display their competence (H4), and less likely to do so when the odds of getting caught increase (H5). The way people negotiate the tradeoffs of reputation management as they communicate can help explain the spread of information, as well as misinformation.",2025-05-13T20:13:52Z,,,,,,Altay2020ItsMyIdea,,2025-05-13T20:13:52Z,2025-05-13T20:13:52Z,,,,,,,3,Evolution and Human Behavior,S9ZW3LU7,,ScienceDirect,,,,,,,,235-243,,,,,,,,,,,,,,,,,,15575,41,,
journalArticle,Merging Structural and Process–Related Approaches to the Study of Agreeableness: A Preregistered Replication and Extension Attempt,"Vize, Colin E.; Lynam, Donald R.",2020-03-01,European Journal of Personality,10.1002/per.2241,https://doi.org/10.1002/per.2241,False,,,0890-2070,,,"Agreeableness is one of the major domains included within prominent hierarchical models of personality like the five–factor model. (Low) agreeableness is the strongest correlate of a variety of antisocial behaviours relative to the other five–factor model domains. Although there is substantial evidence that (low) agreeableness is arguably the most important personality correlate of various antisocial behaviours, this evidence is descriptive and provides little information on the direction or processes underlying the relation. Process–related research has started to provide more insight into how agreeableness–related traits give rise to various antisocial and prosocial behaviours. The proposed study looked to first replicate previous research on some of the potential cognitive–emotional processes related to agreeableness and then conduct exploratory analyses to identify which, if any, of the empirically identified facets of agreeableness bear specific relations to the processes under study. Overall, we were unable to replicate the primary effects of interest in regard to processes of agreeableness and found little support for our preregistered confirmatory and exploratory hypotheses despite having high power (≥.94) to detect these effects. Nonetheless, process models of personality remain at the vanguard of personality research, and we discuss how the current results can inform future work in this area. © 2020 European Association of Personality Psychology",2025-05-13T20:13:27Z,,,,,,Vize2020MergingStructuralProcess,,2025-05-13T20:13:27Z,2025-05-13T20:13:27Z,,,,,,,2,Eur J Pers,47CKN755,EN,SAGE Journals,,,,,,,,139-163,,,,,SAGE Publications Ltd,,,,,,,,,,Merging Structural and Process–Related Approaches to the Study of Agreeableness,,,15576,34,,
journalArticle,Registered Report: Transcriptional Analysis of Savings Memory Suggests Forgetting is Due to Retrieval Failure,"Rosiles, Tania; Nguyen, Melissa; Duron, Monica; Garcia, Annette; Garcia, George; Gordon, Hannah; Juarez, Lorena; Calin-Jageman, Irina E.; Calin-Jageman, Robert J.",2020/11/01,eNeuro,10.1523/ENEURO.0313-19.2020,https://www.eneuro.org/content/7/6/ENEURO.0313-19.2020,False,,,2373-2822,,32928882,"There is fundamental debate about the nature of forgetting: some have argued that it represents the decay of the memory trace, others that the memory trace persists but becomes inaccessible because of retrieval failure. These different accounts of forgetting lead to different predictions about savings memory, the rapid re-learning of seemingly forgotten information. If forgetting is because of decay, then savings requires re-encoding and should thus involve the same mechanisms as initial learning. If forgetting is because of retrieval failure, then savings should be mechanistically distinct from encoding. In this registered report, we conducted a preregistered and rigorous test between these accounts of forgetting. Specifically, we used microarray to characterize the transcriptional correlates of a new memory (1 d after training), a forgotten memory (8 d after training), and a savings memory (8 d after training but with a reminder on day 7 to evoke a long-term savings memory) for sensitization in Aplysia californica (n = 8 samples/group). We found that the reactivation of sensitization during savings does not involve a substantial transcriptional response. Thus, savings is transcriptionally distinct relative to a newer (1-d-old) memory, with no coregulated transcripts, negligible similarity in regulation-ranked ordering of transcripts, and a negligible correlation in training-induced changes in gene expression (r = 0.04 95% confidence interval (CI) [–0.12, 0.20]). Overall, our results suggest that forgetting of sensitization memory represents retrieval failure.",2025-05-13T20:12:50Z,,,,,,Rosiles2020RegisteredReportTranscriptional,,2025-05-13T20:12:50Z,2025-05-13T20:12:50Z,,,Section: Research Article: New Research - Registered Report,,,,6,eNeuro,BUBICHSF,en,www.eneuro.org,,,,,,,,,,,,,Society for Neuroscience,,,,"Copyright © 2020 Rosiles et al.. This is an open-access article distributed under the terms of the Creative Commons Attribution 4.0 International license, which permits unrestricted use, distribution and reproduction in any medium provided that the original work is properly attributed.",,,,,,Registered Report,,,15577,7,,
journalArticle,"Political Extremity, Social Media Use, Social Support, and Well-Being for Emerging Adults During the 2016 Presidential Election Campaign","Leighton, Dana C.; Brandt, Mark J.; Kennedy, Lindsay A.",2020-08-01,Emerging Adulthood,10.1177/2167696818810618,https://doi.org/10.1177/2167696818810618,False,,,2167-6968,,,"The 2016 U.S. presidential election was marked by hostile political discourse, often on social media, where users were exposed to divergent, and potentially distressing, political discourse. This research explores the effects of this election on the well-being of emerging adults who receive the majority of their news via social media. Using data from the Emerging Adulthood Measured at Multiple Institutions 2 Study, we expected greater social media use to be associated with greater perceived stress, and lower well-being, among emerging adults who are more politically extreme, and expected these relationships would be moderated by social support and social media use. Our preregistered analysis did not support our hypotheses. Although there were some effects of extremity on stress and well-being, overall the direction of the effects were inconsistent and neither social media use nor social support was found to moderate the effects of extremity on stress and well-being.",2025-05-13T20:12:29Z,,,,,,Leighton2020PoliticalExtremitySocial,,2025-05-13T20:12:30Z,2025-05-13T20:12:30Z,,,,,,,4,,JSRQRVNF,EN,SAGE Journals,,,,,,,,285-296,,,,,SAGE Publications Inc,,,,,,,,,,,,,15578,8,,
journalArticle,Emerging Adulthood MoA/IDEA-8 Scale Characteristics From Multiple Institutions,"Faas, Caitlin; McFall, Joseph; Peer, Justin W.; Schmolesky, Matthew T.; Chalk, Holly M.; Hermann, Anthony; Chopik, William J.; Leighton, Dana C.; Lazzara, Julie; Kemp, Andrew; DiLillio, Vicki; Grahe, Jon",2020-08-01,Emerging Adulthood,10.1177/2167696818811192,https://doi.org/10.1177/2167696818811192,False,,,2167-6968,,,"We tested psychometric properties of the Markers of Adulthood (MoA) importance scale and a revised Inventory of the Dimensions of Emerging Adulthood (IDEA-8) in a large, diverse multisite and multinational sample the Emerging Adulthood Measured at Multiple Institutions 2 project. We used multilevel confirmatory factor analyses and multilevel alphas to examine external validity and internal consistency of the scales. We also performed correlational and exploratory multilevel analyses to determine the extent to which emerging adulthood dimensions overlap across scales. The IDEA-8 subscales demonstrated acceptable psychometric properties. Our research suggests that recent approaches to combine the MoA markers provide four modestly reliable factors, but perceptions of adulthood varied considerably as a function of sample. We recommend that the structure of these marker items be examined for any given sample, since their relative importance seems to vary, not just across time but also sample location.",2025-05-13T20:12:17Z,,,,,,Faas2020EmergingAdulthoodMoA,,2025-05-13T20:12:17Z,2025-05-13T20:12:17Z,,,,,,,4,,BLYWI7XX,EN,SAGE Journals,,,,,,,,259-269,,,,,SAGE Publications Inc,,,,,,,,,,,,,15579,8,,
journalArticle,Who is prone to wander and when? Examining an integrative effect of working memory capacity and mindfulness trait on mind wandering under different task loads,"Ju, Yu-Jeng; Lien, Yunn-Wen",2018-08-01,Consciousness and Cognition,10.1016/j.concog.2018.06.006,https://www.sciencedirect.com/science/article/pii/S1053810018301120,False,,,1053-8100,,,"We proposed an integration hypothesis of mind wandering in which the tendency of mind wandering is only related to working memory capacity (WMC) when a self-regulation process is required (i.e., under a high task load); however, this tendency is related to mindfulness regardless of task load. A within-group experiment with 160 participants was conducted. Task load was manipulated as high or low using modified 0-back and 2-back tasks, during which participants’ self-caught mind wanderings and the types of mind wandering (aware vs. unaware; intentional vs. unintentional) were measured. The results supported our hypothesis that WMC was negatively associated with mind wandering only in demanding tasks, and mindfulness scores were negatively associated with mind wandering across tasks. Furthermore, we also determined how WMC and the mindfulness trait were related to different types of mind wandering. Theoretical implications were discussed.",2025-05-13T20:09:15Z,,,,,,Ju2018WhoProneWander,,2025-05-13T20:09:15Z,2025-05-13T20:09:15Z,,,,,,,,Consciousness and Cognition,6VI92VA3,,ScienceDirect,,,,,,,,1-10,,,,,,,,,,,,,,,Who is prone to wander and when?,,,15585,63,,
journalArticle,Offloading items from memory: individual differences in cognitive offloading in a short-term memory task,"Morrison, Alexandra B.; Richmond, Lauren L.",2020-01-03,Cognitive Research: Principles and Implications,10.1186/s41235-019-0201-4,https://doi.org/10.1186/s41235-019-0201-4,False,,,2365-7464,,,"Cognitive offloading refers to the act of reducing the mental processing requirements of a task through physical actions like writing down information or storing information on a cell phone or computer. Offloading can lead to improved performance on ongoing tasks with high cognitive demand, such as tasks where multiple pieces of information must be simultaneously maintained. However, less is known about why some individuals choose to engage in offloading and under what conditions they might choose to do so. In the present study, offloading behavior is investigated in a short-term memory task requiring memory for letters. The present study is a replication and extension of a previous study conducted by Risko and Dunn, and tests the new prediction that individuals with lower working memory capacity will be more likely to offload. Here, we find that offloading information confers a performance advantage over relying on internal memory stores, particularly at higher memory loads. However, we fail to observe that those with poorer memory abilities have a greater propensity for offloading or benefit more from it. Instead, our findings suggest that cognitive offloading may be a valid compensatory strategy to improve performance of memory-based tasks for individuals with a wide range of memory ability.",2025-05-13T20:07:29Z,,,,,,Morrison2020OffloadingItemsMemory,,2025-05-13T20:07:29Z,2025-05-13T20:07:29Z,,,,,,,1,Cognitive Research: Principles and Implications,8CAU3KEV,,BioMed Central,,,,,,,,1,,,,,,,,,,,,,,,Offloading items from memory,,,15586,5,,
journalArticle,Effects of roadside memorials on drivers’ risk perception and eye movements,"Beanland, Vanessa; Wynne, Rachael A.",2019-08-14,Cognitive Research: Principles and Implications,10.1186/s41235-019-0184-1,https://doi.org/10.1186/s41235-019-0184-1,False,,,2365-7464,,,"Road crashes are a leading cause of death worldwide. In many countries, it is common to see spontaneous roadside memorials constructed in response to road fatalities. These memorials are controversial and are explicitly banned in many jurisdictions. Advocates argue that the presence of memorials improves safety by making other drivers aware of an especially dangerous road where others have died, whereas opponents argue that they are distracting and decrease safety by diverting drivers’ attention away from the road. However, there has been almost no research examining the effects of roadside memorials on road user behavior and safety. In this study, 40 drivers viewed videos of road scenes with and without memorials, to examine how the presence of roadside memorials influences drivers’ attentional allocation (indicated by eye movements to the roadside area) and safety-related behaviors (indicated by perceived risk ratings and preferred travel speeds for the road). The findings indicate memorials do capture visual attention, as participants were more likely to fixate on memorials compared with a comparison object placed on the roadside. However, fixations on the memorials, and to the roadside area in general, were relatively brief. The presence of memorials did not affect perceived risk and did not produce a clear systematic effect on preferred travel speed. Nearly all drivers in our study supported permitting roadside memorials, but a small number strongly opposed memorials on the belief they are distracting and/or distressing.",2025-05-13T20:06:54Z,,,,,,Beanland2019EffectsRoadsideMemorials,,2025-05-13T20:06:54Z,2025-05-13T20:06:54Z,,,,,,,1,Cognitive Research: Principles and Implications,8EVZ7BSD,,BioMed Central,,,,,,,,32,,,,,,,,,,,,,,,,,,15587,4,,
journalArticle,Unconscious deception detection measured by finger skin temperature and indirect veracity judgments—results of a registered report,"van ’t Veer, Anna E.; Gallucci, Marcello; Stel, Mariëlle; Beest, Ilja van",2015-06-08,Frontiers in Psychology,10.3389/fpsyg.2015.00672,https://www.frontiersin.org/journals/psychology/articles/10.3389/fpsyg.2015.00672/full,False,,,1664-1078,,,"A pre-registered experiment was conducted to examine psychophysiological responses to being lied to. Bridging research on social cognition and deception detection, we hypothesized that observing a liar compared to a truth-teller would decrease finger skin temperature of observers. Participants first watched two targets while not forewarned that they would later be asked to judge (direct and indirect) veracity, and then watched another two targets while forewarned about this. During both these phases finger skin temperature was measured. Findings pertaining to temperature partly confirmed our main hypothesis. When participants were observing a liar, irrespective of being forewarned, on average finger skin temperature declined over time. In the forewarned phase, temperature trajectories of truth-tellers were higher than those of liars, however, in the not forewarned phase, this pattern was reversed. Results confirmed our further hypotheses that participants judge liars as less likeable and less trustworthy than truth-tellers—an indication of indirect deception detection. Our hypothesis that the effect size for trustworthiness would be bigger than that of liking was not supported by the data. Additionally, and also confirming our hypothesis, participants performed around chance level when directly judging whether the target person was lying. Exploratory analyses are reported with regard to truth bias and dependency between direct and indirect veracity judgments. Limitations and directions for future work related to the existence of psychophysiological indicators of deception detection are discussed.",2025-05-13T19:52:40Z,,,,,,VantVeer2015UnconsciousDeceptionDetection,,2025-05-13T19:52:40Z,2025-05-13T19:52:40Z,,,,,,,,Front. Psychol.,WTYP4STE,English,Frontiers,,,,,,,,,,,,,Frontiers,,,,,,,,,,,,,15590,6,,
journalArticle,Thriving in midlife: The roles of childhood nurturance and adult defense mechanisms,"Nevarez, Michael D.; Morrill, Melinda I.; Waldinger, Robert J.",2018-06-01,Journal of Research in Personality,10.1016/j.jrp.2018.01.002,https://www.sciencedirect.com/science/article/pii/S0092656618300102,False,,,0092-6566,,,"The current study examined whether reliance on more adaptive defense mechanisms throughout early adulthood may help explain previously documented relationships between childhood nurturance and better midlife functioning. Utilizing a unique longitudinal study, data were from age 18 through midlife (age 63) on 135 males. Childhood nurturance was assessed upon study entry and defense mechanism usage was assessed throughout earlier adulthood. Percentage of ‘engaging’ (more adaptive) vs. ‘avoidant’ (less adaptive) defenses mediated the relationship between childhood nurturance and 3 midlife outcomes: participants’ relationship quality with their children, marriage stability, and maximum earned income. Results suggest that greater childhood nurturance relates to more adaptive defensive styles in early adulthood, which is then associated with healthier midlife functioning at work and in relationships.",2025-05-13T19:52:15Z,,,,,,Nevarez2018ThrivingMidlifeRoles,,2025-05-13T19:52:15Z,2025-05-13T19:52:15Z,,,,,,,,Journal of Research in Personality,DGSKRY2M,,ScienceDirect,,,,,,,,35-41,,,,,,,,,,,,,,,Thriving in midlife,,,15591,74,,
journalArticle,The wealth effects of the announcement of the Australian carbon pricing scheme,"Han, Jianlei; Linnenluecke, Martina K.; Pan, Zheyao (Terry); Smith, Tom",2019-02-01,Pacific-Basin Finance Journal,10.1016/j.pacfin.2018.12.006,https://www.sciencedirect.com/science/article/pii/S0927538X1830386X,False,,,0927-538X,,,"In this study, we examine the wealth effects associated with the announcement of the Australian Carbon Pricing Scheme (the “carbon tax”), made by the then Prime Minster Julia Gillard on 24 February 2011. Building on studies that use the event study method originally developed by Fama et al. (1969) and Ball and Brown (1968), we propose a novel approach to analyzing announcements with unresolved uncertainty. With this approach, we separate out the news effect and the value effect associated with the announcement of the Australian Carbon Pricing Scheme. Our findings show that the average news effect associated with the announcement is 1.11% (A$254 million dollars), indicating that the market was favorably disposed towards the news that the government was taking action on climate change. The average value effect was −4.46% (−A$1.12 billion dollars), indicating that the scheme destroyed significant value for existing firms. The announcement of the Australian Carbon Pricing Scheme was more value-destructive for carbon-intensive firms (−6.97%) than for the other firms (−3.67%). The method presented in this study can be applied to any policy announcements with unresolved uncertainty",2025-05-13T19:51:58Z,,,,,,Han2019WealthEffectsAnnouncement,,2025-05-13T19:51:58Z,2025-05-13T19:51:58Z,,,,,,,,Pacific-Basin Finance Journal,L5F47U39,,ScienceDirect,,,,,,,,399-409,,,,,,,,,,,,,,,,,,15592,53,,
journalArticle,The role of vigilance in the relationship between neuroticism and health: A registered report,"Weston, Sara J.; Jackson, Joshua J.",2018-04-01,Journal of Research in Personality,10.1016/j.jrp.2017.10.005,https://www.sciencedirect.com/science/article/pii/S0092656617301083,False,,,0092-6566,,,"The theory of healthy neuroticism, that neuroticism can impact health through both negative and positive pathways, often relies on descriptions of vigilance to illustrate beneficial effects. The current study is among the first to describe the relationship of neuroticism to body vigilance and test the degree to which this relationship impacts health. In an online participant panel (N = 1055), neuroticism was associated with one factor of vigilance: sensation awareness belief. This factor had a suppression effect on the relationship between neuroticism and healthy behavior, such that the effect of neuroticism through vigilance was healthy, whereas the direct effect was unhealthy. We discuss the implications of these findings and caution against using vigilance to explain the heterogeneity in neuroticism-health relationships.",2025-05-13T19:51:32Z,,,,,,Weston2018RoleVigilanceRelationship,,2025-05-13T19:51:32Z,2025-05-13T19:51:32Z,,,,,,,,Journal of Research in Personality,2CYRAJXS,,ScienceDirect,,,,,,,,27-34,,,,,,,,,,,,,,,The role of vigilance in the relationship between neuroticism and health,,,15593,73,,
journalArticle,The role of credibility in the relation between management forecasts and analyst forecasts in Japan,"Aman, Hiroyuki; Beekes, Wendy; Chang, Millicent; Wee, Marvin",2019-06-01,Pacific-Basin Finance Journal,10.1016/j.pacfin.2019.03.002,https://www.sciencedirect.com/science/article/pii/S0927538X18304918,False,,,0927-538X,,,"This study examines the relation between management forecasts and analysts' forecasts to determine whether a moderating role exists for credibility. Management credibility is evaluated by management's prior forecasting ability and the firm's underlying corporate governance structure. Analyst credibility on the other hand is assessed using their prior forecasting ability only. Using Structural Equation Modelling, we find management credibility affects how much reliance analysts place upon information contained in management initial earnings forecasts when making their own forecasts. We also show a moderating role for analyst credibility in the relation between analysts' consensus initial forecasts and management forecast revisions. Our findings highlight the importance of reputation in the dissemination of earnings information.",2025-05-13T19:51:03Z,,,,,,Aman2019RoleCredibilityRelation,,2025-05-13T19:51:03Z,2025-05-13T19:51:03Z,,,,,,,,Pacific-Basin Finance Journal,NMIRYUTD,,ScienceDirect,,,,,,,,29-45,,,,,,,,,,,,,,,,,,15594,55,,
journalArticle,The Effect of Cognitive Control on Different Types of Auditory Distraction,"Bell, Raoul; Röer, Jan P.; Marsh, John E.; Storch, Dunja; Buchner, Axel",2017-09,Experimental Psychology,10.1027/1618-3169/a000372,https://econtent.hogrefe.com/doi/10.1027/1618-3169/a000372,False,,,1618-3169,,,". Deviant as well as changing auditory distractors interfere with short-term memory. According to the duplex model of auditory distraction, the deviation effect is caused by a shift of attention while the changing-state effect is due to obligatory order processing. This theory predicts that foreknowledge should reduce the deviation effect, but should have no effect on the changing-state effect. We compared the effect of foreknowledge on the two phenomena directly within the same experiment. In a pilot study, specific foreknowledge was impotent in reducing either the changing-state effect or the deviation effect, but it reduced disruption by sentential speech, suggesting that the effects of foreknowledge on auditory distraction may increase with the complexity of the stimulus material. Given the unexpected nature of this finding, we tested whether the same finding would be obtained in (a) a direct preregistered replication in Germany and (b) an additional replication with translated stimulus materials in Sweden.",2025-05-13T19:49:18Z,,,,,,Bell2017EffectCognitiveControl,,2025-05-13T19:49:18Z,2025-05-13T19:49:18Z,,,,,,,5,,QZNCDTKX,,econtent.hogrefe.com (Atypon),,,,,,,,359-368,,,,,Hogrefe Publishing,,,,,,,,,,,,,15598,64,,
journalArticle,The Affect Misattribution Procedure,"Teige-Mocigemba, Sarah; Becker, Manuel; Sherman, Jeffrey W.; Reichardt, Regina; Christoph Klauer, Karl",2017-05,Experimental Psychology,10.1027/1618-3169/a000364,https://econtent.hogrefe.com/doi/10.1027/1618-3169/a000364,False,,,1618-3169,,,". The Affect Misattribution Procedure (AMP) has been forwarded as one of the most promising alternatives to the Implicit Association Test and the evaluative-priming task for measuring attitudes such as prejudice indirectly. We investigated whether the AMP is indeed able to detect an evaluative out-group bias. In contrast to recent conclusions about the robustness of AMP effects, six out of seven pilot studies indicated that participants did not show any prejudice effects in the AMP. Yet, these pilot studies were not fully conclusive with regard to our research question because they investigated different domains of prejudice, used small sample sizes, and employed a modified AMP version. In a preregistered, high-powered AMP study, we therefore examined whether the standard AMP does reveal prejudice against Turks, the biggest minority in Germany, and found a significant, albeit very small prejudice effect. We discuss possible reasons for the AMP’s weak sensitivity to evaluations in socially sensitive domains.",2025-05-13T19:48:37Z,,,,,,Teige-Mocigemba2017AffectMisattributionProcedure,,2025-05-13T19:48:37Z,2025-05-13T19:48:37Z,,,,,,,3,,9UWXTRAU,,econtent.hogrefe.com (Atypon),,,,,,,,215-230,,,,,Hogrefe Publishing,,,,,,,,,,,,,15600,64,,
journalArticle,"Sex, Drugs, and Bitcoin: How Much Illegal Activity Is Financed through Cryptocurrencies?","Foley, Sean; Karlsen, Jonathan R; Putniņš, Tālis J",2019-05-01,The Review of Financial Studies,10.1093/rfs/hhz015,https://doi.org/10.1093/rfs/hhz015,False,,,0893-9454,,,"Cryptocurrencies are among the largest unregulated markets in the world. We find that approximately one-quarter of bitcoin users are involved in illegal activity. We estimate that around $76 billion of illegal activity per year involve bitcoin (46% of bitcoin transactions), which is close to the scale of the U.S. and European markets for illegal drugs. The illegal share of bitcoin activity declines with mainstream interest in bitcoin and with the emergence of more opaque cryptocurrencies. The techniques developed in this paper have applications in cryptocurrency surveillance. Our findings suggest that cryptocurrencies are transforming the black markets by enabling “black e-commerce.”Received June 1, 2017; editorial decision December 8, 2018 by Editor Andrew Karolyi. Authors have furnished an Internet Appendix, which is available on the Oxford University Press Web site next to the link to the final published paper online.",2025-05-13T19:47:29Z,,,,,,Foley2019SexDrugsBitcoin,,2025-05-13T19:47:29Z,2025-05-13T19:47:29Z,,,,,,,5,The Review of Financial Studies,ZTJVUHMT,,Silverchair,,,,,,,,1798-1853,,,,,,,,,,,,,,,"Sex, Drugs, and Bitcoin",,,15601,32,,
journalArticle,Sex Differences in Distress From Infidelity in Early Adulthood and in Later Life,"IJzerman, Hans; Blanken, Irene; Brandt, Mark J.; Oerlemans, J. M.; Hoogenhof, Marloes M. W. Van den; Franken, Stephanie J. M.; Oerlemans, Mathe W. G.",2014-01-01,Social Psychology,,https://econtent.hogrefe.com/doi/10.1027/1864-9335/a000185,False,,,1864-9335,,,"Shackelford and colleagues (2004) found that men, compared to women, are more distressed by sexual than emotional infidelity, and this sex difference continued into older age. We conducted four hig...",2025-05-13T19:47:03Z,,,world,,,IJzerman2014SexDifferencesDistress,,2025-05-13T19:47:03Z,2025-05-13T19:47:03Z,,,,,,,,,XE9RUYGM,en,econtent.hogrefe.com,,,,,,,,,,,,,Hogrefe Publishing,,,,,,,,,,,,,15602,,,
journalArticle,Self-insight into emotional and cognitive abilities is not related to higher adjustment,"He, Joyce C.; Côté, Stéphane",2019-08,Nature Human Behaviour,10.1038/s41562-019-0644-0,https://www.nature.com/articles/s41562-019-0644-0,False,,,2397-3374,,,"Despite the popularity of the Ancient Greek maxim ‘know thyself’, the importance of self-insight for adjustment, or effective psychological functioning, remains unclear. Here we examined four perspectives about how cognitive and emotional abilities and self-views about these abilities relate to adjustment. We administered tests of cognitive and emotional abilities and assessed self-views about these abilities. Participants then completed daily diaries for a week to report multiple self-reported indicators of adjustment. We analysed data using polynomial regression and response surface analysis. We found no support for benefits of self-insight. The conditions to infer support for linear or curvilinear associations between abilities or self-views about these abilities and adjustment were also not met. The findings suggest that giving employees and students feedback about their cognitive and emotional abilities in organizations and in schools may not enhance their adjustment. We discuss the limitations of our study and offer suggestions for future research.",2025-05-13T19:46:51Z,,,,,,He2019SelfinsightEmotionalCognitive,,2025-05-13T19:46:51Z,2025-05-13T19:46:51Z,,,,,,,8,Nat Hum Behav,5QX5UZCH,en,www.nature.com,,,,,,,,867-884,,,,,Nature Publishing Group,,,,"2019 The Author(s), under exclusive licence to Springer Nature Limited",,,,,,,,,15603,3,,
journalArticle,Replication Study: Transcriptional amplification in tumor cells with elevated c-Myc,"Lewis, L Michelle; Edwards, Meredith C; Meyers, Zachary R; Talbot, C Conover, Jr; Hao, Haiping; Blum, David; Reproducibility Project: Cancer Biology; Green, Michael R",2018-01-09,eLife,10.7554/eLife.30274,https://doi.org/10.7554/eLife.30274,False,,,2050-084X,,,"As part of the Reproducibility Project: Cancer Biology, we published a Registered Report (Blum et al., 2015), that described how we intended to replicate selected experiments from the paper ‘Transcriptional amplification in tumor cells with elevated c-Myc’ (Lin et al., 2012). Here we report the results. We found overexpression of c-Myc increased total levels of RNA in P493-6 Burkitt’s lymphoma cells; however, while the effect was in the same direction as the original study (Figure 3E; Lin et al., 2012), statistical significance and the size of the effect varied between the original study and the two different lots of serum tested in this replication. Digital gene expression analysis for a set of genes was also performed on P493-6 cells before and after c-Myc overexpression. Transcripts from genes that were active before c-Myc induction increased in expression following c-Myc overexpression, similar to the original study (Figure 3F; Lin et al., 2012). Transcripts from genes that were silent before c-Myc induction also increased in expression following c-Myc overexpression, while the original study concluded elevated c-Myc had no effect on silent genes (Figure 3F; Lin et al., 2012). Treating the data as paired, we found a statistically significant increase in gene expression for both active and silent genes upon c-Myc induction, with the change in gene expression greater for active genes compared to silent genes. Finally, we report meta-analyses for each result.",2025-05-13T19:45:42Z,,,,,,Lewis2018ReplicationStudyTranscriptional,,2025-05-13T19:45:42Z,2025-05-13T19:45:42Z,,,,,,,,,5IQN7GYC,,eLife,,,,,,,,e30274,,,,,"eLife Sciences Publications, Ltd",,,,,,,,,,Replication Study,,,15605,7,,
journalArticle,Replication Study: The common feature of leukemia-associated IDH1 and IDH2 mutations is a neomorphic enzyme activity converting alpha-ketoglutarate to 2-hydroxyglutarate,"Showalter, Megan Reed; Hatakeyama, Jason; Cajka, Tomas; VanderVorst, Kacey; Carraway, Kermit L, III; Fiehn, Oliver; Reproducibility Project: Cancer Biology; Tyler, Jessica K",2017-06-27,eLife,10.7554/eLife.26030,https://doi.org/10.7554/eLife.26030,False,,,2050-084X,,,"In 2016, as part of the Reproducibility Project: Cancer Biology, we published a Registered Report (Fiehn et al., 2016), that described how we intended to replicate selected experiments from the paper ""The common feature of leukemia-associated IDH1 and IDH2 mutations is a neomorphic enzyme activity converting alpha-ketoglutarate to 2-hydroxyglutarate"" (Ward et al., 2010). Here, we report the results of those experiments. We found that cells expressing R172K mutant IDH2 did not display isocitrate-dependent NADPH production above vector control levels, in contrast to the increased production observed with wild-type IDH2. Conversely, expression of R172K mutant IDH2 resulted in increased alpha-ketoglutarate-dependent consumption of NADPH compared to wild-type IDH2 or vector control. These results are similar to those reported in the original study (Figure 2; Ward et al., 2010). Further, expression of R172K mutant IDH2 resulted in increased 2HG levels within cells compared to the background levels observed in wild-type IDH2 and vector control, similar to the original study (Figure 3D; Ward et al., 2010). In primary human AML samples, the 2HG levels observed in samples with mutant IDH1 or IDH2 status were higher than those observed in samples without an IDH mutation, similar to what was observed in the original study (Figure 5C; Ward et al., 2010). Finally, we report meta-analyses for each result.",2025-05-13T19:45:29Z,,,,,,Showalter2017ReplicationStudyCommon,,2025-05-13T19:45:29Z,2025-05-13T19:45:29Z,,,,,,,,,437TF487,,eLife,,,,,,,,e26030,,,,,"eLife Sciences Publications, Ltd",,,,,,,,,,Replication Study,,,15606,6,,
journalArticle,Replication Study: Systematic identification of genomic markers of drug sensitivity in cancer cells,"Vanden Heuvel, John P; Maddox, Ewa; Maalouf, Samar W; Reproducibility Project: Cancer Biology; Espinosa, Joaquín M",2018-01-09,eLife,10.7554/eLife.29747,https://doi.org/10.7554/eLife.29747,False,,,2050-084X,,,"In 2016, as part of the Reproducibility Project: Cancer Biology, we published a Registered Report (Vanden Heuvel et al., 2016), that described how we intended to replicate selected experiments from the paper ‘Systematic identification of genomic markers of drug sensitivity in cancer cells’ (Garnett et al., 2012). Here we report the results. We found Ewing’s sarcoma cell lines, overall, were more sensitive to the PARP inhibitor olaparib than osteosarcoma cell lines; however, while the effect was in the same direction as the original study (Figure 4C; Garnett et al., 2012), it was not statistically significant. Further, mouse mesenchymal cells transformed with either the EWS-FLI1 or FUS-CHOP rearrangement displayed similar sensitivities to olaparib, whereas the Ewing’s sarcoma cell line SK-N-MC had increased olaparib sensitivity. In the original study, mouse mesenchymal cells transformed with the EWS-FLI1 rearrangement and SK-N-MC cells were found to have similar sensitivities to olaparib, whereas mesenchymal cells transformed with the FUS-CHOP rearrangement displayed a reduced sensitivity to olaparib (Figure 4E; Garnett et al., 2012). We also studied another Ewing’s sarcoma cell line, A673: A673 cells depleted of EWS-FLI1 or a negative control both displayed similar sensitivities to olaparib, whereas the original study reported a decreased sensitivity to olaparib when EWS-FLI1 was depleted (Figure 4F; Garnett et al., 2012). Differences between the original study and this replication attempt, such as the use of different sarcoma cell lines and level of knockdown efficiency, are factors that might have influenced the outcomes. Finally, where possible, we report meta-analyses for each result.",2025-05-13T19:44:46Z,,,,,,VandenHeuvel2018ReplicationStudySystematic,,2025-05-13T19:44:46Z,2025-05-13T19:44:46Z,,,,,,,,,5U5E5HX5,,eLife,,,,,,,,e29747,,,,,"eLife Sciences Publications, Ltd",,,,,,,,,,Replication Study,,,15607,7,,
journalArticle,A conceptual replication of ambidextrous leadership theory: An experimental approach,"Klonek, Florian E.; Gerpott, Fabiola H.; Parker, Sharon K.",2023-08-01,The Leadership Quarterly,10.1016/j.leaqua.2020.101473,https://www.sciencedirect.com/science/article/pii/S1048984320301004,False,,,1048-9843,,,"Ambidextrous leadership theory proposes that a leader's interplay between opening behaviors and closing behaviors enhances followers' exploration and exploitation behaviors, which ultimately increases innovative outcomes. Unfortunately, previous research suffers from problems with causal interpretation and endogeneity concerns threatening the validity of the theory. Our aim was to constructively replicate previous research with an experimental design, more rigorous measures, and state-of-the-art data analytical approaches (2SLS). In two randomized experiments (Study 1: N = 395, Study 2: N = 229), we manipulated four leadership styles (opening, closing, ambidextrous, and transformational leadership) and tested their effects on participants' exploration/exploitation behaviors as well as objective innovation outcomes. We only found partial support for the hypotheses from ambidextrous leadership theory. We discuss implications in terms of refining central concepts of the theory and offering more accurate assumptions about timing. We also elaborate on more general insights from our constructive replication studies for the leadership field.",2025-05-11T10:14:53Z,,,,,,Klonek2023ConceptualReplicationAmbidextrous,,2025-05-11T10:14:53Z,2025-05-11T10:14:53Z,,,,,,,4,The Leadership Quarterly,44TJL3YL,,ScienceDirect,,,,,,,,101473,,,,,,,,,,,Special Registered Report Issue on Replication and Rigorous Retesting of Leadership Models,,,,A conceptual replication of ambidextrous leadership theory,,,15608,34,,
journalArticle,"Religion, parochialism and intuitive cooperation","Isler, Ozan; Yilmaz, Onurcan; John Maule, A.",2021-04,Nature Human Behaviour,10.1038/s41562-020-01014-3,https://www.nature.com/articles/s41562-020-01014-3,False,,,2397-3374,,,"Religions promote cooperation, but they can also be divisive. Is religious cooperation intuitively parochial against atheists? Evidence supporting the social heuristics hypothesis (SHH) suggests that cooperation is intuitive, independent of religious group identity. We tested this prediction in a one-shot prisoner’s dilemma game, where 1,280 practising Christian believers were paired with either a coreligionist or an atheist and where time limits were used to increase reliance on either intuitive or deliberated decisions. We explored another dual-process account of cooperation, the self-control account (SCA), which suggests that visceral reactions tend to be selfish and that cooperation requires deliberation. We found evidence for religious parochialism but no support for SHH’s prediction of intuitive cooperation. Consistent with SCA but requiring confirmation in future studies, exploratory analyses showed that religious parochialism involves decision conflict and concern for strong reciprocity and that deliberation promotes cooperation independent of religious group identity.",2025-05-11T10:14:01Z,,,,,,Isler2021ReligionParochialismIntuitivea,,2025-05-11T10:14:01Z,2025-05-11T10:14:01Z,,,,,,,4,Nat Hum Behav,NS7RRJ46,en,www.nature.com,,,,,,,,512-521,,,,,Nature Publishing Group,,,,"2021 The Author(s), under exclusive licence to Springer Nature Limited",,,,,,,,,15611,5,,
journalArticle,Defending one's worldview under mortality salience: Testing the validity of an established idea,"Schindler, Simon; Reinhardt, Nina; Reinhard, Marc-André",2021-03-01,Journal of Experimental Social Psychology,10.1016/j.jesp.2020.104087,https://www.sciencedirect.com/science/article/pii/S0022103120304273,False,,,0022-1031,,,"Terror management theory (TMT) posits that mortality salience (MS) leads to more negative perceptions of persons who oppose one's worldview and to more positive perceptions of persons who confirm one's worldview. Recent failed replications of classic findings have thrown into question empirical validity for this established idea. We believe, that there are crucial methodological and theoretical aspects that have been neglected in these studies which limit their explanatory power; thus, the studies of this registered report aimed to address these issues and to directly test the worldview defense hypothesis. First, we conducted two preregistered lab studies applying the classic worldview defense paradigm. The stimulus material (worldview-confirming and -opposing essays) was previously validated for students at a German university. In both studies, the MS manipulation (between-subjects) was followed by a distraction phase. Then, in Study 1 (N = 131), each participant read both essays (within-subjects). In Study 2 (N = 276), the essays were manipulated between-subjects. Credibility attribution towards the author was assessed as the dependent variable. In both studies, the expected interaction effects were not significant. In a third highly powered (registered) study (N = 1356), we used a previously validated worldview-opposing essay. The five classic worldview defense items served as the main dependent measure. The MS effect was not significant. Bayesian analyses favored the null hypothesis. An internal meta-analysis revealed a very small (Hedges' g = 0.09) but nonsignificant (p = .058) effect of MS. Altogether, the presented studies reveal challenges in providing convincing evidence for this established idea.",2025-05-11T10:13:47Z,,,,,,Schindler2021DefendingOnesWorldview,,2025-05-11T10:13:47Z,2025-05-11T10:13:47Z,,,,,,,,Journal of Experimental Social Psychology,MKLXAG9W,,ScienceDirect,,,,,,,,104087,,,,,,,,,,,,,,,Defending one's worldview under mortality salience,,,15612,93,,
journalArticle,A creative destruction approach to replication: Implicit work and sex morality across cultures,"Tierney, Warren; Hardy, Jay; Ebersole, Charles R.; Viganola, Domenico; Clemente, Elena Giulia; Gordon, Michael; Hoogeveen, Suzanne; Haaf, Julia; Dreber, Anna; Johannesson, Magnus; Pfeiffer, Thomas; Huang, Jason L.; Vaughn, Leigh Ann; DeMarree, Kenneth; Igou, Eric R.; Chapman, Hanah; Gantman, Ana; Vanaman, Matthew; Wylie, Jordan; Storbeck, Justin; Andreychik, Michael R.; McPhetres, Jon; Uhlmann, Eric Luis",2021-03-01,Journal of Experimental Social Psychology,10.1016/j.jesp.2020.104060,https://www.sciencedirect.com/science/article/pii/S0022103120304005,False,,,0022-1031,,,"How can we maximize what is learned from a replication study? In the creative destruction approach to replication, the original hypothesis is compared not only to the null hypothesis, but also to predictions derived from multiple alternative theoretical accounts of the phenomenon. To this end, new populations and measures are included in the design in addition to the original ones, to help determine which theory best accounts for the results across multiple key outcomes and contexts. The present pre-registered empirical project compared the Implicit Puritanism account of intuitive work and sex morality to theories positing regional, religious, and social class differences; explicit rather than implicit cultural differences in values; self-expression vs. survival values as a key cultural fault line; the general moralization of work; and false positive effects. Contradicting Implicit Puritanism's core theoretical claim of a distinct American work morality, a number of targeted findings replicated across multiple comparison cultures, whereas several failed to replicate in all samples and were identified as likely false positives. No support emerged for theories predicting regional variability and specific individual-differences moderators (religious affiliation, religiosity, and education level). Overall, the results provide evidence that work is intuitively moralized across cultures.",2025-05-11T10:13:45Z,,,,,,Tierney2021CreativeDestructionApproach,,2025-05-11T10:13:45Z,2025-05-11T10:13:45Z,,,,,,,,Journal of Experimental Social Psychology,EUK5FMNB,,ScienceDirect,,,,,,,,104060,,,,,,,,,,,,,,,A creative destruction approach to replication,,,15613,93,,
journalArticle,Are we at all liberal at heart? High-powered tests find no effect of intuitive thinking on moral foundations,"Isler, Ozan; Yilmaz, Onurcan; Doğruyol, Burak",2021-01-01,Journal of Experimental Social Psychology,10.1016/j.jesp.2020.104050,https://www.sciencedirect.com/science/article/pii/S0022103120303905,False,,,0022-1031,,,"Two opposing views define the debate on the moral principles underlying human behavior. One side argues a central role for five moral foundations (care, fairness, loyalty, authority, sanctity), while the other argues that two of these (care, fairness) capture the essence of human moral concerns. In an experiment comparing these two views, Wright and Baril (2011) found that conservatives under cognitive load devalue loyalty, authority and sanctity, and become more liberal. Their finding of common intuitive concern with care and fairness supports the two-foundation perspective. In two high-powered preregistered experiments (N = 3275), we used time-pressure to induce intuitive thinking and tested Wright and Baril's finding that “we are all liberals at heart.” Although the manipulations worked as intended, Study 1 failed to identify an effect on the moral foundations questionnaire (MFQ). We conjectured that familiarity with standard survey items may weaken intuition manipulations by eliciting stable opinions. In Study 2, we therefore used not only the MFQ but also novel moral foundations vignettes. Study 2 failed to find an effect of time-pressure on either questionnaire type. An internal Bayesian meta-analysis indicated strong evidence against an effect of intuitive thinking on moral foundations.",2025-05-11T10:13:42Z,,,,,,Isler2021AreWeAll,,2025-05-11T10:13:42Z,2025-05-11T10:13:42Z,,,,,,,,Journal of Experimental Social Psychology,FR67TXST,,ScienceDirect,,,,,,,,104050,,,,,,,,,,,,,,,Are we at all liberal at heart?,,,15614,92,,
journalArticle,Validation of transdermal alcohol concentration data collected using wearable alcohol monitors: A systematic review and meta-analysis,"Kianersi, Sina; Luetke, Maya; Agley, Jon; Gassman, Ruth; Ludema, Christina; Rosenberg, Molly",2020-11-01,Drug and Alcohol Dependence,10.1016/j.drugalcdep.2020.108304,https://www.sciencedirect.com/science/article/pii/S0376871620304695,False,,,0376-8716,,,"Objective To evaluate the diagnostic accuracy of transdermal alcohol content (TAC) data (i.e. index test) collected with wearable alcohol monitors for assessment of alcohol use or any other alcohol related outcome (e.g., excessive alcohol use) among adults 18 and older. Methods We will systematically search MEDLINE, EMBASE, PsycINFO, and the Social Sciences Citation Index (SSCI, Web of Science) for TAC validation studies. The reference standards for this systematic review study are alcohol use data collected through self-reports, breathalyzers, or blood samples. If enough studies are available to conduct a meta-analysis, we will use a hierarchical regression approach to pool the results and obtain summary point estimates.",2025-05-11T10:11:26Z,,,,,,Kianersi2020ValidationTransdermalAlcohol,,2025-05-11T10:11:26Z,2025-05-11T10:11:26Z,,,,,,,,Drug and Alcohol Dependence,3BLPSYA5,,ScienceDirect,,,,,,,,108304,,,,,,,,,,,,,,,Validation of transdermal alcohol concentration data collected using wearable alcohol monitors,,,15615,216,,
journalArticle,"Exploring Mechanisms of Narrative Persuasion in a News Context: The Role of Narrative Structure, Perceived Similarity, Stigma, and Affect in Changing Attitudes","Tamul, Daniel J.; Hotter, Jessica C.; Vazire, Simine; Chambers, Chris",2019-10-29,Collabra: Psychology,10.1525/collabra.172,https://doi.org/10.1525/collabra.172,False,,,2474-7394,,,"Two exploratory studies demonstrate, for the first time, that narrative persuasion can diminish the stigma attached to social groups featured in journalistic narratives. Study 1 shows narrative format improves stigma toward Syrian refugees indirectly through narrative engagement, perceived similarity, and meaningful affect. Decreases in stigma also improved attitudes toward refugees. Study 2 replicates these findings against a separate participant pool, an additional story topic, and compares changes in engagement, stigma, and attitude to a non-narrative fact sheet and a control condition. A preregistered third study seeks to validate the finding that narratives can elicit destigmatization and disentangle the roles of story exemplars from story structure.",2025-05-11T10:11:09Z,,,,,,Tamul2019ExploringMechanismsNarrative,,2025-05-11T10:11:09Z,2025-05-11T10:11:09Z,,,,,,,1,Collabra: Psychology,ZBA7GPXT,,Silverchair,,,,,,,,51,,,,,,,,,,,,,,,Exploring Mechanisms of Narrative Persuasion in a News Context,,,15617,5,,
journalArticle,Heat and fraud: evaluating how room temperature influences fraud likelihood,"Liu, Huanxu; Yang, Jingwen; Yamada, Yuki",2020-11-19,Cognitive Research: Principles and Implications,10.1186/s41235-020-00261-2,https://doi.org/10.1186/s41235-020-00261-2,False,,,2365-7464,,,"Despite the considerable amount of research devoted to understanding fraud, few studies have examined how the physical environment can influence the likelihood of committing fraud. One recent study found a link between room brightness and occurrence of human fraud behaviors. Therefore, the present study aims to investigate how temperature may affect fraud. Based on a power analysis using the effect size observed in a pilot study, we recruited 105 participants and randomly divided them into three temperature groups (warm, medium, and cool). We then counted fraud behaviors in each group and tested for potential significant differences with a Kruskal–Wallis test. Additionally, we used a correlation analysis to determine whether the perceived temperature affected fraud. As a result, regardless of participants’ subjective sensory experience or their physical environment, we did not find that temperature-related factors influence the incidence of fraud. We discussed the potential reason for the results and suggested directions for future research.",2025-05-11T10:11:07Z,,,,,,Liu2020HeatFraudEvaluating,,2025-05-11T10:11:07Z,2025-05-11T10:11:07Z,,,,,,,1,Cognitive Research: Principles and Implications,KL8IWUU8,,BioMed Central,,,,,,,,60,,,,,,,,,,,,,,,Heat and fraud,,,15618,5,,
journalArticle,Examining the relationship between subclinical levels of social anxiety and the rubber hand illusion,"Macpherson, M. C.; Bîrlӑdeanu, A.; Miles, L. K.",2021-01-01,Acta Psychologica,10.1016/j.actpsy.2020.103209,https://www.sciencedirect.com/science/article/pii/S0001691820305333,False,,,0001-6918,,,"An embodied sense of self allows individuals to acquire moment-to-moment insight regarding the relationship between themselves and their environment. Fundamental to this experience is information regarding body ownership and self-location, which can inform both intrapersonal and interpersonal functioning. Although it is well documented that variation in mental health symptoms can impact the accuracy of bodily self-perception, little research has, to date, explored the influence of social anxiety on the embodied self. To address this issue, here we propose to examine the impact of social anxiety on the rubber hand illusion (RHI), a procedure which can distort perceptions of body location and ownership. Related literature points to competing predictions relative to how symptoms of social anxiety potentially impact susceptibility to the RHI. In the current manuscript we present the results of a pilot study indicating a positive relationship between the strength of the RHI and social anxiety, and detail a proposed registered report that seeks to replicate and extend this experiment.",2025-05-11T10:09:02Z,,,,,,Macpherson2021ExaminingRelationshipSubclinical,,2025-05-11T10:09:03Z,2025-05-11T10:09:03Z,,,,,,,,Acta Psychologica,QR6T8E9T,,ScienceDirect,,,,,,,,103209,,,,,,,,,,,,,,,,,,15619,212,,
journalArticle,"Seeing is not believing: Leader humility, hypocrisy, and their impact on followers' behaviors","Bharanitharan, Darren K.; Lowe, Kevin B.; Bahmannia, Somayeh; Chen, Zhen Xiong; Cui, Lin",2021-04-01,The Leadership Quarterly,10.1016/j.leaqua.2020.101440,https://www.sciencedirect.com/science/article/pii/S1048984320300679,False,,,1048-9843,,,"Challenging the prevailing consensus that leader humility is uniformly beneficial we investigate circumstances where leader humility behaviors are positively perceived and yet negatively received due to attributions of impression management. Arising from potential inconsistencies in perceptions and attributions, we argue that followers may evaluate leader humility behavioral displays as either genuine or hypocritical. We conducted two studies, in different contexts, to test followers' reactions to leader humility displays. In Study 1 (Confucian Asian cluster), we used a survey methodology to test our theoretical model. Due to the validity problems with our instrumental variables, we were unable to draw conclusions from the results of study 1. In Study 2 (Anglo cluster), we used a scenario-based experimental design. While the hypothesized mediating effect via perceptions of leader hypocrisy was not supported by the results, we found support for the hypothesis that the interaction of leader humility and impression management positively influenced hypocrisy.",2025-05-11T10:08:58Z,,,,,,Bharanitharan2021SeeingNotBelieving,,2025-05-11T10:08:58Z,2025-05-11T10:08:58Z,,,,,,,2,The Leadership Quarterly,6WQF55VH,,ScienceDirect,,,,,,,,101440,,,,,,,,,,,,,,,Seeing is not believing,,,15620,32,,
journalArticle,The Effect of Thinking about Being Excluded by God on Well-Being: A Replication and Extension,"George, Anna R.; , Wesselmann ,Eric D.; , Hilgard ,Joseph; , Young ,Alison I.; and van Beest, Ilja",2021-04-03,The International Journal for the Psychology of Religion,10.1080/10508619.2020.1801228,https://doi.org/10.1080/10508619.2020.1801228,False,,,1050-8619,,,"Prior research has provided initial evidence that thinking about being excluded by God lowers self-reported well-being in a Dutch sample of Christian students. The current research sought to replicate this finding in two studies. The first experiment recruited a USA sample of Christian students from a secular and religious school. The second experiment recruited a USA online sample of Christians contacted via Mechanical Turk. Results of these two studies replicated the initial finding that thinking about being excluded by God lowers self-reported well-being relative to thinking about being included by God, or contemplating that God created the earth. Overall, these results show how people’s perceived relationship with God may influence their quality of life.",2025-05-11T10:08:56Z,,,,,,George2021EffectThinkingBeing,,2025-05-11T10:08:56Z,2025-05-11T10:08:56Z,,,_eprint: https://doi.org/10.1080/10508619.2020.1801228,,,,2,,UJHB5I3S,,Taylor and Francis+NEJM,,,,,,,,138-148,,,,,Routledge,,,,,,,,,,The Effect of Thinking about Being Excluded by God on Well-Being,,,15621,31,,
journalArticle,Anxious Voters in the 2016 U.S. Election: An Analysis of How They Decided from the ERPC2016,"Monogan, James E.",2020/03/01,Political Behavior,10.1007/s11109-018-9491-3,https://link.springer.com/article/10.1007/s11109-018-9491-3,False,,,1573-6687,,,"How did anxiety influence vote choice in the 2016 U.S. presidential election, when both major candidates faced substantial voter disapproval? Drawing from the model of affective intelligence (Marcus et al. 2000), I argue that anxious voters will base their vote choice more strongly on issues and candidate qualities and less on partisanship relative to non-anxious voters. This study uses a registered report as part of the 2016 Election Research Preacceptance Competition, wherein a complete analysis plan was submitted for review prior to the 2016 American National Election Study’s release. In so doing, it serves as a model for other preregistered and potentially preaccepted research. Consistent with past findings, this study shows that anxious voters in 2016 were less likely to rely on past partisanship and more likely to base decisions on personal qualities. However, anxiety did not condition the effect of issues in the election. Further, Donald Trump faced no more anxiety among Republican voters than Mitt Romney did in 2012 due to a rise of in-party enthusiasm. The non-conditional effect of issues and a relatively narrow gap in partisan anxiety served as unique features of the 2016 election.",2025-05-11T10:08:01Z,,,,,,Monogan2020AnxiousVoters2016,,2025-05-11T10:08:01Z,2025-05-11T10:08:01Z,,,Company: Springer Distributor: Springer Institution: Springer Label: Springer Number: 1,,,,1,Polit Behav,488G3FFL,en,link.springer.com,,,,,,,,189-212,,,,,Springer US,,,,"2018 Springer Science+Business Media, LLC, part of Springer Nature",,,,,,Anxious Voters in the 2016 U.S. Election,,,15626,42,,
journalArticle,Registered Replication Report: Dijksterhuis and van Knippenberg (1998),"O’Donnell, Michael; Nelson, Leif D.; Ackermann, Evi; Aczel, Balazs; Akhtar, Athfah; Aldrovandi, Silvio; Alshaif, Nasseem; Andringa, Ronald; Aveyard, Mark; Babincak, Peter; Balatekin, Nursena; Baldwin, Scott A.; Banik, Gabriel; Baskin, Ernest; Bell, Raoul; Białobrzeska, Olga; Birt, Angie R.; Boot, Walter R.; Braithwaite, Scott R.; Briggs, Jessie C.; Buchner, Axel; Budd, Desiree; Budzik, Kathryn; Bullens, Lottie; Bulley, Richard L.; Cannon, Peter R.; Cantarero, Katarzyna; Cesario, Joseph; Chambers, Stephanie; Chartier, Christopher R.; Chekroun, Peggy; Chong, Clara; Cleeremans, Axel; Coary, Sean P.; Coulthard, Jacob; Cramwinckel, Florien M.; Denson, Thomas F.; Díaz-Lago, Marcos; DiDonato, Theresa E.; Drummond, Aaron; Eberlen, Julia; Ebersbach, Titus; Edlund, John E.; Finnigan, Katherine M.; Fisher, Justin; Frankowska, Natalia; García-Sánchez, Efraín; Golom, Frank D.; Graves, Andrew J.; Greenberg, Kevin; Hanioti, Mando; Hansen, Heather A.; Harder, Jenna A.; Harrell, Erin R.; Hartanto, Andree; Inzlicht, Michael; Johnson, David J.; Karpinski, Andrew; Keller, Victor N.; Klein, Olivier; Koppel, Lina; Krahmer, Emiel; Lantian, Anthony; Larson, Michael J.; Légal, Jean-Baptiste; Lucas, Richard E.; Lynott, Dermot; Magaldino, Corey M.; Massar, Karlijn; McBee, Matthew T.; McLatchie, Neil; Melia, Nadhilla; Mensink, Michael C.; Mieth, Laura; Moore-Berg, Samantha; Neeser, Geraldine; Newell, Ben R.; Noordewier, Marret K.; Ali Özdoğru, Asil; Pantazi, Myrto; Parzuchowski, Michał; Peters, Kim; Philipp, Michael C.; Pollmann, Monique M. H.; Rentzelas, Panagiotis; Rodríguez-Bailón, Rosa; Philipp Röer, Jan; Ropovik, Ivan; Roque, Nelson A.; Rueda, Carolina; Rutjens, Bastiaan T.; Sackett, Katey; Salamon, Janos; Sánchez-Rodríguez, Ángel; Saunders, Blair; Schaafsma, Juliette; Schulte-Mecklenbeck, Michael; Shanks, David R.; Sherman, Martin F.; Steele, Kenneth M.; Steffens, Niklas K.; Sun, Jessie; Susa, Kyle J.; Szaszi, Barnabas; Szollosi, Aba; Tamayo, Ricardo M.; Tinghög, Gustav; Tong, Yuk-yue; Tweten, Carol; Vadillo, Miguel A.; Valcarcel, Deisy; Van der Linden, Nicolas; van Elk, Michiel; van Harreveld, Frenk; Västfjäll, Daniel; Vazire, Simine; Verduyn, Philippe; Williams, Matt N.; Willis, Guillermo B.; Wood, Sarah E.; Yang, Chunliang; Zerhouni, Oulmann; Zheng, Robert; Zrubka, Mark",2018-03-01,Perspectives on Psychological Science,10.1177/1745691618755704,https://doi.org/10.1177/1745691618755704,False,,,1745-6916,,,"Dijksterhuis and van Knippenberg (1998) reported that participants primed with a category associated with intelligence (“professor”) subsequently performed 13% better on a trivia test than participants primed with a category associated with a lack of intelligence (“soccer hooligans”). In two unpublished replications of this study designed to verify the appropriate testing procedures, Dijksterhuis, van Knippenberg, and Holland observed a smaller difference between conditions (2%–3%) as well as a gender difference: Men showed the effect (9.3% and 7.6%), but women did not (0.3% and −0.3%). The procedure used in those replications served as the basis for this multilab Registered Replication Report. A total of 40 laboratories collected data for this project, and 23 of these laboratories met all inclusion criteria. Here we report the meta-analytic results for those 23 direct replications (total N = 4,493), which tested whether performance on a 30-item general-knowledge trivia task differed between these two priming conditions (results of supplementary analyses of the data from all 40 labs, N = 6,454, are also reported). We observed no overall difference in trivia performance between participants primed with the “professor” category and those primed with the “hooligan” category (0.14%) and no moderation by gender.",2025-05-11T10:07:49Z,,,,,,ODonnell2018RegisteredReplicationReport,,2025-05-11T10:07:49Z,2025-05-11T10:07:49Z,,,,,,,2,Perspect Psychol Sci,KSEZ8BVX,EN,SAGE Journals,,,,,,,,268-294,,,,,SAGE Publications Inc,,,,,,,,,,Registered Replication Report,,,15628,13,,
journalArticle,"Does Honesty Require Time? Two Preregistered Direct Replications of Experiment 2 of Shalvi, Eldar, and Bereby-Meyer (2012)","Van der Cruyssen, Ine; D’hondt, Jonathan; Meijer, Ewout; Verschuere, Bruno",2020-04-01,Psychological Science,10.1177/0956797620903716,https://doi.org/10.1177/0956797620903716,False,,,0956-7976,,,"Shalvi, Eldar, and Bereby-Meyer (2012) found across two studies (N = 72 for each) that time pressure increased cheating. These findings suggest that dishonesty comes naturally, whereas honesty requires overcoming the initial tendency to cheat. Although the study’s results were statistically significant, a Bayesian reanalysis indicates that they had low evidential strength. In a direct replication attempt of Shalvi et al.’s Experiment 2, we found that time pressure did not increase cheating, N = 428, point biserial correlation (rpb) = .05, Bayes factor (BF)01 = 16.06. One important deviation from the original procedure, however, was the use of mass testing. In a second direct replication with small groups of participants, we found that time pressure also did not increase cheating, N = 297, rpb = .03, BF01 = 9.59. These findings indicate that the original study may have overestimated the true effect of time pressure on cheating and the generality of the effect beyond the original context.",2025-05-11T10:07:33Z,,,,,,VanDerCruyssen2020DoesHonestyRequire,,2025-05-11T10:07:33Z,2025-05-11T10:07:33Z,,,,,,,4,Psychol Sci,VRGYTJLT,EN,SAGE Journals,,,,,,,,460-467,,,,,SAGE Publications Inc,,,,,,,,,,Does Honesty Require Time?,,,15631,31,,
journalArticle,Two Preregistered Direct Replications of “Objects Don’t Object: Evidence That Self-Objectification Disrupts Women’s Social Activism”,"De Wilde, Matthias; Casini, Annalisa; Bernard, Philippe; Wollast, Robin; Klein, Olivier; Demoulin, Stéphanie",2020-02-01,Psychological Science,10.1177/0956797619896273,https://doi.org/10.1177/0956797619896273,False,,,0956-7976,,,"Self-objectification has been claimed to induce numerous detrimental consequences for women at the individual level (e.g., sexual dysfunction, depression, eating disorders). Additionally, at the collective level, it has been proposed that self-objectified women might themselves contribute to the maintenance of the patriarchal status quo, for instance, by participating less in collective action. In 2013, Calogero found a negative link between self-objectification and collective action, which was mediated by the adoption of gender-specific system justification. Here, we report two preregistered direct replications (PDRs) of Calogero’s original study. We conducted these PDRs after three failures to replicate the positive relation between self-objectification and gender-specific system-justification belief in correlational studies. Results of the two PDRs, in which we used a Bayesian approach, supported the null hypothesis. This work has important theoretical implications because it challenges the role attributed to self-objectified women in the maintenance of patriarchy.",2025-05-11T10:07:31Z,,,,,,DeWilde2020TwoPreregisteredDirect,,2025-05-11T10:07:31Z,2025-05-11T10:07:31Z,,,,,,,2,Psychol Sci,LXCY3J5D,EN,SAGE Journals,,,,,,,,214-223,,,,,SAGE Publications Inc,,,,,,,,,,Two Preregistered Direct Replications of “Objects Don’t Object,,,15632,31,,
journalArticle,Dissociating memory accessibility and precision in forgetting,"Berens, Sam C.; Richards, Blake A.; Horner, Aidan J.",2020-08,Nature Human Behaviour,10.1038/s41562-020-0888-8,https://www.nature.com/articles/s41562-020-0888-8,False,,,2397-3374,,,"Forgetting involves the loss of information over time; however, we know little about what form this information loss takes. Do memories become less precise over time, or do they instead become less accessible? Here we assessed memory for word–location associations across four days, testing whether forgetting involves losses in precision versus accessibility and whether such losses are modulated by learning a generalizable pattern. We show that forgetting involves losses in memory accessibility with no changes in memory precision. When participants learned a set of related word–location associations that conformed to a general pattern, we saw a strong trade-off; accessibility was enhanced, whereas precision was reduced. However, this trade-off did not appear to be modulated by time or confer a long-term increase in the total amount of information maintained in memory. Our results place theoretical constraints on how models of forgetting and generalization account for time-dependent memory processes.",2025-05-11T10:03:09Z,,,,,,Berens2020DissociatingMemoryAccessibility,,2025-05-11T10:03:09Z,2025-05-11T10:03:09Z,,,,,,,8,Nat Hum Behav,LQY5H3GU,en,www.nature.com,,,,,,,,866-877,,,,,Nature Publishing Group,,,,"2020 The Author(s), under exclusive licence to Springer Nature Limited",,,,,,,,,15633,4,,
journalArticle,"Neuroticism as the intensity, reactivity, and variability in day-to-day affect","Hisler, Garrett C.; Krizan, Zlatan; DeHart, Tracy; Wright, Aidan G. C.",2020-08-01,Journal of Research in Personality,10.1016/j.jrp.2020.103964,https://www.sciencedirect.com/science/article/pii/S0092656620300520,False,,,0092-6566,,,"Neuroticism has been linked to typical levels of affect, affect reactivity to negative events, and variability in affect over time. However, the intercorrelations among these characteristics make it unclear whether neuroticism reflects unique variance in each of these aspects of emotional life. Data from two daily-diary samples revealed that neuroticism was associated with average levels and variability of positive and negative affect and reactivity of negative affect to stressors, but was only uniquely related to mean levels of positive and negative affect. Findings highlight the substantial overlap in affect indices, suggesting that mean levels of affect, at the very least, are at the core of neuroticism, and reveal the need for further research using more nuanced approaches.",2025-05-11T10:03:01Z,,,,,,Hisler2020NeuroticismIntensityReactivity,,2025-05-11T10:03:01Z,2025-05-11T10:03:01Z,,,,,,,,Journal of Research in Personality,HRP6SPL8,,ScienceDirect,,,,,,,,103964,,,,,,,,,,,,,,,,,,15634,87,,
journalArticle,"Having less, giving more? Two preregistered replications of the relationship between social class and prosocial behavior","Stamos, Angelos; Lange, Florian; Huang, Szu-chi; Dewitte, Siegfried",2020-02-01,Journal of Research in Personality,10.1016/j.jrp.2019.103902,https://www.sciencedirect.com/science/article/pii/S0092656619301230,False,,,0092-6566,,,"In the present report, we describe two planned direct replications of studies on the relationship between social class and prosocial behavior. In the original studies, individuals with higher socioeconomic status have been shown to behave less prosocially across a variety of domains. This finding continues to influence both research and the public debate on the psychological correlates of social class. At the same time, the validity of the original findings has been contested. Against this background, pre-registered direct replication studies with sufficient statistical power are warranted to test the robustness of these influential findings. We conducted two replication studies to provide valuable diagnostic information with regard to the relationship between social class and prosocial behavior. Our results indicate that the generalizability of the original findings may be much more limited than suggested. In addition, they highlight the need for an increased reliance on psychometrically established measures to facilitate cumulative research on the relationship between social class and prosocial behavior.",2025-05-11T10:02:59Z,,,,,,Stamos2020HavingLessGiving,,2025-05-11T10:02:59Z,2025-05-11T10:02:59Z,,,,,,,,Journal of Research in Personality,2JEA9FQ3,,ScienceDirect,,,,,,,,103902,,,,,,,,,,,,,,,"Having less, giving more?",,,15635,84,,
journalArticle,Inequality in personality and temporal discounting across socioeconomic status? Assessing the evidence,"Ludwig, Rita M.; Flournoy, John C.; Berkman, Elliot T.",2019-08-01,Journal of Research in Personality,10.1016/j.jrp.2019.05.003,https://www.sciencedirect.com/science/article/pii/S0092656619300480,False,,,0092-6566,,,"Personality traits such as conscientiousness and impulsivity correlate with temporal discounting, the degree to which individuals discount the value of future relative to present rewards. These variables have, in turn, been hypothesized to relate to income inequality in the United States. A key but untested assumption of this hypothesis is that the association among these variables is distinct across socioeconomic classes. The purpose of the present research is to test that assumption. N = 1100 adults with annual income ranging from at or below the poverty line ($0–$20,000) to upper-middle class ($200,000+) completed personality measures and a measure of temporal discounting. The results of our preregistered analyses indicated a positive association of income with trait planfulness, and a negative association with trait impulsivity and one parameter of temporal discounting that captures a bias to prefer sooner rewards to a greater degree if they are delivered that day. Our results can inform psychological theories of inequality and a broader conversation about effective public policy.",2025-05-11T10:02:57Z,,,,,,Ludwig2019InequalityPersonalityTemporal,,2025-05-11T10:02:57Z,2025-05-11T10:02:57Z,,,,,,,,Journal of Research in Personality,TXY9GZSM,,ScienceDirect,,,,,,,,79-87,,,,,,,,,,,,,,,Inequality in personality and temporal discounting across socioeconomic status?,,,15636,81,,
journalArticle,The personality-related implications of Stroop performance: Stress-contingent self-control in daily life,"Klein, Robert J.; Liu, Tianwei; Diehl, Dylan; Robinson, Michael D.",2017-10-01,Journal of Research in Personality,10.1016/j.jrp.2017.07.006,https://www.sciencedirect.com/science/article/pii/S0092656617300806,False,,,0092-6566,,,"People with higher levels of executive control, relative to low levels, should be more capable of responding to the problems and stressors of their lives, yet we know very little concerning this lab-to-life interface. Two studies (total N=254) sought to speak to questions of this type using the Stroop task, a classic measure of executive control. Individual differences in Stroop costs were assessed in the laboratory, following which the same people completed daily diary protocols for two weeks. Consistent with neurocognitive theories of executive control, both studies found that people capable of overriding the Stroop effect tended to recruit self-control in response to the stressful circumstances of their lives. By contrast, people with high Stroop costs did not exhibit this problem-focused form of recruitment. The findings extend our knowledge of individual differences in executive control and the manner in which they operate in daily life.",2025-05-11T10:02:52Z,,,,,,Klein2017PersonalityrelatedImplicationsStroop,,2025-05-11T10:02:52Z,2025-05-11T10:02:52Z,,,,,,,,Journal of Research in Personality,DMCWVGLX,,ScienceDirect,,,,,,,,156-165,,,,,,,,,,,,,,,The personality-related implications of Stroop performance,,,15637,70,,
journalArticle,The “other” relationships of self-assessed intelligence: A meta-analysis,"Howard, Matt C.; Cogswell, Joshua E.",2018-12-01,Journal of Research in Personality,10.1016/j.jrp.2018.09.006,https://www.sciencedirect.com/science/article/pii/S0092656618302976,False,,,0092-6566,,,"The primary goal of the current article is to “take stock” of the “other” relationships of self-assessed intelligence (SAI). The current article groups the relationships of SAI into four categories: constructs associated with intelligence (openness, emotional intelligence), tendencies and opportunities to develop intelligence (conscientiousness, education, age, SES, prior IQ test experience), constructs associated with biased self-assessments (extraversion, neuroticism, narcissism, honesty-humility, race), and positive states and life achievements (positive self-regard, psychological well-being, academic achievement). The meta-analytic results demonstrate that almost all variables from these four categories significantly relate to SAI, with the exception of prior IQ test experience. These relationships are also consistent when accounting for psychometric intelligence, and no studied moderator variables consistently influence the magnitude of these results.",2025-05-11T10:02:49Z,,,,,,Howard2018OtherRelationshipsSelfassessed,,2025-05-11T10:02:49Z,2025-05-11T10:02:49Z,,,,,,,,Journal of Research in Personality,S6CKU586,,ScienceDirect,,,,,,,,31-46,,,,,,,,,,,,,,,The “other” relationships of self-assessed intelligence,,,15638,77,,
journalArticle,Computer-based music feature analysis mirrors human perception and can be used to measure individual music preference,"Fricke, Kai R.; Greenberg, David M.; Rentfrow, Peter J.; Herzberg, Philipp Yorck",2018-08-01,Journal of Research in Personality,10.1016/j.jrp.2018.06.004,https://www.sciencedirect.com/science/article/pii/S0092656618300989,False,,,0092-6566,,,"This paper explores the measurement of individual music feature preference using human- and computer-rated music excerpts. In the first of two studies, we correlated human ratings of song excerpts with computer-extracted music features and found good accordance, as well as similar criterion validity with preference for musical styles (the MUSIC model, mean r = 0.88). In a second online study (N = 2118), using PCA and Procrustes analysis, we found that measured music preference showed the same established three-component structure from previous research (Arousal, Valence, Depth), regardless of whether the music pieces were rated by humans or the ESSENTIA music analysis software. Our results suggest that computer-extracted music features can be used to assess individual music preference.",2025-05-11T10:02:47Z,,,,,,Fricke2018ComputerbasedMusicFeature,,2025-05-11T10:02:47Z,2025-05-11T10:02:47Z,,,,,,,,Journal of Research in Personality,FPPVJGFP,,ScienceDirect,,,,,,,,94-102,,,,,,,,,,,,,,,,,,15639,75,,
journalArticle,"Role of personality traits in first impressions: An investigation of actual and perceived personality similarity effects on interpersonal attraction across communication modalities,","Cemalcilar, Zeynep; Baruh, Lemi; Kezer, Murat; Kamiloglu, Roza Gizem; Nigdeli, Bihter",2018-10-01,Journal of Research in Personality,10.1016/j.jrp.2018.07.009,https://www.sciencedirect.com/science/article/pii/S0092656618302022,False,,,0092-6566,,,"We investigate the effects of perceivers’ impressions of others’ personality traits on their social attraction, after a brief encounter face-to-face or via Facebook. We first examine the main effects of perceived personality traits. Next, we compare and contrast the effects of perceived- and actual- personality similarity through polynomial regressions with response surface analysis (RSA) accounting for dyads’ respective levels of personality traits. Results suggest that RSA yield estronger effects of perceived similarity (vs. actual) on attraction. Perceivers are more attracted to targets who are “better versions” of themselves, yet too much discrepancy impede attraction, more so when face-to-face.",2025-05-11T10:02:45Z,,,,,,Cemalcilar2018RolePersonalityTraits,,2025-05-11T10:02:45Z,2025-05-11T10:02:45Z,,,,,,,,Journal of Research in Personality,TPQJ9ILM,,ScienceDirect,,,,,,,,139-149,,,,,,,,,,,,,,,Role of personality traits in first impressions,,,15640,76,,
journalArticle,Subjective well-being and academic achievement: A meta-analysis,"Bücker, Susanne; Nuraydin, Sevim; Simonsmeier, Bianca A.; Schneider, Michael; Luhmann, Maike",2018-06-01,Journal of Research in Personality,10.1016/j.jrp.2018.02.007,https://www.sciencedirect.com/science/article/pii/S0092656618300199,False,,,0092-6566,,,"Is the subjective well-being (SWB) of high-achieving students generally higher compared to low achieving students? In this meta-analysis, we investigated the association between SWB and academic achievement by synthesizing 151 effect sizes from 47 studies with a total of 38,946 participants. The correlation between academic achievement and SWB was small to medium in magnitude and statistically significant at r = 0.164, 95% CI [0.113, 0.216]. The correlation was stable across various levels of demographic variables, different domains of SWB, and was stable across alternative measures of academic achievement or SWB. Overall, the results suggest that low-achieving students do not necessarily report low well-being, and that high-achieving students do not automatically experience high levels of well-being.",2025-05-11T10:02:43Z,,,,,,Bucker2018SubjectiveWellbeingAcademic,,2025-05-11T10:02:43Z,2025-05-11T10:02:43Z,,,,,,,,Journal of Research in Personality,UTWEE2RW,,ScienceDirect,,,,,,,,83-94,,,,,,,,,,,,,,,Subjective well-being and academic achievement,,,15641,74,,
journalArticle,The nature of processing fluency: Amplification versus hedonic marking,"Landwehr, Jan R.; Eckmann, Lisa",2020-09-01,Journal of Experimental Social Psychology,10.1016/j.jesp.2020.103997,https://www.sciencedirect.com/science/article/pii/S0022103119302732,False,,,0022-1031,,,"When processing an object, the human cognitive system instantaneously produces a latent experience of processing fluency that has been shown to influence a wide variety of judgments (e.g., liking, beauty, truth, safety, trustworthiness, etc.). The majority of findings revolve around the idea that fluent processing is hedonically positive and shifts evaluative judgments in the positive direction (the “Hedonic Fluency Model”). However, other findings indicate that fluency can intensify existing judgmental tendencies in the positive and negative directions (the “Fluency Amplification Model”). In two exploratory studies and three confirmatory studies submitted as a registered report, the present paper examines whether fluency hedonically upshifts evaluative judgments or whether it bidirectionally amplifies them. All five studies indicate that both mechanisms seem to be at work simultaneously. These findings challenge the previously assumed unidimensional nature of fluency and call for an advancement of the current theories of processing fluency.",2025-05-11T10:01:36Z,,,,,,Landwehr2020NatureProcessingFluency,,2025-05-11T10:01:36Z,2025-05-11T10:01:36Z,,,,,,,,Journal of Experimental Social Psychology,ZBEBXGMQ,,ScienceDirect,,,,,,,,103997,,,,,,,,,,,,,,,The nature of processing fluency,,,15642,90,,
journalArticle,Replication Study: Melanoma exosomes educate bone marrow progenitor cells toward a pro-metastatic phenotype through MET,"Kim, Jeewon; Afshari, Amirali; Sengupta, Ranjita; Sebastiano, Vittorio; Gupta, Archana; Kim, Young H; Reproducibility Project: Cancer Biology",2018-12-11,eLife,10.7554/eLife.39944,https://doi.org/10.7554/eLife.39944,False,,,2050-084X,,,"As part of the Reproducibility Project: Cancer Biology we published a Registered Report (Lesnik et al., 2016) that described how we intended to replicate selected experiments from the paper ‘Melanoma exosomes educate bone marrow progenitor cells toward a pro-metastatic phenotype through MET’ (Peinado et al., 2012). Here we report the results. We regenerated tumor cells stably expressing a short hairpin to reduce Met expression (shMet) using the same highly metastatic mouse melanoma cell line (B16-F10) as the original study, which efficiently downregulated Met in B16F10 cells similar to the original study (Supplementary Figure 5A; Peinado et al., 2012). Exosomes from control cells expressed Met, which was reduced in exosomes from shMet cells; however, we were unable to reliably detect phosphorylated Met in exosomes. We tested the effect of exosome-dependent Met signaling on primary tumor growth and metastasis. Similar to the results in the original study, we did not find a statistically significant change in primary tumor growth. Measuring lung and femur metastases, we found a small increase in metastatic burden with exosomes from control cells that was diminished when Met expression was reduced; however, while the effects were in the same direction as the original study (Figure 4E; Peinado et al., 2012), they were not statistically significant. Differences between the original study and this replication attempt, such as level of knockdown efficiency, cell line genetic drift, sample sizes, study endpoints, and variability of observed metastatic burden, are factors that might have influenced the outcomes. Finally, we report meta-analyses for each result.",2025-05-10T06:26:40Z,,,,,,Kim2018ReplicationStudyMelanoma,,2025-05-10T06:26:40Z,2025-05-10T06:26:40Z,,,,,,,,,YUNDSLBJ,,eLife,,,,,,,,e39944,,,,,"eLife Sciences Publications, Ltd",,,,,,,,,,Replication Study,,,15643,7,,
journalArticle,Replication Study: Discovery and preclinical validation of drug indications using compendia of public gene expression data,"Kandela, Irawati; Aird, Fraser; Reproducibility Project: Cancer Biology; Dang, Chi Van",2017-01-19,eLife,10.7554/eLife.17044,https://doi.org/10.7554/eLife.17044,False,,,2050-084X,,,"In 2015, as part of the Reproducibility Project: Cancer Biology, we published a Registered Report (Kandela et al., 2015) that described how we intended to replicate selected experiments from the paper “Discovery and Preclinical Validation of Drug Indications Using Compendia of Public Gene Expression Data“ (Sirota et al., 2011). Here we report the results of those experiments. We found that cimetidine treatment in a xenograft model using A549 lung adenocarcinoma cells resulted in decreased tumor volume compared to vehicle control; however, while the effect was in the same direction as the original study (Figure 4C; Sirota et al., 2011), it was not statistically significant. Cimetidine treatment in a xenograft model using ACHN renal cell carcinoma cells did not differ from vehicle control treatment, similar to the original study (Supplemental Figure 1; Sirota et al., 2011). Doxorubicin treatment in a xenograft model using A549 lung adenocarcinoma cells did not result in a statistically significant difference compared to vehicle control despite tumor volume being reduced to levels similar to those reported in the original study (Figure 4C; Sirota et al., 2011). Finally, we report a random effects meta-analysis for each result. These meta-analyses show that the inhibition of A549 derived tumors by cimetidine resulted in a statistically significant effect, as did the inhibition of A549 derived tumors by doxorubicin. The effect of cimetidine on ACHN derived tumors was not statistically significant, as predicted.",2025-05-10T06:25:55Z,,,,,,Kandela2017ReplicationStudyDiscovery,,2025-05-10T06:25:55Z,2025-05-10T06:25:55Z,,,,,,,,,F67ZRXNE,,eLife,,,,,,,,e17044,,,,,"eLife Sciences Publications, Ltd",,,,,,,,,,Replication Study,,,15644,6,,
journalArticle,Replication Study: BET bromodomain inhibition as a therapeutic strategy to target c-Myc,"Aird, Fraser; Kandela, Irawati; Mantis, Christine; Reproducibility Project: Cancer Biology; Glass, Christopher K",2017-01-19,eLife,10.7554/eLife.21253,https://doi.org/10.7554/eLife.21253,False,,,2050-084X,,,"In 2015, as part of the Reproducibility Project: Cancer Biology, we published a Registered Report (Kandela et al., 2015) that described how we intended to replicate selected experiments from the paper ""BET bromodomain inhibition as a therapeutic strategy to target c-Myc"" (Delmore et al., 2011). Here we report the results of those experiments. We found that treatment of human multiple myeloma (MM) cells with the small-molecular inhibitor of BET bromodomains, (+)-JQ1, selectively downregulated MYC transcription, which is similar to what was reported in the original study (Figure 3B; Delmore et al., 2011). Efficacy of (+)-JQ1 was evaluated in an orthotopically xenografted model of MM. Overall survival was increased in (+)-JQ1 treated mice compared to vehicle control, similar to the original study (Figure 7E; Delmore et al., 2011). Tumor burden, as determined by bioluminescence, was decreased in (+)-JQ1 treated mice compared to vehicle control; however, while the effect was in the same direction as the original study (Figure 7C-D; Delmore et al., 2011), it was not statistically significant. The opportunity to detect a statistically significant difference was limited though, due to the higher rate of early death in the control group, and increased overall survival in (+)-JQ1 treated mice before the pre-specified tumor burden analysis endpoint. Additionally, we evaluated the (−)-JQ1 enantiomer that is structurally incapable of inhibiting BET bromodomains, which resulted in a minimal impact on MYC transcription, but did not result in a statistically significant difference in tumor burden or survival distributions compared to treatment with (+)-JQ1. Finally, we report meta-analyses for each result.",2025-05-10T06:25:42Z,,,,,,Aird2017ReplicationStudyBET,,2025-05-10T06:25:42Z,2025-05-10T06:25:42Z,,,,,,,,,KWJLKCBD,,eLife,,,,,,,,e21253,,,,,"eLife Sciences Publications, Ltd",,,,,,,,,,Replication Study,,,15645,6,,
journalArticle,"Registered Replication Report on Mazar, Amir, and Ariely (2008)","Verschuere, Bruno; Meijer, Ewout H.; Jim, Ariane; Hoogesteyn, Katherine; Orthey, Robin; McCarthy, Randy J.; Skowronski, John J.; Acar, Oguz A.; Aczel, Balazs; Bakos, Bence E.; Barbosa, Fernando; Baskin, Ernest; Bègue, Laurent; Ben-Shakhar, Gershon; Birt, Angie R.; Blatz, Lisa; Charman, Steve D.; Claesen, Aline; Clay, Samuel L.; Coary, Sean P.; Crusius, Jan; Evans, Jacqueline R.; Feldman, Noa; Ferreira-Santos, Fernando; Gamer, Matthias; Gomes, Sara; González-Iraizoz, Marta; Holzmeister, Felix; Huber, Juergen; Isoni, Andrea; Jessup, Ryan K.; Kirchler, Michael; klein Selle, Nathalie; Koppel, Lina; Kovacs, Marton; Laine, Tei; Lentz, Frank; Loschelder, David D.; Ludvig, Elliot A.; Lynn, Monty L.; Martin, Scott D.; McLatchie, Neil M.; Mechtel, Mario; Nahari, Galit; Özdoğru, Asil Ali; Pasion, Rita; Pennington, Charlotte R.; Roets, Arne; Rozmann, Nir; Scopelliti, Irene; Spiegelman, Eli; Suchotzki, Kristina; Sutan, Angela; Szecsi, Peter; Tinghög, Gustav; Tisserand, Jean-Christian; Tran, Ulrich S.; Van Hiel, Alain; Vanpaemel, Wolf; Västfjäll, Daniel; Verliefde, Thomas; Vezirian, Kévin; Voracek, Martin; Warmelink, Lara; Wick, Katherine; Wiggins, Bradford J.; Wylie, Keith; Yıldız, Ezgi",2018-09-01,Advances in Methods and Practices in Psychological Science,10.1177/2515245918781032,https://doi.org/10.1177/2515245918781032,False,,,2515-2459,,,"The self-concept maintenance theory holds that many people will cheat in order to maximize self-profit, but only to the extent that they can do so while maintaining a positive self-concept. Mazar, Amir, and Ariely (2008, Experiment 1) gave participants an opportunity and incentive to cheat on a problem-solving task. Prior to that task, participants either recalled the Ten Commandments (a moral reminder) or recalled 10 books they had read in high school (a neutral task). Results were consistent with the self-concept maintenance theory. When given the opportunity to cheat, participants given the moral-reminder priming task reported solving 1.45 fewer matrices than did those given a neutral prime (Cohen’s d = 0.48); moral reminders reduced cheating. Mazar et al.’s article is among the most cited in deception research, but their Experiment 1 has not been replicated directly. This Registered Replication Report describes the aggregated result of 25 direct replications (total N = 5,786), all of which followed the same preregistered protocol. In the primary meta-analysis (19 replications, total n = 4,674), participants who were given an opportunity to cheat reported solving 0.11 more matrices if they were given a moral reminder than if they were given a neutral reminder (95% confidence interval = [−0.09, 0.31]). This small effect was numerically in the opposite direction of the effect observed in the original study (Cohen’s d = −0.04).",2025-05-10T06:23:49Z,,,,,,Verschuere2018RegisteredReplicationReport,,2025-05-10T06:23:49Z,2025-05-10T06:23:49Z,,,,,,,3,,CH6HPAJI,EN,SAGE Journals,,,,,,,,299-317,,,,,SAGE Publications Inc,,,,,,,,,,,,,15647,1,,
journalArticle,The Relation Between Memory Speed and Capacity: A Domain-General Law of Human Cognition?,"Uittenhove, Kim; Vergauwe, Evie",2019-10-18T00:01:14+00:00,Journal of Cognition,10.5334/joc.83,https://journalofcognition.org/articles/10.5334/joc.83,False,,,2514-4820,,,"This study tests an important and appealing hypothesis that has been around in the fields of cognitive psycho logy and neuroscience for over 40 years, but that lacks a conclusive empirical test. According to this hypothesis, there is a direct relationship between speed and capacity in working memory. Working memory refers to the ability to retain a small amount of information in a highly accessible state for a short period of time. Across different fields, it has been proposed that the limited capacity of working memory can be understood in terms of time instead of space, such that the amount of information that can be actively maintained corresponds to the amount of information through which one can cycle in a constant and relatively short time-window. Here, we present a study that explicitly and directly tests the speed-capacity hypothesis. In particular, we test (1) the speed-capacity hypothesis in verbal working memory, (2) the speed-capacity hypothesis in visuospatial working memory, and most importantly, (3) whether the sam speed-capacity relation holds across verbal and visuospatial working memory, reflecting a domain-general, time-based law of human working memory capacity and, as such, of the complexity of human thought. Overall, our results do not provide any evidence for the existence of a domain-general law. However, unexpected findings related to measuring memory speed (i.e., high prevalence of negative search slopes in the Sternberg task) prevent us from drawing firm conclusions.",2025-05-05T06:16:28Z,,,,,,Uittenhove2019RelationMemorySpeed,,2025-05-05T06:16:28Z,2025-05-05T06:16:28Z,,,,,,,1,,UZ86NMHS,en-US,journalofcognition.org,,,,,,,,,,,,,,,,,,,,,,,The Relation Between Memory Speed and Capacity,,,15648,2,,
journalArticle,Your guess is as good as mine: A registered report assessing physiological markers of fear and anxiety to the unknown in individuals with varying levels of intolerance of uncertainty,"Morriss, Jayne; Biagi, Nicolò; Dodd, Helen",2020-10-01,International Journal of Psychophysiology,10.1016/j.ijpsycho.2020.07.009,https://www.sciencedirect.com/science/article/pii/S0167876020301847,False,,,0167-8760,,,"Individuals who score high in Intolerance of Uncertainty (IU) have a tendency to find uncertainty and the unknown aversive. However, there is a dearth of literature on the extent to which the known vs. the unknown during threatening contexts induce fear and anxiety in individuals with high IU. In the following registered report we attempted to address this question by manipulating the known and unknown in the threat of predictable and unpredictable aversive events task. Throughout the task, we measured a variety of self-report (ratings of valence and arousal) and physiological indices (skin conductance, pupil dilation, orbicularis oculi, corrugator supercilii). We collected data from 93 participants. Higher IU, relative to lower IU was associated with: (1) less discriminatory orbicularis oculi activity between cue and interstimulus interval periods across conditions, and (2) larger corrugator supercilii activity to the known predictable shock condition and smaller corrugator supercilii activity to the known unpredictable shock condition, compared to the other conditions. These findings provide evidence that IU-related biases manifest differently depending on the physiological marker of fear and anxiety and the type of known-unknown threat i.e. orbicularis oculi activity was related to generalisation across conditions, whilse corrugator supercilii activity reflected distress/relief during conditions with known threat. Ultimately, this research will inform future models of IU in relation to anxiety and stress disorders.",2025-05-03T23:50:38Z,,,,,,Morriss2020YourGuessGood,,2025-05-03T23:50:38Z,2025-05-03T23:50:38Z,,,,,,,,International Journal of Psychophysiology,GXFCI25T,,ScienceDirect,,,,,,,,93-104,,,,,,,,,,,,,,,Your guess is as good as mine,,,15649,156,,
journalArticle,A registered report of error-related negativity and reward positivity as biomarkers of depression: P-Curving the evidence,"Clayson, Peter E.; Carbine, Kaylie A.; Larson, Michael J.",2020-04-01,International Journal of Psychophysiology,10.1016/j.ijpsycho.2020.01.005,https://www.sciencedirect.com/science/article/pii/S0167876020300180,False,,,0167-8760,,,"Performance-monitoring event-related brain potentials (ERPs), such as the error-related negativity (ERN) and reward positivity (RewP), are advocated as biomarkers of depression symptoms and risk. However, a recent meta-analysis indicated effect size heterogeneity in the ERN and RewP literatures. Hence, advocating these ERPs as biomarkers of depression might be premature or possibly misguided due to the selective reporting of significant analyses on the part of researchers (e.g., p-hacking or omission of non-significant findings). The present study quantified the degree of selective reporting and the evidential value for a true relationship between depression and ERN and RewP using a p-curve analysis. We predicted that the ERN and RewP literatures would fail to show evidential value for a relationship between each ERP and depression. Contrary to expectations, both literatures showed evidential value, albeit weak. The statistical power of the included ERN studies was between 20% and 25%, and the statistical power of the RewP was around 27%. Taken together, these findings provide support for a relationship between these ERPs and depression, which strengthens claims that these ERPs represent candidate biomarkers of depression symptoms and risk. In light of the evidence for these relationships being weak, some recommendations moving forward include conducting a priori power analyses, increasing sample sizes to improve statistical power, assessing the internal consistency of ERP scores, and carefully planning statistical approaches to maximize power.",2025-05-03T23:50:25Z,,,,,,Clayson2020RegisteredReportErrorrelated,,2025-05-03T23:50:25Z,2025-05-03T23:50:25Z,,,,,,,,International Journal of Psychophysiology,6Z62QKD6,,ScienceDirect,,,,,,,,50-72,,,,,,,,,,,,,,,A registered report of error-related negativity and reward positivity as biomarkers of depression,,,15650,150,,
journalArticle,Meta-analyses are no substitute for registered replications: a skeptical perspective on religious priming,"Van Elk, Michiel; Matzke, Dora; Gronau, Quentin; Guang, Maime; Vandekerckhove, Joachim; Wagenmakers, Eric-Jan",2015-09-15,Frontiers in Psychology,10.3389/fpsyg.2015.01365,https://www.frontiersin.orghttps://www.frontiersin.org/journals/psychology/articles/10.3389/fpsyg.2015.01365/full,False,,,1664-1078,,,"According to a recent meta-analysis, religious priming has a positive effect on prosocial behavior (Shariff et al., 2015). We first argue that this meta-analysis suffers from a number of methodological shortcomings that limit the conclusions that can be drawn about the potential benefits of religious priming. Next we present a re-analysis of the religious priming data using two different meta-analytic techniques. A Precision-Effect Testing–Precision-Effect-Estimate with Standard Error (PET-PEESE) meta-analysis suggests that the effect of religious priming is driven solely by publication bias. In contrast, an analysis using Bayesian bias correction suggests the presence of a religious priming effect, even after controlling for publication bias. These contradictory statistical results demonstrate that meta-analytic techniques alone may not be sufficiently robust to firmly establish the presence or absence of an effect. We argue that a conclusive resolution of the debate about the effect of religious priming on prosocial behavior – and about theoretically disputed effects more generally – requires a large-scale, preregistered replication project, which we consider to be the sole remedy for the adverse effects of experimenter bias and publication bias.",2025-05-03T23:50:20Z,,,,,,VanElk2015MetaanalysesAreNo,,2025-05-03T23:50:20Z,2025-05-03T23:50:20Z,,,,,,,,Front. Psychol.,6DLUM9R5,English,Frontiers,,,,,,,,,,,,,Frontiers,,,,,,,,,,Meta-analyses are no substitute for registered replications,,,15651,6,,
journalArticle,Does Object Size Matter With Regard to the Mental Simulation of Object Orientation?,"Chen, Sau-Chin; de Koning, Bjorn B.; Zwaan, Rolf A.",2020-01,Experimental Psychology,10.1027/1618-3169/a000468,https://econtent.hogrefe.com/doi/10.1027/1618-3169/a000468,False,,,1618-3169,,,". Language comprehenders have been arguing to mentally represent the implied orientation of objects. However, compared to the effects of shape, size, and color, the effect of orientation is rather small. We examined a potential explanation for the relatively low magnitude of the orientation effect: Object size moderates the orientation effect. Theoretical considerations led us to predict a smaller orientation effect for small objects than for large objects in a sentence–picture verification task. We furthermore investigated whether this pattern generalizes across languages (Chinese, Dutch, and English) and tasks (picture-naming task). The results of the verification task show an orientation effect overall, which is not moderated by object size (contrary to our hypothesis) and language (consistent with our hypothesis). Meanwhile, the preregistered picture–picture verification task showed the predicted interaction between object size and orientation effect. We conducted exploratory analyses to address additional questions.",2025-05-03T23:50:18Z,,,,,,Chen2020DoesObjectSize,,2025-05-03T23:50:18Z,2025-05-03T23:50:18Z,,,,,,,1,,LP793MWT,,econtent.hogrefe.com (Atypon),,,,,,,,56-72,,,,,Hogrefe Publishing,,,,,,,,,,,,,15652,67,,
journalArticle,Autism in Aotearoa,"Kember, Sarah M.; Williams, Matt N.",2021-05,European Journal of Psychological Assessment,10.1027/1015-5759/a000598,https://econtent.hogrefe.com/doi/10.1027/1015-5759/a000598,False,,,1015-5759,,,". Screening measures for autism spectrum disorder (ASD) are important tools for clinicians and researchers. However, where a measure developed and validated for one population is used with another, its performance in this new context must be carefully examined. The RAADS-14, a brief ASD screen developed in Sweden, was evaluated with a sample of New Zealand adults (N = 387), 41 of whom self-reported a prior diagnosis of ASD. The convergent validity of the RAADS-14 (Hypothesis 2) was supported by a strong positive correlation with the AQ-10 (short version of the Autism Spectrum Quotient), r = .81. Discriminant validity (Hypothesis 3) was also supported by a strong negative correlation with the EQ-Short (short version of the Empathy Quotient), r = −.75. However, the measure did not meet inferential criteria for internal consistency (Hypothesis 1), and confirmatory factor analysis (CFA) found a poor fit of the proposed three-factor model (Hypothesis 4) to the data. A cut-off score of 14/42 provided adequate sensitivity (95%) to detect participants with self-reported ASD diagnoses, but not adequate specificity (70%), suggesting a very high rate of false positives should be expected if relying on RAADS-14 scores alone to interpret presence of ASD. In sum, our results do not provide sufficient evidence of reliability and validity to support the use of the RAADS-14 with the New Zealand population. We provide suggestions for refinement of the RAADS-14 that may lead to increased reliability and validity.",2025-05-03T23:44:21Z,,,,,,Kember2021AutismAotearoa,,2025-05-03T23:44:21Z,2025-05-03T23:44:21Z,,,,,,,3,,K47TWUGE,,econtent.hogrefe.com (Atypon),,,,,,,,247-257,,,,,Hogrefe Publishing,,,,,,,,,,,,,15654,37,,
journalArticle,Aging Effects and Test–Retest Reliability of Inhibitory Control for Saccadic Eye Movements,"Płomecka, Martyna Beata; Barańczuk-Turska, Zofia; Pfeiffer, Christian; Langer, Nicolas",2020/09/01,eNeuro,10.1523/ENEURO.0459-19.2020,https://www.eneuro.org/content/7/5/ENEURO.0459-19.2020,False,,,2373-2822,,32907833,"Neuropsychological studies indicate that healthy aging is associated with a decline of inhibitory control of attentional and behavioral systems. A widely accepted measure of inhibitory control is the antisaccade task that requires both the inhibition of a reflexive saccadic response toward a visual target and the initiation of a voluntary eye movement in the opposite direction. To better understand the nature of age-related differences in inhibitory control, we evaluated antisaccade task performance in 78 younger (20–35 years) and 78 older (60–80 years) participants. In order to provide reliable estimates of inhibitory control for individual subjects, we investigated test–retest reliability of the reaction time, error rate, saccadic gain, and peak saccadic velocity and further estimated latent, not directly observable processed contributing to changes in the antisaccade task execution. The intraclass correlation coefficients (ICCs) for an older group of participants emerged as good to excellent for most of our antisaccade task measures. Furthermore, using Bayesian multivariate models, we inspected age-related differences in the performances of healthy younger and older participants. The older group demonstrated higher error rates, longer reaction times, significantly more inhibition failures, and late prosaccades as compared with young adults. The consequently lower ability of older adults to voluntarily inhibit saccadic responses has been interpreted as an indicator of age-related inhibitory control decline. Additionally, we performed a Bayesian model comparison of used computational models and concluded that the Stochastic Early Reaction, Inhibition and Late Action (SERIA) model explains our data better than PRO-Stop-Antisaccade (PROSA) that does not incorporate a late decision process.",2025-05-03T23:44:16Z,,,,,,Plomecka2020AgingEffectsTest,,2025-05-03T23:44:16Z,2025-05-03T23:44:16Z,,,Section: Research Article: New Research - Registered Report,,,,5,eNeuro,77CLGAAN,en,www.eneuro.org,,,,,,,,,,,,,Society for Neuroscience,,,,"Copyright © 2020 Płomecka et al.. This is an open-access article distributed under the terms of the Creative Commons Attribution 4.0 International license, which permits unrestricted use, distribution and reproduction in any medium provided that the original work is properly attributed.",,,,,,,,,15655,7,,
journalArticle,Predicted Position Error Triggers Catch-Up Saccades during Sustained Smooth Pursuit,"Nachmani, Omri; Coutinho, Jonathan; Khan, Aarlenne Z.; Lefèvre, Philippe; Blohm, Gunnar",2020/01/01,eNeuro,10.1523/ENEURO.0196-18.2019,https://www.eneuro.org/content/7/1/ENEURO.0196-18.2019,False,,,2373-2822,,31862791,"For humans, visual tracking of moving stimuli often triggers catch-up saccades during smooth pursuit. The switch between these continuous and discrete eye movements is a trade-off between tolerating sustained position error (PE) when no saccade is triggered or a transient loss of vision during the saccade due to saccadic suppression. de Brouwer et al. (2002b) demonstrated that catch-up saccades were less likely to occur when the target re-crosses the fovea within 40–180 ms. To date, there is no mechanistic explanation for how the trigger decision is made by the brain. Recently, we proposed a stochastic decision model for saccade triggering during visual tracking (Coutinho et al., 2018) that relies on a probabilistic estimate of predicted PE (PEpred). Informed by model predictions, we hypothesized that saccade trigger time length and variability will increase when pre-saccadic predicted errors are small or visual uncertainty is high (e.g., for blurred targets). Data collected from human participants performing a double step-ramp task showed that large pre-saccadic PEpred (>10°) produced short saccade trigger times regardless of the level of uncertainty while saccade trigger times preceded by small PEpred (<10°) significantly increased in length and variability, and more so for blurred targets. Our model also predicted increased signal-dependent noise (SDN) as retinal slip (RS) increases; in our data, this resulted in longer saccade trigger times and more smooth trials without saccades. In summary, our data supports our hypothesized predicted error-based decision process for coordinating saccades during smooth pursuit.",2025-05-03T23:44:14Z,,,,,,Nachmani2020PredictedPositionError,,2025-05-03T23:44:14Z,2025-05-03T23:44:14Z,,,,,,,1,eNeuro,XAFETMXS,en,www.eneuro.org,,,,,,,,,,,,,Society for Neuroscience,,,,"Copyright © 2020 Nachmani et al.. This is an open-access article distributed under the terms of the Creative Commons Attribution 4.0 International license, which permits unrestricted use, distribution and reproduction in any medium provided that the original work is properly attributed.",New Research - Registered Report,,,,,,,,15656,7,,
journalArticle,Do Institutional Characteristics Predict Markers of Adulthood?: A Close Replication of Fosse and Toyokawa (2016),"Grahe, Jon E.; Corker, Katherine S.; Schmolesky, Matthew; Alvarez, Leslie D. Cramblet; McFall, Joseph; Lazzara, Julie; Kemp, Andrew H.",2020-08-01,Emerging Adulthood,10.1177/2167696818810268,https://doi.org/10.1177/2167696818810268,False,,,2167-6968,,,"Recent research reveals that some variability in personality differences can be explained by contextual factors such as location. Although little research has systematically evaluated how such variables predict individual differences in Emerging Adulthood, Fosse and Toyokawa (2016) revealed that characteristics of one’s university such as selectivity and liberal arts classification did predict respondents’ perceived importance and attainment of milestones associated with adulthood. As a close replication of Fosse and Toyokawa (2016), the present findings supported our preregistered hypotheses that liberal arts status predicted decreased perceived importance and lower attainment of some constructs of markers of adulthood but did not support predictions that selectivity would also predict such differences. Our findings provide further evidence of the institutional effects that emerge in multisample individual difference studies and extend those findings with a broader and more diverse sample than was considered previously.",2025-05-03T23:40:28Z,,,,,,Grahe2020InstitutionalCharacteristicsPredict,,2025-05-03T23:40:28Z,2025-05-03T23:40:28Z,,,,,,,4,,XMW9CLCT,EN,SAGE Journals,,,,,,,,270-284,,,,,SAGE Publications Inc,,,,,,,,,,Do Institutional Characteristics Predict Markers of Adulthood?,,,15657,8,,
journalArticle,Disability Self-Identification and Well-Being in Emerging Adults,"Chalk, Holly McCartney; Barlett, Christopher P.; Barlett, Natalie D.",2020-08-01,Emerging Adulthood,10.1177/2167696818812604,https://doi.org/10.1177/2167696818812604,False,,,2167-6968,,,"Research suggests that emerging adults (EAs) with a disabling impairment experience poor psychosocial outcomes and delayed markers of adulthood. Given the numbers of EA with a disabling impairment who do not self-identify as having a disability, we examine a multigroup structural model of positive disability identity based on disability self-identification. Participants (n = 2,016) completed assessments of positive disability identity, psychosocial outcomes, and markers of adulthood. Most participants with a disabling impairment did not self-identify as having a disability (68%). Positive disability identity, maintaining a positive view of disability, was associated with increased life satisfaction, regardless of whether EA self-identify as having a disability. Exploratory analyses suggest that EA with psychiatric disabilities experience the most negative psychosocial outcomes. Findings suggest that maintaining a positive view of disability is associated with favorable outcomes. However, intervention with EA who do not self-identify is challenging, as they may not seek support services.",2025-05-03T23:40:26Z,,,,,,Chalk2020DisabilitySelfIdentificationWellBeing,,2025-05-03T23:40:26Z,2025-05-03T23:40:26Z,,,,,,,4,,V3JLDCIY,EN,SAGE Journals,,,,,,,,306-316,,,,,SAGE Publications Inc,,,,,,,,,,,,,15658,8,,
journalArticle,Structural Repetition in Question Answering: A Replication and Extension of Levelt and Kelter (1982),"Chia, Katherine; , Axelrod ,Cara; , Johnson ,Chloe; , Bressler ,Marly; , Cooperman ,Hannah; , Chu ,Amber; , Dash ,Elizabeth; , Di Bella ,Julia; , Engelhardt ,Amanda; , Farruggio ,Victoria; , Folsom ,Susannah; , Gomariz ,Helei; , Greiner ,Elizabeth; , Hager ,Sheridan; , Hansen ,Nicole; , Kenefick ,Caroline; , King ,Jessica; , King ,Khari; , Lavaud ,Molly; , Leone ,Elizabeth; , McGuire ,George; , Montanez ,Sabrina; , Morpeth ,Julia; , Neumann ,Michael; , Rivera ,Daniella; , Sotolongo ,Nina; , Sparacio ,Kaitlyn; , Stokes ,Kacie; , Tarro ,Dominic; , Treacy ,Alysia; , Wagler ,Kayla; , Weitzel ,Sarah; , Woller ,Savannah; and Kaschak, Michael P.",2019-01-02,Discourse Processes,10.1080/0163853X.2018.1515556,https://doi.org/10.1080/0163853X.2018.1515556,False,,,0163-853X,,,"We report an effort to replicate and extend Levelt and Kelter’s (1982) Experiment 3. In their study, experimenters phoned businesses and asked, At what time does your shop close? or What time does your shop close? Participants were more likely to produce prepositional responses (At 7 o’clock) to questions containing a preposition than to questions that did not. Across three experiments, we replicated Levelt and Kelter’s method, and included a number of other communicative contexts (asking questions by phone, in person, or by text message, and asking people both known and unknown to the experimenter). Our efforts produced mixed results. Across experiments, and within each communicative context, we found the predicted pattern of results (more prepositional responses following prepositional questions). Although this pattern was not statistically reliable in our individual experiments, it was significant in an analysis conducted across all of our experiments. Overall, our results suggest that the structural repetition effect observed by Levelt and Kelter is replicable, but is weaker than the effect reported in the original paper.",2025-05-03T23:40:22Z,,,,,,Chia2019StructuralRepetitionQuestion,,2025-05-03T23:40:22Z,2025-05-03T23:40:22Z,,,_eprint: https://doi.org/10.1080/0163853X.2018.1515556,,,,1,,V34IW5ZQ,,Taylor and Francis+NEJM,,,,,,,,2-23,,,,,Routledge,,,,,,,,,,Structural Repetition in Question Answering,,,15659,56,,
journalArticle,The Effect of Concrete Wording on Truth Judgements: A Preregistered Replication and Extension of Hansen & Wänke (2010),"Henderson, Emma L.; Vallée-Tourangeau, Frédéric; Simons, Daniel J.; Zwaan, Rolf; Zwaan, Rolf",2019-04-30,Collabra: Psychology,10.1525/collabra.192,https://doi.org/10.1525/collabra.192,False,,,2474-7394,,,"When you lack the facts, how do you decide what is true and what is not? In the absence of knowledge, we sometimes rely on non-probative information. For example, participants judge concretely worded trivia items as more likely to be true than abstractly worded ones (the linguistic truth effect;Hansen &amp; Wänke, 2010). If minor language differences affect truth judgements, ultimately they could influence more consequential political, legal, health, and interpersonal choices. This Registered Report includes two high-powered replication attempts of Experiment 1 from Hansen and Wänke (2010). Experiment 1a was a dual-site, in-person replication of the linguistic concreteness effect in the original paper-and-pencil format (n = 253, n = 246 in analyses). Experiment 1b replicated the study with an online sample (n = 237,n = 220 in analyses). In Experiment 1a, the effect of concreteness on judgements of truth (Cohen’sdz = 0.08; 95% CI: [–0.03, 0.18]) was smaller than that of the original study. Similarly, in Experiment 1b the effect (Cohen’s dz = 0.11; 95% CI [–0.01, 0.22]) was smaller than that of the original study. Collectively, the pattern of results is inconsistent with that of the original study.",2025-05-03T23:32:46Z,,,,,,Henderson2019EffectConcreteWording,,2025-05-03T23:32:46Z,2025-05-03T23:32:46Z,,,,,,,1,Collabra: Psychology,R2CLAVLD,,Silverchair,,,,,,,,19,,,,,,,,,,,,,,,The Effect of Concrete Wording on Truth Judgements,,,15666,5,,
journalArticle,"Disgust and the rubber hand illusion: a registered replication report of Jalal, Krishnakumar, and Ramachandran (2015)","Nitta, Hiroshi; Tomita, Haruto; Zhang, Yi; Zhou, Xinxin; Yamada, Yuki",2018-05-16,Cognitive Research: Principles and Implications,10.1186/s41235-018-0101-z,https://doi.org/10.1186/s41235-018-0101-z,False,,,2365-7464,,,"Heightened experience of disgust is a feature of obsessive-compulsive disorder (OCD), particularly contamination-related OCD (C-OCD). Previous studies of the rubber hand illusion (RHI) reported that the sense of body ownership is related to the interaction between vision, touch, and proprioception. One recent study demonstrated a link between the RHI and disgust, suggesting that there is an interaction between these three perceptual modalities and disgust (Jalal et al., PLOS ONE 10:e0139159, 2015). However, there have been no direct replications of this initial study. We therefore performed a direct replication of Jalal et al.’s (PLOS ONE 10:e0139159, 2015) study. We examined 133 participants (based on a power analysis) to determine whether placing contamination-related stimuli on a rubber hand causes OCD-like disgust among healthy participants experiencing the RHI. That is, we tested whether Japanese participants experience more intense disgust when the rubber hand and the participant’s hidden hand are stroked synchronously than when stroked asynchronously, in order to replicate and examine the cross-cultural validity of this effect. The main finding of the original study by Jalal and colleagues was successfully replicated in a large sample. Some inconsistencies in one of the control procedures exploring coldness sensations during the RHI were found, which could possibly be due to cross-cultural differences or the improved statistical power of the present study. Based on the present replication study, we conclude that an intervention using the RHI as proposed by Jalal et al. (PLOS ONE 10:e0139159, 2015) might potentially be useful for the treatment of OCD following replications in clinical OCD populations.",2025-05-01T01:52:45Z,,,,,,Nitta2018DisgustRubberHand,,2025-05-01T01:52:45Z,2025-05-01T01:52:45Z,,,,,,,1,Cognitive Research: Principles and Implications,8W3SIJQY,,BioMed Central,,,,,,,,15,,,,,,,,,,,,,,,Disgust and the rubber hand illusion,,,15668,3,,
journalArticle,Memory and preparedness in evaluative conditioning in a smell-taste paradigm. A registered report,"Ruszpel, Borys; and Gast, Anne",2020-07-03,Cognition and Emotion,10.1080/02699931.2020.1719982,https://doi.org/10.1080/02699931.2020.1719982,False,,,0269-9931,,31992132,"We investigate two questions, (1) the relevance of memory for evaluative conditioning (EC) effects based on smell-taste pairings, and (2) the potential preparedness of smell-taste combinations for yielding EC effects. The relevance of memory for EC effects is a subject of intense research. The majority of studies that investigate the memory-EC relation use visual stimuli and typically show no or relatively small EC effects without memory. For smell-taste combinations, only a few studies exist, with mixed results regarding the role of memory in EC. The idea that there might be a preparedness of smell and taste pairings comes from classical conditioning studies showing preparedness in food aversion and from research on joint processing of smells and tastes. In Experiment 1, we report a conceptual replication of previous studies with smell-taste and picture-taste pairings. In this experiment, we found no evidence for memory-independent EC overall. In a pre-registered Experiment 2, we used a design with smells, pictures, tastes, and sounds to test the role of memory more conclusively and test the preparedness hypothesis for smell-taste pairings. The results support the preparedness hypothesis for smell-taste pairings in EC. Furthermore, as in Experiment 1, we did not find evidence for memory-independent EC.",2025-05-01T01:52:34Z,,,,,,Ruszpel2020MemoryPreparednessEvaluative,,2025-05-01T01:52:35Z,2025-05-01T01:52:35Z,,,_eprint: https://doi.org/10.1080/02699931.2020.1719982,,,,5,,Y4FT8PAV,,Taylor and Francis+NEJM,,,,,,,,1068-1082,,,,,Routledge,,,,,,,,,,,,,15669,34,,
journalArticle,"Registered Replication Report of Weissman, D. H., Jiang, J., & Egner, T. (2014). Determinants of congruency sequence effects without learning and memory confounds","Gyurkovics, Mate; Kovacs, Marton; Jaquiery, Matt; Palfi, Bence; Dechterenko, Filip; Aczel, Balazs",2020-11-01,"Attention, Perception, & Psychophysics",10.3758/s13414-020-02021-2,https://doi.org/10.3758/s13414-020-02021-2,False,,,1943-393X,,,"The congruency sequence effect (CSE) refers to the finding that the effect of cognitive conflict is smaller following conflicting, incongruent trials than after non-conflicting, congruent trials in conflict tasks, such as the Stroop, Simon, and flanker tasks. This is typically interpreted as an upregulation of cognitive control in response to conflict. Weissman, Jiang, & Egner (2014) investigated whether the CSE appears in these three tasks and a further variant where task-irrelevant distractors precede the target (prime-probe task), in the absence of learning and memory confounds in samples collected online. They found significant CSEs only in the prime-probe and Simon tasks, suggesting that the effect is more robust in tasks where the distractor can be translated into a response faster than the target. In this Registered Replication Report we collected data online from samples approx. 2.5 times larger than in the original study for each of the four tasks to investigate whether the task-related differences in the magnitude of the CSE are replicable (Nmin = 115, Nmax = 130). Our findings extend but do not contradict the original results: Bayesian analyses suggested that the CSE was present in all four tasks in RT but only in the Simon task in accuracy. The size of the effect did not differ between tasks, and the size of the congruency effect was not correlated with the size of the CSE across participants. These findings suggest it might be premature to conclude that the difference in the speed of distractor- vs target-related response activation is a determinant of the size of cross-trial modulations of control. The practical implications of our results for online data collection in cognitive control research are also discussed.",2025-05-01T01:52:27Z,,,,,,Gyurkovics2020RegisteredReplicationReport,,2025-05-01T01:52:27Z,2025-05-01T01:52:27Z,,,,,,,8,Atten Percept Psychophys,D9JUV7FC,en,Springer Link,,,,,,,,3777-3787,,,,,,,,,,,,,,,,,,15671,82,,
journalArticle,Save Your Strokes: Chinese Handwriting Practice Makes for Ineffective Use of Instructional Time in Second Language Classrooms,"Lu, Xiwen; Ostrow, Korinn S.; Heffernan, Neil T.",2019-10-01,AERA Open,10.1177/2332858419890326,https://doi.org/10.1177/2332858419890326,False,,,2332-8584,,,"Handwriting practice is the most time-consuming activity for learners of Chinese as a foreign language (CFL). CFL instructors report allocating at least one third of their course time to handwriting practice although it prevents students from engaging in meaningful communication, especially in the earliest stages of learning. Given the amount of time students spend in a college course is relatively fixed, the preregistered study presented herein examines the best use of students’ time when primary goals are word acquisition and communication. This work replicates a pilot study examining CFL word recognition in an online learning environment (ASSISTments) and the effects of supplemental handwriting practice. We examined word acquisition and recognition while manipulating condition (no-handwriting practice and with-handwriting practice), and posttest test point (1 [immediate], 2 [1 day delay], and 3 [1 week delay]). Two-way repeated measures analyses of variance revealed significant main effects for both condition and posttest test point in online and on-paper measures of word recognition and handwriting. Potential implications for CFL instruction and directions for future work are discussed.",2025-05-01T01:52:25Z,,,,,,Lu2019YourStrokesChinese,,2025-05-01T01:52:25Z,2025-05-01T01:52:25Z,,,,,,,4,,EK2KIYLY,EN,SAGE Journals,,,,,,,,2332858419890326,,,,,SAGE Publications Inc,,,,,,,,,,Save Your Strokes,,,15672,5,,
journalArticle,Large-Scale Estimates of LGBQ-Heterosexual Disparities in the Presence of Potentially Mischievous Responders: A Preregistered Replication and Comparison of Methods,"Cimpian, Joseph R.; Timmer, Jennifer D.",2019-10-01,AERA Open,10.1177/2332858419888892,https://doi.org/10.1177/2332858419888892,False,,,2332-8584,,,"Although numerous survey-based studies have found that students who identify as lesbian, gay, bisexual, or questioning (LGBQ) have elevated risk for many negative academic, disciplinary, psychological, and health outcomes, the validity of the types of data on which these results rest have come under increased scrutiny. Over the past several years, a variety of data-validity screening techniques have been used in attempts to scrub data sets of “mischievous responders,” youth who systematically provide extreme and untrue responses to outcome items and who tend to falsely report being LGBQ. We conducted a preregistered replication of Cimpian et al. with the 2017 Youth Risk Behavior Survey to (1) estimate new LGBQ-heterosexual disparities on 20 outcomes; (2) test a broader, mechanistic theory relating mischievousness effects with a feature of items (i.e., item response-option extremity); and (3) compare four techniques used to address mischievous responders. Our results are consistent with Cimpian et al.’s findings that potentially mischievous responders inflate LGBQ-heterosexual disparities, do so more among boys than girls, and affect outcomes differentially. For example, we find that removing students suspected of being mischievous responders can cut male LGBQ-heterosexual disparities in half overall and can completely or mostly eliminate disparities in outcomes including fighting at school, driving drunk, and using cocaine, heroin, and ecstasy. Methodologically, we find that some methods are better than others at addressing the issue of data integrity, with boosted regressions coupled with data removal leading to potentially very large decreases in the estimates of LGBQ-heterosexual disparities, but regression adjustment having almost no effect. While the empirical focus of this article is on LGBQ youth, the issues discussed are relevant to research on other minority groups and youth generally, and speak to survey development, methodology, and the robustness and transparency of research.",2025-05-01T01:52:22Z,,,,,,Cimpian2019LargeScaleEstimatesLGBQHeterosexual,,2025-05-01T01:52:22Z,2025-05-01T01:52:22Z,,,,,,,4,,AS7T4WFL,EN,SAGE Journals,,,,,,,,2332858419888892,,,,,SAGE Publications Inc,,,,,,,,,,Large-Scale Estimates of LGBQ-Heterosexual Disparities in the Presence of Potentially Mischievous Responders,,,15673,5,,
journalArticle,Taking It to the Next Level: A Field Experiment to Improve Instructor-Student Relationships in College,"Robinson, Carly D.; Scott, Whitney; Gottfried, Michael A.",2019-01-01,AERA Open,10.1177/2332858419839707,https://doi.org/10.1177/2332858419839707,False,,,2332-8584,,,"Competing in today’s workforce increasingly requires earning a college degree, yet almost half of all enrolled undergraduates do not graduate. As the costs of dropping out of college continue to rise, instructor-student relationships may be a critical yet underexplored avenue for improving college student outcomes. The present study attempts to replicate and extend a prior study that improved teacher-student relationships at the high school level in a college setting. In this registered report, we test whether an intervention that highlights instructor-student commonalities improves similarity, instructor-student relationships, academic achievement, and persistence for undergraduate students in a large, diverse public university. We found that the intervention increased perceptions of similarity but not downstream relational or academic outcomes. Our exploratory analyses provide one of the first investigations suggesting that instructor-student relationships predict an array of consequential student outcomes in college. These findings show a notable relationship gap: instructors perceived less positive relationships with certain student groups, but on average, students perceived equally positive relationships with their instructors.",2025-05-01T01:52:20Z,,,,,,Robinson2019TakingItNext,,2025-05-01T01:52:20Z,2025-05-01T01:52:20Z,,,,,,,1,,PUCTEBW6,EN,SAGE Journals,,,,,,,,2332858419839707,,,,,SAGE Publications Inc,,,,,,,,,,Taking It to the Next Level,,,15674,5,,
journalArticle,Turning the hands of time again: a purely confirmatory replication study and a Bayesian analysis,"Wagenmakers, Eric-Jan; Beek, Titia F.; Rotteveel, Mark; Gierholz, Alex; Matzke, Dora; Steingroever, Helen; Ly, Alexander; Verhagen, Josine; Selker, Ravi; Sasiadek, Adam; Gronau, Quentin F.; Love, Jonathon; Pinto, Yair",2015-04-24,Frontiers in Psychology,10.3389/fpsyg.2015.00494,https://www.frontiersin.orghttps://www.frontiersin.org/journals/psychology/articles/10.3389/fpsyg.2015.00494/full,False,,,1664-1078,,,"In a series of four experiments, Topolinski and Sparenberg (2012) found support for the conjecture that clockwise movements induce psychological states of temporal progression and an orientation toward the future and novelty. Here we report the results of a preregistered replication attempt of Experiment 2 from Topolinski and Sparenberg (2012). Participants turned kitchen rolls either clockwise or counterclockwise while answering items from a questionnaire assessing openness to experience. Data from 102 participants showed that the effect went slightly in the direction opposite to that predicted by Topolinski and Sparenberg (2012), and a preregistered Bayes factor hypothesis test revealed that the data were 10.76 times more likely under the null hypothesis than under the alternative hypothesis. Our findings illustrate the theoretical importance and practical advantages of preregistered Bayes factor replication studies, both for psychological science and for empirical work in general.",2025-05-01T01:50:23Z,,,,,,Wagenmakers2015TurningHandsTime,,2025-05-01T01:50:23Z,2025-05-01T01:50:23Z,,,,,,,,Front. Psychol.,JGF6XPKC,English,Frontiers,,,,,,,,,,,,,Frontiers,,,,,,,,,,Turning the hands of time again,,,15677,6,,
journalArticle,The Role of Technology in Mortgage Lending,"Fuster, Andreas; Plosser, Matthew; Schnabl, Philipp; Vickery, James",2019-05-01,The Review of Financial Studies,10.1093/rfs/hhz018,https://doi.org/10.1093/rfs/hhz018,False,,,0893-9454,,,"Technology-based (“FinTech”) lenders increased their market share of U.S. mortgage lending from 2% to 8% from 2010 to 2016. Using loan-level data on mortgage applications and originations, we show that FinTech lenders process mortgage applications 20% faster than other lenders, controlling for observable characteristics. Faster processing does not come at the cost of higher defaults. FinTech lenders adjust supply more elastically than do other lenders in response to exogenous mortgage demand shocks. In areas with more FinTech lending, borrowers refinance more, especially when it is in their interest. We find no evidence that FinTech lenders target borrowers with low access to finance.Received June 1, 2017; editorial decision November 5, 2018 by Editor Wei Jiang. Authors have furnished an Internet Appendix, which is available on the Oxford University Press Web site next to the link to the final published paper online.",2025-05-01T01:49:49Z,,,,,,Fuster2019RoleTechnologyMortgage,,2025-05-01T01:49:49Z,2025-05-01T01:49:49Z,,,,,,,5,The Review of Financial Studies,W5NT5HH9,,Silverchair,,,,,,,,1854-1899,,,,,,,,,,,,,,,,,,15679,32,,
journalArticle,The Promises and Pitfalls of Robo-Advising,"D’Acunto, Francesco; Prabhala, Nagpurnanand; Rossi, Alberto G",2019-05-01,The Review of Financial Studies,10.1093/rfs/hhz014,https://doi.org/10.1093/rfs/hhz014,False,,,0893-9454,,,"We study the introduction of a wealth-management robo-adviser that constructs portfolios tailored to investors’ holdings and preferences. Adopters are similar to non-adopters in terms of demographics and prior interactions with human advisers but tend to be more active and have greater assets under management. Investors adopting robo-advising experience diversification benefits. Ex ante undiversified investors increase stock holdings and hold portfolios with less volatility and better returns. Already well-diversified investors hold fewer stocks, yet see some reduction in volatility, and trade more after adoption. All investors increase attention based on online account logins. We find that adopters exhibit declines in prominent behavioral biases, including the disposition, trend chasing, and rank effect. Our results emphasize the promises and pitfalls of robo-advising tools, which are becoming ubiquitous all over the world.Received May 31, 2017; editorial decision August 21, 2018 by Editor Wei Jiang.",2025-05-01T01:49:47Z,,,,,,DAcunto2019PromisesPitfallsRoboAdvising,,2025-05-01T01:49:47Z,2025-05-01T01:49:47Z,,,,,,,5,The Review of Financial Studies,MCF6KPU4,,Silverchair,,,,,,,,1983-2020,,,,,,,,,,,,,,,,,,15680,32,,
journalArticle,The personality of U.S. states: Stability from 1999 to 2015,"Elleman, Lorien G.; Condon, David M.; Russin, Sarah E.; Revelle, William",2018-02-01,Journal of Research in Personality,10.1016/j.jrp.2016.06.022,https://www.sciencedirect.com/science/article/pii/S009265661630071X,False,,,0092-6566,,,"Researchers have shown an interest in the aggregated Big Five personality of U.S. states, but typically they have relied on scores from a single sample (Rentfrow, Gosling, & Potter, 2008). We examine the replicability of U.S. state personality scores from two studies (Rentfrow et al., 2008; Rentfrow, Gosling, Jokela, & Stillwell, 2013) across a total of seven samples, two of them new. Same-trait correlations across samples are, on average, positive for all five traits, indicating score agreement. Additionally, three traits (Conscientiousness, Neuroticism, and Openness) show strongly consistent patterns of correlations with sociodemographic variables across samples. We find rank order stability in state personality scores for a 16-year period (1999–2015).",2025-05-01T01:49:44Z,,,,,,Elleman2018PersonalityUSStates,,2025-05-01T01:49:44Z,2025-05-01T01:49:44Z,,,,,,,,Journal of Research in Personality,PHC44224,,ScienceDirect,,,,,,,,64-72,,,,,,,,,,,Replication of Critical Findings in Personality Psychology,,,,The personality of U.S. states,,,15681,72,,
journalArticle,The Blockchain Folk Theorem,"Biais, Bruno; Bisière, Christophe; Bouvard, Matthieu; Casamatta, Catherine",2019-05-01,The Review of Financial Studies,10.1093/rfs/hhy095,https://doi.org/10.1093/rfs/hhy095,False,,,0893-9454,,,"Blockchains are distributed ledgers, operated within peer-to-peer networks. We model the proof-of-work blockchain protocol as a stochastic game and analyze the equilibrium strategies of rational, strategic miners. Mining the longest chain is a Markov perfect equilibrium, without forking, in line with Nakamoto (2008). The blockchain protocol, however, is a coordination game, with multiple equilibria. There exist equilibria with forks, leading to orphaned blocks and persistent divergence between chains. We also show how forks can be generated by information delays and software upgrades. Last we identify negative externalities implying that equilibrium investment in computing capacity is excessive.Received May 31, 2017; editorial decision July 6, 2018 by Editor Itay Goldstein.",2025-05-01T01:40:04Z,,,,,,Biais2019BlockchainFolkTheorem,,2025-05-01T01:40:04Z,2025-05-01T01:40:04Z,,,,,,,5,The Review of Financial Studies,8976NQRC,,Silverchair,,,,,,,,1662-1715,,,,,,,,,,,,,,,,,,15686,32,,
journalArticle,Testing the Attentional Dwelling Hypothesis of Attentional Capture,"Lamy, Dominique; Darnell, Maia; Levi, Adva; Bublil, Carmel",2018-10-03T14:02:57+00:00,Journal of Cognition,10.5334/joc.48,https://journalofcognition.org/articles/10.5334/joc.48,False,,,2514-4820,,,"Researchers are strongly divided as to whether abrupt onsets capture spatial attention in a purely stimulus-driven fashion or contingent on their search goals. Recently, Gaspelin, Ruthruff and Lien (2016) offered a resolution of this debate by showing that whether spatial capture by abrupt onsets is observed in a spatial cueing search task critically depends on search difficulty. To account for these findings, they proposed an “attentional dwelling” hypothesis, according to which, following capture by a cue, attention dwells at the cued location until the object subsequently appearing at that location is identified as the target or rejected as a distractor. A critical prediction of this account is that the more similar to the target the distractor at the cued location, the longer attention should dwell at its location. Yet, Gaspelin et al. (2016) did not test this prediction because they manipulated overall search difficulty rather than the difficulty of rejecting a specific distractor. The present study provides a critical test of the attentional dwelling hypothesis, by also varying target-distractor similarity within a trial rather than only between trials. Although we closely replicated these authors’ findings, the dwelling hypothesis passed the critical test in one of our two experiments. To accommodate the entire pattern of results observed here, we tentatively suggest a priority-accumulation framework, according to which cue validity effects do not necessarily index spatial shifts of attention, but instead, how much the cue speeds the resolution of the competition between the target and distractors in the search display. A correction article related to this work can be found here: 10.5334/joc.60",2025-05-01T01:40:01Z,,,,,,Lamy2018TestingAttentionalDwelling,,2025-05-01T01:40:01Z,2025-05-01T01:40:01Z,,,,,,,1,,JWWAMCVS,en-US,journalofcognition.org,,,,,,,,,,,,,,,,,,,,,,,,,,15687,1,,
journalArticle,Sense and sensibility: The role of cognitive and emotional intelligence in negotiation,"Schlegel, Katja; Mehu, Marc; van Peer, Jacobien M.; Scherer, Klaus R.",2018-06-01,Journal of Research in Personality,10.1016/j.jrp.2017.12.003,https://www.sciencedirect.com/science/article/pii/S0092656617301186,False,,,0092-6566,,,"This study tested whether EI (conceptualized as a performance-based ability) predicted economic and relational outcomes in an employee-recruiter negotiation above general mental ability (GMA) and whether a novel measure of emotion recognition ability (ERA; a central component of EI) predicted these outcomes better than an established broad ability EI test. Results showed that GMA was unrelated to negotiation outcomes. Higher scores on the ERA test and the emotional understanding subtest of the broad EI measure were associated with higher dyadic gains and higher individual gains for participants’ counterparts. Negotiators with high ERA were also perceived as more cooperative and likable and showed higher self-ratings of cooperativeness. Overall, the ERA test predicted outcomes more consistently than the broad ability EI test.",2025-05-01T01:37:53Z,,,,,,Schlegel2018SenseSensibilityRole,,2025-05-01T01:37:53Z,2025-05-01T01:37:53Z,,,,,,,,Journal of Research in Personality,2XFHS5US,,ScienceDirect,,,,,,,,6-15,,,,,,,,,,,,,,,Sense and sensibility,,,15688,74,,
journalArticle,"Revisiting the Romeo and Juliet Effect (Driscoll, Davis, & Lipetz, 1972)","Sinclair, H. Colleen; Hood, Kristina B.; Wright, Brittany L.",2014-01-01,Social Psychology,,https://econtent.hogrefe.com/doi/10.1027/1864-9335/a000181,False,,,1864-9335,,,"We conducted a replication and extension of Driscoll, Davis, and Lipetz’s (1972) classic longitudinal survey of the Romeo and Juliet effect, wherein they found that increases in parental interferen...",2025-05-01T01:37:46Z,,,world,,,Sinclair2014RevisitingRomeoJuliet,,2025-05-01T01:37:46Z,2025-05-01T01:37:46Z,,,,,,,,,PKT48RDV,en,econtent.hogrefe.com,,,,,,,,,,,,,Hogrefe Publishing,,,,,,,,,,,,,15690,,,
journalArticle,Replication Study: Wnt activity defines colon cancer stem cells and is regulated by the microenvironment,"Essex, Anthony; Pineda, Javier; Acharya, Grishma; Xin, Hong; Evans, James; Reproducibility Project: Cancer Biology; Yilmaz, Omer",2019-06-19,eLife,10.7554/eLife.45426,https://doi.org/10.7554/eLife.45426,False,,,2050-084X,,,"As part of the Reproducibility Project: Cancer Biology we published a Registered Report (Evans et al., 2015), that described how we intended to replicate selected experiments from the paper ‘Wnt activity defines colon cancer stem cells and is regulated by the microenvironment’ (Vermeulen et al., 2010). Here, we report the results. Using three independent primary spheroidal colon cancer cultures that expressed a Wnt reporter construct we observed high Wnt activity was associated with the cell surface markers CD133, CD166, and CD29, but not CD24 and CD44, while the original study found all five markers were correlated with high Wnt activity (Figure 2F; Vermeulen et al., 2010). Clonogenicity was highest in cells with high Wnt activity and clonogenic potential of cells with low Wnt activity were increased by myofibroblast-secreted factors, including HGF. While the effects were in the same direction as the original study (Figure 6D; Vermeulen et al., 2010) whether statistical significance was reached among the different conditions varied. When tested in vivo, we did not find a difference in tumorigenicity between high and low Wnt activity, while the original study found cells with high Wnt activity were more effective in inducing tumors (Figure 7E; Vermeulen et al., 2010). Tumorigenicity, however, was increased with myofibroblast-secreted factors, which was in the same direction as the original study (Figure 7E; Vermeulen et al., 2010), but not statistically significant. Finally, we report meta-analyses for each results where possible.",2025-05-01T01:35:55Z,,,,,,Essex2019ReplicationStudyWnt,,2025-05-01T01:35:55Z,2025-05-01T01:35:55Z,,,,,,,,,XC2PN856,,eLife,,,,,,,,e45426,,,,,"eLife Sciences Publications, Ltd",,,,,,,,,,Replication Study,,,15691,8,,
journalArticle,Replication Study: The microRNA miR-34a inhibits prostate cancer stem cells and metastasis by directly repressing CD44,"Yan, Xuefei; Tang, Beibei; Chen, Biao; Shan, Yongli; Yang, Huajun; Reproducibility Project: Cancer Biology; Massagué, Joan; Morrison, Sean J; Ventura, Andrea; Liu, Julie",2019-03-12,eLife,10.7554/eLife.43511,https://doi.org/10.7554/eLife.43511,False,,,2050-084X,,,"As part of the Reproducibility Project: Cancer Biology, we published a Registered Report (Li et al., 2015), that described how we intended to replicate selected experiments from the paper ‘The microRNA miR-34a inhibits prostate cancer stem cells and metastasis by directly repressing CD44’ (Liu et al., 2011). Here we report the results. We found the microRNA, miR-34a, was expressed at twice the level in CD44+ prostate cancer cells purified from xenograft tumors (LAPC4 cells) compared to CD44- LAPC4 cells, whereas the original study reported miR-34a was underexpressed in CD44+ LAPC4 cells (Figure 1B; Liu et al., 2011). When LAPC4 cells engineered to express miR-34a were injected into mice, we did not observe changes in tumor growth or CD44 expression; however, unexpectedly miR-34a expression was lost in vivo. In the original study, LAPC4 cells expressing miR-34a had a statistically significant reduction in tumor regeneration and reduced CD44 expression compared to control (Figure 4A and Supplemental Figures 4A,B and 5C; Liu et al., 2011). Furthermore, when we tested if miR-34a regulated CD44 through binding sites in the 3’UTR we did not find a statistically significant difference, whereas the original study reported miR-34a decreased CD44 expression that was partially abrogated by mutation of the binding sites in the CD44 3’UTR (Figure 4D; Liu et al., 2011). Finally, where possible, we report meta-analyses for each result.",2025-05-01T01:35:52Z,,,,,,Yan2019ReplicationStudyMicroRNA,,2025-05-01T01:35:52Z,2025-05-01T01:35:52Z,,,,,,,,,Z5AKR6P8,,eLife,,,,,,,,e43511,,,,,"eLife Sciences Publications, Ltd",,,,,,,,,,Replication Study,,,15692,8,,
journalArticle,Replication Study: The CD47-signal regulatory protein alpha (SIRPa) interaction is a therapeutic target for human solid tumors,"Horrigan, Stephen K; Reproducibility Project: Cancer Biology; Massagué, Joan",2017-01-19,eLife,10.7554/eLife.18173,https://doi.org/10.7554/eLife.18173,False,,,2050-084X,,,"In 2015, as part of the Reproducibility Project: Cancer Biology, we published a Registered Report (Chroscinski et al., 2015) that described how we intended to replicate selected experiments from the paper “The CD47-signal regulatory protein alpha (SIRPa) interaction is a therapeutic target for human solid tumors “(Willingham et al., 2012). Here we report the results of those experiments. We found that treatment of immune competent mice bearing orthotopic breast tumors with anti-mouse CD47 antibodies resulted in short-term anemia compared to controls, consistent with the previously described function of CD47 in normal phagocytosis of aging red blood cells and results reported in the original study (Table S4; Willingham et al., 2012). The weight of tumors after 30 days administration of anti-CD47 antibodies or IgG isotype control were not found to be statistically different, whereas the original study reported inhibition of tumor growth with anti-CD47 treatment (Figure 6A,B; Willingham et al., 2012). However, our efforts to replicate this experiment were confounded because spontaneous regression of tumors occurred in several of the mice. Additionally, the excised tumors were scored for inflammatory cell infiltrates. We found IgG and anti-CD47 treated tumors resulted in minimal to moderate lymphocytic infiltrate, while the original study observed sparse lymphocytic infiltrate in IgG-treated tumors and increased inflammatory cell infiltrates in anti-CD47 treated tumors (Figure 6C; Willingham et al., 2012). Furthermore, we observed neutrophilic infiltration was slightly increased in anti-CD47 treated tumors compared to IgG control. Finally, we report a meta-analysis of the result.",2025-05-01T01:35:48Z,,,,,,Horrigan2017ReplicationStudyCD47signal,,2025-05-01T01:35:48Z,2025-05-01T01:35:48Z,,,,,,,,,5TKFTSYJ,,eLife,,,,,,,,e18173,,,,,"eLife Sciences Publications, Ltd",,,,,,,,,,Replication Study,,,15693,6,,
journalArticle,Replication Study: Melanoma genome sequencing reveals frequent PREX2 mutations,"Horrigan, Stephen K; Courville, Pascal; Sampey, Darryl; Zhou, Faren; Cai, Steve; Reproducibility Project: Cancer Biology; Davis, Roger J",2017-01-19,eLife,10.7554/eLife.21634,https://doi.org/10.7554/eLife.21634,False,,,2050-084X,,,"In 2015, as part of the Reproducibility Project: Cancer Biology, we published a Registered Report (Chroscinski et al., 2014) that described how we intended to replicate selected experiments from the paper ""Melanoma genome sequencing reveals frequent PREX2 mutations"" (Berger et al., 2012). Here we report the results of those experiments. We regenerated cells stably expressing ectopic wild-type and mutant phosphatidylinositol-3,4,5-trisphosphate-dependent Rac exchange factor 2 (PREX2) using the same immortalized human NRASG12D melanocytes as the original study. Evaluation of PREX2 expression in these newly generated stable cells revealed varying levels of expression among the PREX2 isoforms, which was also observed in the stable cells made in the original study (Figure S6A; Berger et al., 2012). Additionally, ectopically expressed PREX2 was found to be at least 5 times above endogenous PREX2 expression. The monitoring of tumor formation of these stable cells in vivo resulted in no statistically significant difference in tumor-free survival driven by PREX2 variants, whereas the original study reported that these PREX2 mutations increased the rate of tumor incidence compared to controls (Figure 3B and S6B; Berger et al., 2012). Surprisingly, the median tumor-free survival was 1 week in this replication attempt, while 70% of the control mice were reported to be tumor-free after 9 weeks in the original study. The rapid tumor onset observed in this replication attempt, compared to the original study, makes the detection of accelerated tumor growth in PREX2 expressing NRASG12D melanocytes extremely difficult. Finally, we report meta-analyses for each result.",2025-05-01T01:35:46Z,,,,,,Horrigan2017ReplicationStudyMelanoma,,2025-05-01T01:35:46Z,2025-05-01T01:35:46Z,,,,,,,,,6SV69X5J,,eLife,,,,,,,,e21634,,,,,"eLife Sciences Publications, Ltd",,,,,,,,,,Replication Study,,,15694,6,,
journalArticle,Replication Study: Intestinal inflammation targets cancer-inducing activity of the microbiota,"Eaton, Kathryn; Pirani, Ali; Snitkin, Evan S; Reproducibility Project: Cancer Biology",2018-10-08,eLife,10.7554/eLife.34364,https://doi.org/10.7554/eLife.34364,False,,,2050-084X,,,"As part of the Reproducibility Project: Cancer Biology we published a Registered Report (Eaton et al., 2015) that described how we intended to replicate selected experiments from the paper “Intestinal Inflammation Targets Cancer-Inducing Activity of the Microbiota” (Arthur et al., 2012). Here we report the results. We observed no impact on bacterial growth or colonization capacity when the polyketide synthase (pks) genotoxic island was deleted from E. coli NC101, similar to the original study (Supplementary Figure 7; Arthur et al., 2012). However, for the experiment that compared inflammation, invasion, and neoplasia in azoxymethane (AOM)-treated interleukin-10-deficient mice mono-associated with NC101 or NC101Δ pks the experimental timing of the replication attempt was longer than that of the original study. This difference was because in the original study the methodology was not clearly stated and likely led to the increased mortality and severity of inflammation observed in this replication attempt. Additionally, early death occurred during AOM treatment with higher mortality observed in NC101Δ pks mono-associated mice compared to NC101, which was in the same direction, but more severe than the original study (Suppleme1ntal Figure 10; Arthur et al., 2012). A meta-analysis suggests that mice mono-associated with NC101Δ pks have higher mortality compared to NC101. While these data were unable to address whether, under the conditions of the original study, NC101 and NC101Δ pks differ in inflammation, invasion, and neoplasia this replication attempt demonstrates that clear description of experimental methods is essential to ensure accurate reproduction of experimental studies.",2025-05-01T01:35:03Z,,,,,,Eaton2018ReplicationStudyIntestinal,,2025-05-01T01:35:03Z,2025-05-01T01:35:03Z,,,,,,,,,V8UERRQ9,,eLife,,,,,,,,e34364,,,,,"eLife Sciences Publications, Ltd",,,,,,,,,,Replication Study,,,15695,7,,
journalArticle,Replication Study: Fusobacterium nucleatum infection is prevalent in human colorectal carcinoma,"Repass, John; Reproducibility Project: Cancer Biology; Sears, Cynthia L",2018-03-13,eLife,10.7554/eLife.25801,https://doi.org/10.7554/eLife.25801,False,,,2050-084X,,,"As part of the Reproducibility Project: Cancer Biology, we published a Registered Report (Repass et al., 2016), that described how we intended to replicate an experiment from the paper ‘Fusobacterium nucleatum infection is prevalent in human colorectal carcinoma’ (Castellarin et al., 2012). Here we report the results. When measuring Fusobacterium nucleatum DNA by qPCR in colorectal carcinoma (CRC), adjacent normal tissue, and separate matched control tissue, we did not detect a signal for F. nucleatum in most samples: 25% of CRCs, 15% of adjacent normal, and 0% of matched control tissue were positive based on quantitative PCR (qPCR) and confirmed by sequencing of the qPCR products. When only samples with detectable F. nucleatum in CRC and adjacent normal tissue were compared, the difference was not statistically significant, while the original study reported a statistically significant increase in F. nucleatum expression in CRC compared to adjacent normal tissue (Figure 2; Castellarin et al., 2012). Finally, we report a meta-analysis of the result, which suggests F. nucleatum expression is increased in CRC, but is confounded by the inability to detect F. nucleatum in most samples. The difference in F. nucleatum expression between CRC and adjacent normal tissues was thus smaller than the original study, and not detected in most samples.",2025-05-01T01:34:54Z,,,,,,Repass2018ReplicationStudyFusobacterium,,2025-05-01T01:34:54Z,2025-05-01T01:34:54Z,,,,,,,,,6MLA4WEL,,eLife,,,,,,,,e25801,,,,,"eLife Sciences Publications, Ltd",,,,,,,,,,Replication Study,,,15696,7,,
journalArticle,Replication Study: Coadministration of a tumor-penetrating peptide enhances the efficacy of cancer drugs,"Mantis, Christine; Kandela, Irawati; Aird, Fraser; Reproducibility Project: Cancer Biology; Pan, Duojia",2017-01-19,eLife,10.7554/eLife.17584,https://doi.org/10.7554/eLife.17584,False,,,2050-084X,,,"In 2015, as part of the Reproducibility Project: Cancer Biology, we published a Registered Report (Kandela et al., 2015) that described how we intended to replicate selected experiments from the paper “Coadministration of a tumor-penetrating peptide enhances the efficacy of cancer drugs“ (Sugahara et al., 2010). Here we report the results of those experiments. We found that coadministration with iRGD peptide did not have an impact on permeability of the chemotherapeutic agent doxorubicin (DOX) in a xenograft model of prostate cancer, whereas the original study reported that it increased the penetrance of this cancer drug (Figure 2B; Sugahara et al., 2010). Further, in mice bearing orthotopic 22Rv1 human prostate tumors, we did not find a statistically significant difference in tumor weight for mice treated with DOX and iRGD compared to DOX alone, whereas the original study reported a decrease in tumor weight when DOX was coadministered with iRGD (Figure 2C; Sugahara et al., 2010). In addition, we did not find a statistically significant difference in TUNEL staining in tumor tissue between mice treated with DOX and iRGD compared to DOX alone, while the original study reported an increase in TUNEL positive staining with iRGD coadministration (Figure 2D; Sugahara et al., 2010). Similar to the original study (Supplemental Figure 9A; Sugahara et al., 2010), we did not observe an impact on mouse body weight with DOX and iRGD treatment. Finally, we report meta-analyses for each result.",2025-05-01T01:34:38Z,,,,,,Mantis2017ReplicationStudyCoadministration,,2025-05-01T01:34:38Z,2025-05-01T01:34:38Z,,,,,,,,,4WI9ASTC,,eLife,,,,,,,,e17584,,,,,"eLife Sciences Publications, Ltd",,,,,,,,,,Replication Study,,,15697,6,,
journalArticle,Replication study: androgen receptor splice variants determine taxane sensitivity in prostate cancer,"Shan, Xiaochuan; Danet-Desnoyers, Gwenn; Aird, Fraser; Kandela, Irawati; Tsui, Rachel; Perfito, Nicole; Iorns, Elizabeth",2018-04-16,PeerJ,10.7717/peerj.4661,https://peerj.com/articles/4661,False,,,2167-8359,,,"In 2015, as part of the Prostate Cancer Foundation–Movember Foundation Reproducibility Initiative, we published a Registered Report (Shan et al., 2015) that described how we intended to replicate selected experiments from the paper “Androgen Receptor Splice Variants Determine Taxane Sensitivity in Prostate Cancer” (Thadani-Mulero et al., 2014). Here we report the results of those experiments. Growth of tumor xenografts from two prostate cancer xenograft lines, LuCaP 86.2, which expresses wild-type androgen receptor (AR) and AR variant 567, and LuCaP 23.1, which expresses wild-type AR and AR variant 7, were not affected by docetaxel treatment. The LuCaP 23.1 tumor xenografts grew slower than in the original study. This result is different from the original study, which reported significant reduction of tumor growth in the LuCaP 86.2. Furthermore, we were unable to detect ARv7 in the LuCaP 23.1, although we used the antibody as stated in the original study and ensured that it was detecting ARv7 via a known positive control (22rv1, Hörnberg et al., 2011). Finally, we report a meta-analysis of the result.",2025-05-01T01:33:03Z,,,,,,Shan2018ReplicationStudyAndrogen,,2025-05-01T01:33:03Z,2025-05-01T01:33:03Z,,,,,,,,PeerJ,UHCUKBCD,en,peerj.com,,,,,,,,e4661,,,,,PeerJ Inc.,,,,,,,,,,Replication study,,,15698,6,,
journalArticle,Replication of Experiments Evaluating Impact of Psychological Distance on Moral Judgment,"Žeželj, Iris L.; Jokić, Biljana R.",2014-01-01,Social Psychology,,https://econtent.hogrefe.com/doi/10.1027/1864-9335/a000188,False,,,1864-9335,,,"Eyal, Liberman, and Trope (2008) established that people judged moral transgressions more harshly and virtuous acts more positively when the acts were psychologically distant than close. In a serie...",2025-05-01T01:32:57Z,,,world,,,Zezelj2014ReplicationExperimentsEvaluating,,2025-05-01T01:32:57Z,2025-05-01T01:32:57Z,,,,,,,,,SU8B8SEE,en,econtent.hogrefe.com,,,,,,,,,,,,,Hogrefe Publishing,,,,,,,,,,,,,15699,,,
journalArticle,Registered Replication Report: Testing Disruptive Effects of Irrelevant Speech on Visual-Spatial Working Memory,"Kvetnaya, Tatiana",2018-04-06T14:40:24+00:00,Journal of European Psychology Students,10.5334/jeps.450,https://jeps.efpsa.org/articles/10.5334/jeps.450,False,,,2222-6931,,,"A Partial Replication of “Functional Equivalence of Verbal and Spatial Information in Serial Short-Term Memory (Jones, Farrand, Stuart, &amp; Morris, 1995; Experiment 4)” The irrelevant speech effect (ISE)—the phenomenon that background speech impairs serial recall of visually presented material—has been widely used for examining the structure of short-term memory. In Experiment 4, Jones, Farrand, Stuart, and Morris (1995) employed the ISE to demonstrate that impairment of performance is determined by the changing-state characteristics of the material, rather than its modality of origin. The present study directly replicated the spatial condition of Experiment 4 with N = 40 German participants. In contrast to the original findings, no main effect of sound type was observed, F(2, 78) = 0.81, p = .450, η2p = .02. The absence of an ISE in the spatial domain does not support the changing state hypothesis.",2025-05-01T01:32:54Z,,,,,,Kvetnaya2018RegisteredReplicationReport,,2025-05-01T01:32:54Z,2025-05-01T01:32:54Z,,,,,,,1,,SE52FPSR,en-US,jeps.efpsa.org,,,,,,,,,,,,,,,,,,,,,,,Registered Replication Report,,,15700,9,,
journalArticle,"Registered Replication Report: Strack, Martin, & Stepper (1988)","Wagenmakers, E.-J.; Beek, T.; Dijkhoff, L.; Gronau, Q. F.; Acosta, A.; AdamsJr., R. B.; Albohn, D. N.; Allard, E. S.; Benning, S. D.; Blouin-Hudon, E.-M.; Bulnes, L. C.; Caldwell, T. L.; Calin-Jageman, R. J.; Capaldi, C. A.; Carfagno, N. S.; Chasten, K. T.; Cleeremans, A.; Connell, L.; DeCicco, J. M.; Dijkstra, K.; Fischer, A. H.; Foroni, F.; Hess, U.; Holmes, K. J.; Jones, J. L. H.; Klein, O.; Koch, C.; Korb, S.; Lewinski, P.; Liao, J. D.; Lund, S.; Lupianez, J.; Lynott, D.; Nance, C. N.; Oosterwijk, S.; Ozdoğru, A. A.; Pacheco-Unguetti, A. P.; Pearson, B.; Powis, C.; Riding, S.; Roberts, T.-A.; Rumiati, R. I.; Senden, M.; Shea-Shumsky, N. B.; Sobocko, K.; Soto, J. A.; Steiner, T. G.; Talarico, J. M.; van Allen, Z. M.; Vandekerckhove, M.; Wainwright, B.; Wayand, J. F.; Zeelenberg, R.; Zetzer, E. E.; Zwaan, R. A.",2016-11-01,Perspectives on Psychological Science,10.1177/1745691616674458,https://doi.org/10.1177/1745691616674458,False,,,1745-6916,,,"According to the facial feedback hypothesis, people’s affective responses can be influenced by their own facial expression (e.g., smiling, pouting), even when their expression did not result from their emotional experiences. For example, Strack, Martin, and Stepper (1988) instructed participants to rate the funniness of cartoons using a pen that they held in their mouth. In line with the facial feedback hypothesis, when participants held the pen with their teeth (inducing a “smile”), they rated the cartoons as funnier than when they held the pen with their lips (inducing a “pout”). This seminal study of the facial feedback hypothesis has not been replicated directly. This Registered Replication Report describes the results of 17 independent direct replications of Study 1 from Strack et al. (1988), all of which followed the same vetted protocol. A meta-analysis of these studies examined the difference in funniness ratings between the “smile” and “pout” conditions. The original Strack et al. (1988) study reported a rating difference of 0.82 units on a 10-point Likert scale. Our meta-analysis revealed a rating difference of 0.03 units with a 95% confidence interval ranging from −0.11 to 0.16.",2025-05-01T01:32:42Z,,,,,,Wagenmakers2016RegisteredReplicationReport,,2025-05-01T01:32:42Z,2025-05-01T01:32:42Z,,,,,,,6,Perspect Psychol Sci,KNKXXA43,EN,SAGE Journals,,,,,,,,917-928,,,,,SAGE Publications Inc,,,,,,,,,,Registered Replication Report,,,15701,11,,
journalArticle,"Registered Replication Report: Rand, Greene, and Nowak (2012)","Bouwmeester, S.; Verkoeijen, P. P. J. L.; Aczel, B.; Barbosa, F.; Bègue, L.; Brañas-Garza, P.; Chmura, T. G. H.; Cornelissen, G.; Døssing, F. S.; Espín, A. M.; Evans, A. M.; Ferreira-Santos, F.; Fiedler, S.; Flegr, J.; Ghaffari, M.; Glöckner, A.; Goeschl, T.; Guo, L.; Hauser, O. P.; Hernan-Gonzalez, R.; Herrero, A.; Horne, Z.; Houdek, P.; Johannesson, M.; Koppel, L.; Kujal, P.; Laine, T.; Lohse, J.; Martins, E. C.; Mauro, C.; Mischkowski, D.; Mukherjee, S.; Myrseth, K. O. R.; Navarro-Martínez, D.; Neal, T. M. S.; Novakova, J.; Pagà, R.; Paiva, T. O.; Palfi, B.; Piovesan, M.; Rahal, R.-M.; Salomon, E.; Srinivasan, N.; Srivastava, A.; Szaszi, B.; Szollosi, A.; Thor, K. Ø.; Tinghög, G.; Trueblood, J. S.; Van Bavel, J. J.; van ‘t Veer, A. E.; Västfjäll, D.; Warner, M.; Wengström, E.; Wills, J.; Wollbrant, C. E.",2017-05-01,Perspectives on Psychological Science,10.1177/1745691617693624,https://doi.org/10.1177/1745691617693624,False,,,1745-6916,,,"In an anonymous 4-person economic game, participants contributed more money to a common project (i.e., cooperated) when required to decide quickly than when forced to delay their decision (Rand, Greene & Nowak, 2012), a pattern consistent with the social heuristics hypothesis proposed by Rand and colleagues. The results of studies using time pressure have been mixed, with some replication attempts observing similar patterns (e.g., Rand et al., 2014) and others observing null effects (e.g., Tinghög et al., 2013; Verkoeijen & Bouwmeester, 2014). This Registered Replication Report (RRR) assessed the size and variability of the effect of time pressure on cooperative decisions by combining 21 separate, preregistered replications of the critical conditions from Study 7 of the original article (Rand et al., 2012). The primary planned analysis used data from all participants who were randomly assigned to conditions and who met the protocol inclusion criteria (an intent-to-treat approach that included the 65.9% of participants in the time-pressure condition and 7.5% in the forced-delay condition who did not adhere to the time constraints), and we observed a difference in contributions of −0.37 percentage points compared with an 8.6 percentage point difference calculated from the original data. Analyzing the data as the original article did, including data only for participants who complied with the time constraints, the RRR observed a 10.37 percentage point difference in contributions compared with a 15.31 percentage point difference in the original study. In combination, the results of the intent-to-treat analysis and the compliant-only analysis are consistent with the presence of selection biases and the absence of a causal effect of time pressure on cooperation.",2025-05-01T01:32:38Z,,,,,,Bouwmeester2017RegisteredReplicationReport,,2025-05-01T01:32:38Z,2025-05-01T01:32:38Z,,,,,,,3,Perspect Psychol Sci,WQRYQ2HP,EN,SAGE Journals,,,,,,,,527-542,,,,,SAGE Publications Inc,,,,,,,,,,Registered Replication Report,,,15702,12,,
journalArticle,Political uncertainty and Stock returns: Evidence from the Brazilian Political Crisis,"Hillier, David; Loncan, Tiago",2019-04-01,Pacific-Basin Finance Journal,10.1016/j.pacfin.2019.01.004,https://www.sciencedirect.com/science/article/pii/S0927538X18303822,False,,,0927-538X,,,"This paper examines the effect of political uncertainty on stock returns, exploiting an exogenous shock to political stability in Brazil. In May 2017, a conversation between Brazil's President and a businessman was bugged by Brazilian Police and leaked to the media. This led to sudden political instability and a collapse in the equity market. We decompose the cross-sectional variation of abnormal returns around this event and investigate whether corporate political connections and exposure to foreign capital were factors in the price falls. Our results show that firms connected with the Brazilian state-owned development bank, BNDES, and firms cross-listed via ADRs (American Depositary Receipts) were most affected by this shock. The evidence suggests that political connections and foreign capital exposure are factors in channeling political risk to asset prices, increasing the cost of equity capital during periods of political instability.",2025-04-30T08:01:34Z,,,,,,Hillier2019PoliticalUncertaintyStock,,2025-04-30T08:01:34Z,2025-04-30T08:01:34Z,,,,,,,,Pacific-Basin Finance Journal,D2VZ3VGE,,ScienceDirect,,,,,,,,1-12,,,,,,,,,,,,,,,Political uncertainty and Stock returns,,,15704,54,,
journalArticle,On the automatic link between affect and tendencies to approach and avoid: Chen and Bargh (1999) revisited,"Rotteveel, Mark; Gierholz, Alexander; Koch, Gijs; van Aalst, Cherelle; Pinto, Yair; Matzke, Dora; Steingroever, Helen; Verhagen, Josine; Beek, Titia F.; Selker, Ravi; Sasiadek, Adam; Wagenmakers, Eric-Jan",2015-04-02,Frontiers in Psychology,10.3389/fpsyg.2015.00335,https://www.frontiersin.orghttps://www.frontiersin.org/journals/psychology/articles/10.3389/fpsyg.2015.00335/full,False,,,1664-1078,,,"Within the literature on emotion and behavioral action, studies on approach-avoidance take up a prominent place. Several experimental paradigms feature successful conceptual replications but many original studies have not yet been replicated directly. We present such a direct replication attempt of two seminal experiments originally conducted by Chen and Bargh (1999). In their first experiment, participants affectively evaluated attitude objects by pulling or pushing a lever. Participants who had to pull the lever with positively valenced attitude objects and push the lever with negatively valenced attitude objects (i.e., congruent instruction) did so faster than participants who had to follow the reverse (i.e., incongruent) instruction. In Chen and Bargh's second experiment, the explicit evaluative instructions were absent and participants merely responded to the attitude objects by either always pushing or always pulling the lever. Similar results were obtained as in Experiment 1. Based on these findings, Chen and Bargh concluded that (1) attitude objects are evaluated automatically; and (2) attitude objects automatically trigger a behavioral tendency to approach or avoid. We attempted to replicate both experiments and failed to find the effects reported by Chen and Bargh as indicated by our pre-registered Bayesian data analyses; nevertheless, the evidence in favor of the null hypotheses was only anecdotal, and definitive conclusions await further study.",2025-04-30T08:00:45Z,,,,,,Rotteveel2015AutomaticLinkAffect,,2025-04-30T08:00:45Z,2025-04-30T08:00:45Z,,,,,,,,Front. Psychol.,RB8S3RGP,English,Frontiers,,,,,,,,,,,,,Frontiers,,,,,,,,,,On the automatic link between affect and tendencies to approach and avoid,,,15705,6,,
journalArticle,Measuring the crowd within again: a pre-registered replication study,"Steegen, Sara; Dewitte, Laura; Tuerlinckx, Francis; Vanpaemel, Wolf",2014-07-28,Frontiers in Psychology,10.3389/fpsyg.2014.00786,https://www.frontiersin.orghttps://www.frontiersin.org/journals/psychology/articles/10.3389/fpsyg.2014.00786/full,False,,,1664-1078,,,"According to the crowd within effect, the average of two estimates from one person tends to be more accurate than a single estimate of that person. The effect implies that the well documented wisdom of the crowd effect—the crowd's average estimate tends to be more accurate than the individual estimates—can be obtained within a single individual. In this paper, we performed a high-powered, pre-registered replication study of the original experiment. Our replication results are evaluated with the traditional null hypothesis significance testing approach, as well as with effect sizes and their confidence intervals. We adopted a co-pilot approach, in the sense that all analyses were performed independently by two researchers using different analysis software. Moreover, we report Bayes factors for all tests. We successfully replicated the crowd within effect, both when the second guess was made immediately after the first guess, as well as when it was made 3 weeks later. The experimental protocol, the raw data, the post-processed data and the analysis code are available online.",2025-04-30T07:57:58Z,,,,,,Steegen2014MeasuringCrowdAgain,,2025-04-30T07:57:58Z,2025-04-30T07:57:58Z,,,,,,,,Front. Psychol.,5JC9W7LV,English,Frontiers,,,,,,,,,,,,,Frontiers,,,,,,,,,,Measuring the crowd within again,,,15708,5,,
journalArticle,Liquidity and earnings in event studies: Does data granularity matter?,"Bohmann, Marc; Michayluk, David; Patel, Vinay; Walsh, Kathleen",2019-04-01,Pacific-Basin Finance Journal,10.1016/j.pacfin.2018.12.007,https://www.sciencedirect.com/science/article/pii/S0927538X18304633,False,,,0927-538X,,,"Market microstructure data availability has significantly improved over time and it is now possible to estimate liquidity measures at the nanosecond level. However, this level of data is unavailable in all markets and time periods and there is a significant cost and computational burden of high-frequency data. Goyenko et al. (2009) and Fong et al. (2017) show that various low-frequency liquidity measures can proxy for high-frequency benchmarks and show that the results are robust across countries and time. However, liquidity measures do not always behave in the expected fashion during periods of information asymmetry (Collin-Dufresne and Fos, 2015). Drawing from Ball and Brown (1968), we use an event study methodology to investigate whether the low-frequency measures of liquidity can proxy for high-frequency measures around earnings announcements (i.e., periods of information asymmetry). We find that the Closing-Price-Quoted-Spread is the best proxy for the percent-cost high-frequency benchmarks. In contrast, using cross-sectional, portfolio and individual time-series correlations the most consistent low-frequency cost-per-dollar proxies are the High-Low-Impact and Closing-Price-Quoted-Spread-Impact, however, the performance of these proxies weakens in the pre- and post-announcement periods around the earnings announcement.",2025-04-30T07:57:36Z,,,,,,Bohmann2019LiquidityEarningsEvent,,2025-04-30T07:57:36Z,2025-04-30T07:57:36Z,,,,,,,,Pacific-Basin Finance Journal,BB55ECU2,,ScienceDirect,,,,,,,,118-131,,,,,,,,,,,,,,,Liquidity and earnings in event studies,,,15709,54,,
journalArticle,It takes two: A replication,"Grant, Brett J.; Fetterman, Zachary; Weyhaupt, Michelle B.; Kim, Minjung; Tullett, Alexa M.",2018-02-01,Journal of Research in Personality,10.1016/j.jrp.2016.06.023,https://www.sciencedirect.com/science/article/pii/S0092656616300708,False,,,0092-6566,,,"In their original study, Zaki, Bolger, and Ochsner (2008) suggest that interpersonal factors may explain the lack of correspondence between affective empathy and empathic accuracy in previous work. Specifically, Zaki et al. found evidence that perceivers’ affective empathy may only be related to empathic accuracy when the expressivity of the target is high. We attempted a high powered replication of this original study, but did not replicate the original result. In our study, empathic accuracy was not significantly predicted by either perceiver affective empathy or target expressivity, nor was it predicted by their interaction. We discuss differences in measures, sample, and stimuli that may have contributed to discrepancies between our results and those of the original study and theoretical implications.",2025-04-30T07:56:49Z,,,,,,Grant2018ItTakesTwo,,2025-04-30T07:56:49Z,2025-04-30T07:56:49Z,,,,,,,,Journal of Research in Personality,7BIKLSHC,,ScienceDirect,,,,,,,,58-63,,,,,,,,,,,Replication of Critical Findings in Personality Psychology,,,,It takes two,,,15710,72,,
journalArticle,Is personality variability associated with adjustment?,"Magee, Carly; Buchtel, Emma E.; Human, Lauren J.; Murray, Damian R.; Biesanz, Jeremy C.",2018-02-01,Journal of Research in Personality,10.1016/j.jrp.2016.08.005,https://www.sciencedirect.com/science/article/pii/S0092656616301015,False,,,0092-6566,,,"Two experience sampling studies were examined in order to replicate the key findings from Baird, Le, and Lucas (2006) which demonstrated that intra-individual variability in personality traits was not correlated with adjustment when measured with experience sampling methods after correcting for dependencies between means and standard deviations on traits. The present studies are consistent with the major findings of Baird et al.: personality variability was not consistently associated with adjustment. In addition, we found evidence of a small positive correlation between personality variability and adjustment in some cases. Lastly, we found mixed evidence for a quadratic effect of adjustment on personality variability, such that individuals reporting above average and below average levels of adjustment exhibit the greatest level of variability.",2025-04-30T07:56:33Z,,,,,,Magee2018PersonalityVariabilityAssociated,,2025-04-30T07:56:33Z,2025-04-30T07:56:33Z,,,,,,,,Journal of Research in Personality,GSI5VWHH,,ScienceDirect,,,,,,,,22-43,,,,,,,,,,,Replication of Critical Findings in Personality Psychology,,,,,,,15711,72,,
journalArticle,Impairment of manual but not saccadic response inhibition following acute alcohol intoxication,"Campbell, Anne Eileen; Chambers, Christopher D.; Allen, Christopher P. G.; Hedge, Craig; Sumner, Petroc",2017-12-01,Drug and Alcohol Dependence,10.1016/j.drugalcdep.2017.08.022,https://www.sciencedirect.com/science/article/pii/S0376871617304635,False,,,0376-8716,,,"Background Alcohol impairs response inhibition; however, it remains contested whether such impairments affect a general inhibition system, or whether affected inhibition systems are embedded in, and specific to, each response modality. Further, alcohol-induced impairments have not been disambiguated between proactive and reactive inhibition mechanisms, and nor have the contributions of action-updating impairments to behavioural ‘inhibition’ deficits been investigated. Methods Forty Participants (25 female) completed both a manual and a saccadic stop-signal reaction time (SSRT) task before and after a 0.8g/kg dose of alcohol and, on a separate day, before and after a placebo. Blocks in which participants were required to ignore the signal to stop or make an additional ‘dual' response were included to obtain measures of proactive inhibition as well as updating of attention and action. Results Alcohol increased manual but not saccadic SSRT. Proactive inhibition was weakly reduced by alcohol, but increases in the reaction times used to baseline this contrast prevent clear conclusions regarding response caution. Finally, alcohol also increased secondary dual response times of the dual task uniformly as a function of the delay between tasks, indicating an effect of alcohol on action-updating or execution. Conclusions The modality-specific effects of alcohol favour the theory that response inhibition systems are embedded within response modalities, rather than there existing a general inhibition system. Concerning alcohol, saccadic control appears relatively more immune to disruption than manual control, even though alcohol affects saccadic latency and velocity. Within the manual domain, alcohol affects multiple types of action updating, not just inhibition.",2025-04-30T07:52:38Z,,,,,,Campbell2017ImpairmentManualNot,,2025-04-30T07:52:38Z,2025-04-30T07:52:38Z,,,,,,,,Drug and Alcohol Dependence,NJEHVZWJ,,ScienceDirect,,,,,,,,242-254,,,,,,,,,,,,,,,,,,15712,181,,
journalArticle,Firm value and government commitment to combating climate change,"Berkman, Henk; Jona, Jonathan; Soderstrom, Naomi",2019-02-01,Pacific-Basin Finance Journal,10.1016/j.pacfin.2018.11.003,https://www.sciencedirect.com/science/article/pii/S0927538X18304578,False,,,0927-538X,,,,2025-04-30T07:42:28Z,,,,,,Berkman2019FirmValueGovernment,,2025-04-30T07:42:28Z,2025-04-30T07:42:28Z,,,,,,,,Pacific-Basin Finance Journal,LIXSEWIF,,ScienceDirect,,,,,,,,297-307,,,,,,,,,,,,,,,,,,15715,53,,
journalArticle,Exploring the switching of the focus of attention within working memory: A combined event-related potential and behavioral study,"Frenken, Marius; Berti, Stefan",2018-04-01,International Journal of Psychophysiology,10.1016/j.ijpsycho.2018.01.012,https://www.sciencedirect.com/science/article/pii/S0167876017305846,False,,,0167-8760,,,"Working memory enables humans to maintain selected information for cognitive processes and ensures instant access to the memorized contents. Theories suggest that switching the focus of attention between items within working memory realizes the access. This is reflected in object-switching costs in response times when the item for the task processing is to be changed. Another correlate of attentional allocation in working memory is the P3a-component of the human event-related potential. The aim of this study was to demonstrate that switching of attention within working memory is a separable processing step. Participants completed a cued memory-updating task in which they were instructed to update one memory item at a time out of a memory list of four digits by applying a mathematical operation indicated by a target sign. The hypotheses predicted (1) prolonged updating times in switch (different item compared to previous trial) versus repetition trials (same item), (2) an influence of cues (valid/neutral) presented before the mathematical target on switching costs, and (3) that the P3a-component is more pronounced in the cue-target interval in the valid cue condition and more pronounced in the post-target interval in the neutral cue condition. A student's t-test verified the first hypothesis, repeated-measurement analyses of variance demonstrated that hypotheses 2 and 3 should be rejected. Results suggest that switching of attention within working memory could not be separated from further processing steps and retro-cue benefits are not due to a head start of retrieval as well as that switch costs represent internal processes.",2025-04-30T07:42:01Z,,,,,,Frenken2018ExploringSwitchingFocus,,2025-04-30T07:42:01Z,2025-04-30T07:42:01Z,,,,,,,,International Journal of Psychophysiology,EI5B7MR3,,ScienceDirect,,,,,,,,30-41,,,,,,,,,,,,,,,Exploring the switching of the focus of attention within working memory,,,15716,126,,
journalArticle,Exogenous testosterone increases sensitivity to moral norms in moral dilemma judgements,"Brannon, Skylar M.; Carr, Sarah; Jin, Ellie Shuo; Josephs, Robert A.; Gawronski, Bertram",2019-08,Nature Human Behaviour,10.1038/s41562-019-0641-3,https://www.nature.com/articles/s41562-019-0641-3,False,,,2397-3374,,,"Moral dilemma judgements frequently involve decisions where moral norms and the greater good are in conflict. The current preregistered study tested the effect of the steroid hormone testosterone on moral dilemma judgements using a double-blind administration of testosterone or placebo. Counter to predictions, testosterone administration led to increased inaction in moral dilemmas where harmful actions prohibited by moral norms increase overall well-being. Using a mathematical model to disentangle sensitivity to consequences, sensitivity to moral norms and general preference for inaction versus action, analyses further revealed that testosterone administration influenced judgements by increasing sensitivity to moral norms. Exploratory analyses suggested the opposite pattern for endogenous testosterone measured at baseline, in that higher levels of endogenous testosterone were associated with lower sensitivity to moral norms. The results indicate that the role of testosterone in moral judgements is more complex than suggested by previous findings.",2025-04-30T07:41:41Z,,,,,,Brannon2019ExogenousTestosteroneIncreases,,2025-04-30T07:41:41Z,2025-04-30T07:41:41Z,,,,,,,8,Nat Hum Behav,8P5XTIFQ,en,www.nature.com,,,,,,,,856-866,,,,,Nature Publishing Group,,,,"2019 The Author(s), under exclusive licence to Springer Nature Limited",,,,,,,,,15717,3,,
journalArticle,"Effects of Subtitles, Complexity, and Language Proficiency on Learning From Online Education Videos","Zee, Tim van der; Admiraal, Wilfried; Paas, Fred; Saab, Nadira; Giesbers, Bas",2017-03-21,Journal of Media Psychology,,https://econtent.hogrefe.com/doi/10.1027/1864-1105/a000208,False,,,1864-1105,,,Abstract. Open online education has become increasingly popular. In Massive Open Online Courses (MOOCs) videos are generally the most used method of teaching. While most MOOCs are offered in Englis...,2025-04-30T07:40:53Z,,,world,,,Zee2017EffectsSubtitlesComplexity,,2025-04-30T07:40:53Z,2025-04-30T07:40:53Z,,,,,,,,,N9N2TMJ5,en,econtent.hogrefe.com,,,,,,,,,,,,,Hogrefe Publishing,,,,,,,,,,,,,15718,,,
journalArticle,Does Recalling Moral Behavior Change the Perception of Brightness?,"Brandt, Mark J.; IJzerman, Hans; Blanken, Irene",2014-01-01,Social Psychology,,https://econtent.hogrefe.com/doi/10.1027/1864-9335/a000191,False,,,1864-9335,,,"Banerjee, Chatterjee, and Sinha (2012) recently reported that recalling unethical behavior led participants to see the room as darker and to desire more light-emitting products (e.g., a flashlight)...",2025-04-30T07:40:05Z,,,world,,,Brandt2014DoesRecallingMoral,,2025-04-30T07:40:05Z,2025-04-30T07:40:05Z,,,,,,,,,DTH4YT8J,en,econtent.hogrefe.com,,,,,,,,,,,,,Hogrefe Publishing,,,,,,,,,,,,,15719,,,
preprint,Do Researchers Anchor their Beliefs on the Outcome of an Initial Study? Testing the Time-Reversal Heuristic,"Ernst, Anja F.; Hoekstra, Rink; Wagenmakers, Eric-Jan; Gelman, Andrew; Ravenzwaaij, Don van",2018-01-20,,10.31234/osf.io/ehym3,https://osf.io/ehym3_v1,False,,,,,,"Copyright Notice. The document distributed here has been provided as a means to ensure timely dissemination of scholarly and technical work on a noncommercial basis. Copyright and all rights therein are maintained by the authors or by other copyright holders, notwithstanding that they have offered their works here electronically. It is understood that all persons copying this information will adhere to the terms and constraints invoked by each author's copyright. These works may not be reposted without the explicit permission of the copyright holder.",2025-04-30T07:39:10Z,,,,,,Ernst2018ResearchersAnchorTheir,,2025-04-30T07:39:10Z,2025-04-30T07:39:10Z,,,,,,,,,GJR6JPFX,en-us,OSF Preprints,,,,,,,,,,,,,,,,OSF,,,,,,,Do Researchers Anchor their Beliefs on the Outcome of an Initial Study?,,,15720,,,
journalArticle,Conscious and unconscious context-specific cognitive control,"Schouppe, Nathalie; de Ferrerre, Evelien; Van Opstal, Filip; Braem, Senne; Notebaert, Wim",2014-06-04,Frontiers in Psychology,10.3389/fpsyg.2014.00539,https://www.frontiersin.orghttps://www.frontiersin.org/journals/psychology/articles/10.3389/fpsyg.2014.00539/full,False,,,1664-1078,,,"A key feature of the human cognitive system is its ability to deal with an ever-changing environment. One prototypical example is the observation that we adjust our information processing depending on the conflict-likelihood of a context (context-specific proportion congruency effect, CSPC, Crump etal., 2006). Recently, empirical studies started to question the role of consciousness in these strategic adaptation processes (for reviews, see Desender and Van den Bussche, 2012; Kunde etal., 2012). However, these studies have not yielded unequivocal results (e.g., Kunde, 2003; Heinemann etal., 2009; Van Gaal etal., 2010a; Desender etal., 2013; Reuss etal., 2014). In the present study, we aim at replicating the experiment of Heinemann etal. (2009) in which the proportion of congruent and incongruent trials between different contexts was varied in a masked priming task. Their results showed a reduction of the congruency effect for the context with more incongruent trials. However, this CSPC effect was only observed when the prime–target conflict was conscious, rather than unconscious, suggesting that context-specific control operates within the boundaries of awareness. Our replication attempt however contrasts these findings. In the first experiment we found no evidence for a CSPC effect in reaction times (RTs), neither in the conscious nor in the unconscious condition. The error rate analysis did show a CSPC effect, albeit not one modulated by consciousness. In the second experiment we found an overall CSPC effect in RTs, independent of consciousness. The error rates did not display a CSPC pattern. These mixed results seem to nuance the findings of Heinemann etal. (2009) and highlight the need for replication studies in psychology research.",2025-04-30T07:37:32Z,,,,,,Schouppe2014ConsciousUnconsciousContextspecific,,2025-04-30T07:37:32Z,2025-04-30T07:37:32Z,,,,,,,,Front. Psychol.,J8FXTRUG,English,Frontiers,,,,,,,,,,,,,Frontiers,,,,,,,,,,,,,15721,5,,
journalArticle,Can Politicians Police Themselves? Natural Experimental Evidence From Brazil’s Audit Courts,"Hidalgo, F. Daniel; Canello, Júlio; Lima-de-Oliveira, Renato",2016-11-01,Comparative Political Studies,10.1177/0010414015626436,https://doi.org/10.1177/0010414015626436,False,,,0010-4140,,,"To enhance government accountability, reformers have advocated strengthening institutions of “horizontal accountability,” particularly auditing institutions that can punish lawbreaking elected officials. Yet, these institutions differ in their willingness to punish corrupt politicians, which is often attributed to variation in their degree of independence from the political branches. Taking advantage of a randomized natural experiment embedded in Brazil’s State Audit Courts, we study how variation in the appointment mechanisms for choosing auditors affects political accountability. We show that auditors appointed under few constraints by elected officials punish lawbreaking politicians—particularly co-partisans—at lower rates than bureaucrats insulated from political influence. In addition, we find that even when executives are heavily constrained in their appointment of auditors by meritocratic and professional requirements, auditors still exhibit a pro-politician bias in decision making. Our results suggest that removing bias requires a level of insulation from politics rare among institutions of horizontal accountability.",2025-04-30T07:36:27Z,,,,,,Hidalgo2016CanPoliticiansPolice,,2025-04-30T07:36:27Z,2025-04-30T07:36:27Z,,,,,,,13,,2B3KRUUR,EN,SAGE Journals,,,,,,,,1739-1773,,,,,SAGE Publications Inc,,,,,,,,,,Can Politicians Police Themselves?,,,15722,49,,
journalArticle,Breakthrough or One-Hit Wonder?,"Vermeulen, Ivar; Batenburg, Anika; Beukeboom, Camiel J.; Smits, Tim",2014-01-01,Social Psychology,,https://econtent.hogrefe.com/doi/10.1027/1864-9335/a000182,False,,,1864-9335,,,"Three studies replicated a classroom experiment on single-exposure musical conditioning of consumer choice (Gorn, 1982), testing whether simultaneous exposure to liked (vs. disliked) music and a pe...",2025-04-30T07:36:07Z,,,world,,,Vermeulen2014BreakthroughOneHitWonder,,2025-04-30T07:36:07Z,2025-04-30T07:36:07Z,,,,,,,,,G78SFNFQ,en,econtent.hogrefe.com,,,,,,,,,,,,,Hogrefe Publishing,,,,,,,,,,,,,15723,,,
journalArticle,Blockchain Disruption and Smart Contracts,"Cong, Lin William; He, Zhiguo",2019-05-01,The Review of Financial Studies,10.1093/rfs/hhz007,https://doi.org/10.1093/rfs/hhz007,False,,,0893-9454,,,"Blockchain technology provides decentralized consensus and potentially enlarges the contracting space through smart contracts. Meanwhile, generating decentralized consensus entails distributing information that necessarily alters the informational environment. We analyze how decentralization relates to consensus quality and how the quintessential features of blockchain remold the landscape of competition. Smart contracts can mitigate informational asymmetry and improve welfare and consumer surplus through enhanced entry and competition, yet distributing information during consensus generation may encourage greater collusion. In general, blockchains sustain market equilibria with a wider range of economic outcomes. We further discuss the implications for antitrust policies targeted at blockchain applications.Received May 31, 2017; editorial decision May 29, 2018 by Editor Itay Goldstein.",2025-04-30T07:30:57Z,,,,,,Cong2019BlockchainDisruptionSmart,,2025-04-30T07:30:57Z,2025-04-30T07:30:57Z,,,,,,,5,The Review of Financial Studies,B9N4HWNQ,,Silverchair,,,,,,,,1754-1797,,,,,,,,,,,,,,,,,,15724,32,,
journalArticle,Beyond reach: Do symmetric changes in motor costs aﬀect decision making? A registered report,"Zgonnikov, Arkady; Atiya, Nadim A A; O’Hora, Denis; Rañò, Iñaki; Wong-Lin, KongFatt",,,,,False,,,,,,"Executing an important decision can be as easy as moving a mouse cursor or reaching towards the preferred option with a hand. But would we decide diﬀerently if choosing required walking a few steps towards an option? More generally, is our preference invariant to the means and motor costs of reporting it? Previous research demonstrated that asymmetric motor costs can nudge the decision-maker towards a less costly option. However, virtually all traditional decision-making theories predict that increasing motor costs symmetrically for all options should not aﬀect choice in any way. This prediction is disputed by the theory of embodied cognition, which suggests that motor behavior is an integral part of cognitive processes, and that motor costs can aﬀect our choices. In this registered report, we investigated whether varying motor costs can aﬀect response dynamics and the ﬁnal choices in an intertemporal choice task: choosing between a readily available small reward and a larger but delayed reward. Our study compared choices reported by moving a computer mouse cursor towards the preferred option with the choices executed via a more motor costly walking procedure. First, we investigated whether relative values of the intertemporal choice options aﬀect walking trajectories in the same way as they aﬀect mouse cursor dynamics. Second, we tested a hypothesis that, in the walking condition, increased motor costs of a preference reversal would decrease the number of changes-of-mind and therefore increase the proportion of impulsive, smaller-but-sooner choices. We conﬁrmed the hypothesis that walking trajectories reﬂect covert dynamics of decision making, and rejected the hypothesis that increased motor costs of responding aﬀect decisions in an intertemporal choice task. Overall, this study contributes to the empirical basis enabling the decision-making theories to address the complex interplay between cognitive and motor processes.",,,,,,,ZgonnikovReachSymmetricChanges,,2025-04-30T07:30:37Z,2025-04-30T07:30:37Z,,,,,,,,,3JYU65JK,en,Zotero,,,,,,,,,,,,,,,,,,,,,,,,,,15725,,,
journalArticle,A test of the diffusion model explanation for the worst performance rule using preregistration and blinding,"Dutilh, Gilles; Vandekerckhove, Joachim; Ly, Alexander; Matzke, Dora; Pedroni, Andreas; Frey, Renato; Rieskamp, Jörg; Wagenmakers, Eric-Jan",2017-04-01,"Attention, Perception, & Psychophysics",10.3758/s13414-017-1304-y,https://doi.org/10.3758/s13414-017-1304-y,False,,,1943-393X,,,"People with higher IQ scores also tend to perform better on elementary cognitive-perceptual tasks, such as deciding quickly whether an arrow points to the left or the right Jensen (2006). The worst performance rule (WPR) finesses this relation by stating that the association between IQ and elementary-task performance is most pronounced when this performance is summarized by people’s slowest responses. Previous research has shown that the WPR can be accounted for in the Ratcliff diffusion model by assuming that the same ability parameter—drift rate—mediates performance in both elementary tasks and higher-level cognitive tasks. Here we aim to test four qualitative predictions concerning the WPR and its diffusion model explanation in terms of drift rate. In the first stage, the diffusion model was fit to data from 916 participants completing a perceptual two-choice task; crucially, the fitting happened after randomly shuffling the key variable, i.e., each participant’s score on a working memory capacity test. In the second stage, after all modeling decisions were made, the key variable was unshuffled and the adequacy of the predictions was evaluated by means of confirmatory Bayesian hypothesis tests. By temporarily withholding the mapping of the key predictor, we retain flexibility for proper modeling of the data (e.g., outlier exclusion) while preventing biases from unduly influencing the results. Our results provide evidence against the WPR and suggest that it may be less robust and less ubiquitous than is commonly believed.",2025-04-30T07:25:31Z,,,,,,Dutilh2017TestDiffusionModel,,2025-04-30T07:25:31Z,2025-04-30T07:25:31Z,,,,,,,3,Atten Percept Psychophys,RRB4PYNA,en,Springer Link,,,,,,,,713-725,,,,,,,,,,,,,,,,,,15731,79,,
journalArticle,A Multilab Preregistered Replication of the Ego-Depletion Effect,"Hagger, M. S.; Chatzisarantis, N. L. D.; Alberts, H.; Anggono, C. O.; Batailler, C.; Birt, A. R.; Brand, R.; Brandt, M. J.; Brewer, G.; Bruyneel, S.; Calvillo, D. P.; Campbell, W. K.; Cannon, P. R.; Carlucci, M.; Carruth, N. P.; Cheung, T.; Crowell, A.; De Ridder, D. T. D.; Dewitte, S.; Elson, M.; Evans, J. R.; Fay, B. A.; Fennis, B. M.; Finley, A.; Francis, Z.; Heise, E.; Hoemann, H.; Inzlicht, M.; Koole, S. L.; Koppel, L.; Kroese, F.; Lange, F.; Lau, K.; Lynch, B. P.; Martijn, C.; Merckelbach, H.; Mills, N. V.; Michirev, A.; Miyake, A.; Mosser, A. E.; Muise, M.; Muller, D.; Muzi, M.; Nalis, D.; Nurwanti, R.; Otgaar, H.; Philipp, M. C.; Primoceri, P.; Rentzsch, K.; Ringos, L.; Schlinkert, C.; Schmeichel, B. J.; Schoch, S. F.; Schrama, M.; Schütz, A.; Stamos, A.; Tinghög, G.; Ullrich, J.; vanDellen, M.; Wimbarti, S.; Wolff, W.; Yusainy, C.; Zerhouni, O.; Zwienenberg, M.",2016-07-01,Perspectives on Psychological Science,10.1177/1745691616652873,https://doi.org/10.1177/1745691616652873,False,,,1745-6916,,,"Good self-control has been linked to adaptive outcomes such as better health, cohesive personal relationships, success in the workplace and at school, and less susceptibility to crime and addictions. In contrast, self-control failure is linked to maladaptive outcomes. Understanding the mechanisms by which self-control predicts behavior may assist in promoting better regulation and outcomes. A popular approach to understanding self-control is the strength or resource depletion model. Self-control is conceptualized as a limited resource that becomes depleted after a period of exertion resulting in self-control failure. The model has typically been tested using a sequential-task experimental paradigm, in which people completing an initial self-control task have reduced self-control capacity and poorer performance on a subsequent task, a state known as ego depletion. Although a meta-analysis of ego-depletion experiments found a medium-sized effect, subsequent meta-analyses have questioned the size and existence of the effect and identified instances of possible bias. The analyses served as a catalyst for the current Registered Replication Report of the ego-depletion effect. Multiple laboratories (k = 23, total N = 2,141) conducted replications of a standardized ego-depletion protocol based on a sequential-task paradigm by Sripada et al. Meta-analysis of the studies revealed that the size of the ego-depletion effect was small with 95% confidence intervals (CIs) that encompassed zero (d = 0.04, 95% CI [−0.07, 0.15]. We discuss implications of the findings for the ego-depletion effect and the resource depletion model of self-control.",2025-04-30T07:23:36Z,,,,,,Hagger2016MultilabPreregisteredReplication,,2025-04-30T07:23:36Z,2025-04-30T07:23:36Z,,,,,,,4,Perspect Psychol Sci,XBH7VIZR,EN,SAGE Journals,,,,,,,,546-573,,,,,SAGE Publications Inc,,,,,,,,,,,,,15732,11,,
conferencePaper,Do Ecological Valid Stop Signals Aid 1 Detour Performance? A 2 Comparison of Four Bird Species.,"Dewulf, A.; Garcia-Co, Clara; Müller, W.; Madden, J.; Martel, Anita J.; Lens, L.; Verbruggen, F.",2023,,,https://www.semanticscholar.org/paper/Do-Ecological-Valid-Stop-Signals-Aid-1-Detour-A-2-Dewulf-Garcia-Co/627d1c875a0e6aa43c204372ee5dfd45eed11b8a,False,,,,,,.,2025-04-23T07:03:44Z,,,,,,Dewulf2023EcologicalValidStop,,2025-04-23T19:05:26Z,2025-04-23T19:05:26Z,,,,,,,,,BA6ZXXUU,,Semantic Scholar,,,,,,,,,,,,,,,,,,,,,,,Do Ecological Valid Stop Signals Aid 1 Detour Performance?,,,15733,,,
journalArticle,Personality and the subjective experience of body mass in Australian adults,"Allen, Mark S.; Vella, Stewart A.; Swann, Christian; Laborde, Sylvain",2018-02-01,Journal of Research in Personality,10.1016/j.jrp.2016.05.003,https://www.sciencedirect.com/science/article/pii/S0092656616300381,False,,,0092-6566,,,"This study was a conceptual replication of Sutin and Terracciano (2016). Australian adults (8296 men; 9205 women) completed self-report measures of personality, weight, height, waist circumference, perception of weight, and satisfaction with weight. Consistent with findings from North America, conscientiousness was most important for adiposity (BMI and waist circumference) and actual-perceived body weight discrepancy. Moderator effects for sex (and age) were observed but did not replicate Sutin and Terracciano (2016). Neuroticism, agreeableness and conscientiousness were important for body weight satisfaction, with stronger associations observed among women. Our findings demonstrate that personality is important for the objective and subjective experience of body weight, but further investigation of moderators is warranted. Cross-cultural prospective studies of personality and body image are recommended.",2025-04-23T06:40:31Z,,,,,,Allen2018PersonalitySubjectiveExperience,,2025-04-23T06:40:31Z,2025-04-23T06:40:31Z,,,,,,,,Journal of Research in Personality,SQWA4RYW,,ScienceDirect,,,,,,,,73-79,,,,,,,,,,,Replication of Critical Findings in Personality Psychology,,,,,,,15735,72,,
journalArticle,Peer-to-Peer Lenders Versus Banks: Substitutes or Complements?,"Tang, Huan",2019-05-01,The Review of Financial Studies,10.1093/rfs/hhy137,https://doi.org/10.1093/rfs/hhy137,False,,,0893-9454,,,"This paper studies whether, in the consumer credit market, peer-to-peer (P2P) lending platforms serve as substitutes for banks or instead as complements. I develop a conceptual framework and derive testable predictions to distinguish between these two possibilities. Using a regulatory change as an exogenous shock to bank credit supply, I find that P2P lending is a substitute for bank lending in terms of serving infra-marginal bank borrowers yet complements bank lending with respect to small loans. These results indicate that the credit expansion resulting from P2P lending likely occurs only among borrowers who already have access to bank credit.Received June 1, 2017; editorial decision September 15, 2018 by Editor Andrew Karolyi. Authors have furnished an Internet Appendix, which is available on the Oxford University Press Web site next to the link to the final published paper online.",2025-04-23T06:40:23Z,,,,,,Tang2019PeertoPeerLendersBanks,,2025-04-23T06:40:23Z,2025-04-23T06:40:23Z,,,,,,,5,The Review of Financial Studies,MZ8WJHJD,,Silverchair,,,,,,,,1900-1938,,,,,,,,,,,,,,,Peer-to-Peer Lenders Versus Banks,,,15736,32,,
journalArticle,On the reliability of retrieval-induced forgetting,"Rowland, Christopher A.; Bates, Lauren E.; DeLosh, Edward L.",2014-11-21,Frontiers in Psychology,10.3389/fpsyg.2014.01343,https://www.frontiersin.orghttps://www.frontiersin.org/journals/psychology/articles/10.3389/fpsyg.2014.01343/full,False,,,1664-1078,,,"Memory is modified through the act of retrieval. Although retrieving a target piece of information may strengthen the retrieved information itself, it may also serve to weaken retention of related information. This phenomenon, termed retrieval-induced forgetting, has garnered substantial interest for its implications as to why forgetting occurs. The present study attempted to replicate the seminal work by Anderson et al. (1994) on retrieval-induced forgetting, given the apparent sensitivity of the effect to certain deviations from the original paradigm developed to study the phenomenon. The study extends the conditions under which retrieval-induced forgetting has been examined by utilizing both a traditional college undergraduate sample (Experiment 1), along with a more diverse internet sample (Experiment 2). In addition, Experiment 3 details a replication attempt of retrieval-induced forgetting using Anderson and Spellman's (1995) independent cue procedure. Retrieval-induced forgetting was observed when using the traditional retrieval practice paradigm with undergraduate (Experiment 1) and internet (Experiment 2) samples, though the effect was not found when using the independent cue procedure (Experiment 3). Thus, the study can provide an indication as to the robustness of retrieval-induced forgetting to deviations from the traditional college undergraduate samples that have been used in the majority of existing research on the effect.",2025-04-23T06:40:16Z,,,,,,Rowland2014ReliabilityRetrievalinducedForgetting,,2025-04-23T06:40:16Z,2025-04-23T06:40:16Z,,,,,,,,Front. Psychol.,3B5WRB65,English,Frontiers,,,,,,,,,,,,,Frontiers,,,,,,,,,,,,,15737,5,,
journalArticle,Of two minds or one? A registered replication of Rydell et al. (2006),"Heycke, Tobias; , Gehrmann ,Sarah; , Haaf ,Julia M.; and Stahl, Christoph",2018-11-17,Cognition and Emotion,10.1080/02699931.2018.1429389,https://doi.org/10.1080/02699931.2018.1429389,False,,,0269-9931,,29383978,"Evaluative conditioning (EC) is proposed as a mechanism of automatic preference acquisition in dual-process theories of attitudes (Gawronski, B., & Bodenhausen, G. V. (2006). Associative and propositional processes in evaluation: An integrative review of implicit and explicit attitude change. Psychological Bulletin, 132(5), 692–731. doi:10.1037/0033-2909.132.5.692). Evidence for the automaticity of EC comes from studies claiming EC effects for subliminally presented stimuli. An impression-formation study showed a selective influence of briefly presented primes on implicitly measured attitudes, whereas supraliminally presented behavioural information about the target person was reflected in explicit ratings (Rydell, R. J., McConnell, A. R., Mackie, D. M., & Strain, L. M. (2006). Of two minds forming and changing valence-inconsistent implicit and explicit attitudes. Psychological Science, 17(11), 954–958. doi:10.1111/j.1467-9280.2006.01811.x) This finding is considered one of the strongest pieces of evidence for dual process theories (Sweldens, S., Corneille, O., & Yzerbyt, V. (2014). The role of awareness in attitude formation through evaluative conditioning. Personality and Social Psychology Review, 18(2), 187–209. doi:10.1177/1088868314527832), and it is therefore crucial to assess its reliability and robustness. The present study presents two registered replications of the Rydell et al. (2006) study. In contrast to the original findings, the implicit measures did not reflect the valence of the subliminal primes in both studies.",2025-04-23T06:39:25Z,,,,,,Heycke2018TwoMindsOne,,2025-04-23T06:39:25Z,2025-04-23T06:39:25Z,,,_eprint: https://doi.org/10.1080/02699931.2018.1429389,,,,8,,W72ECZMH,,Taylor and Francis+NEJM,,,,,,,,1708-1727,,,,,Routledge,,,,,,,,,,Of two minds or one?,,,15738,32,,
journalArticle,Mood effects on attentional control: a preregistered replication study and critical analysis,"Tibboel, Helen",2018-01-02,Cognition and Emotion,10.1080/02699931.2017.1292217,https://doi.org/10.1080/02699931.2017.1292217,False,,,0269-9931,,28278736,"In a widely cited paper, Jefferies et al. (2008) report a study in which they manipulated participants’ mood and examined the effects of this manipulation on their performance on the Attentional Blink task. Their results revealed an interaction between emotional valence and arousal: attentional control of participants who experienced a negative mood with low arousal (i.e. sadness) was best, whereas it was worst for participants who experienced a negative mood with high arousal (i.e. anxiety). Performance for participants who were in a positive mood, either with low arousal (i.e. calmness) or high arousal (i.e. happiness) had intermediate scores. In this study, I examined the replicability of this effect and performed additional analyses to investigate the extent to which this effect is due to perceptual or attentional processes and to examine the role of distraction on AB performance. Importantly, the results showed that the crucial interaction between emotional valence and arousal did not reach significance. This could be due a diversity of factors that are addressed in the discussion.",2025-04-23T06:38:45Z,,,,,,Tibboel2018MoodEffectsAttentional,,2025-04-23T06:38:45Z,2025-04-23T06:38:45Z,,,_eprint: https://doi.org/10.1080/02699931.2017.1292217,,,,1,,C3GH35RE,,Taylor and Francis+NEJM,,,,,,,,145-157,,,,,Routledge,,,,,,,,,,Mood effects on attentional control,,,15739,32,,
journalArticle,Marketplace Lending: A New Banking Paradigm?,"Vallée, Boris; Zeng, Yao",2019-05-01,The Review of Financial Studies,10.1093/rfs/hhy100,https://doi.org/10.1093/rfs/hhy100,False,,,0893-9454,,,"Marketplace lending relies on screening and information production by investors, a major deviation from the traditional banking paradigm. Theoretically, the participation of sophisticated investors improves screening outcomes and also creates adverse selection among investors. In maximizing loan volume, the platform trades off these two forces. As the platform develops, it optimally increases platform prescreening intensity but decreases information provision to investors. Using novel investor-level data, we find that sophisticated investors systematically outperform, and this outperformance shrinks when the platform reduces information provision to investors. Our findings shed light on the optimal distribution of information production in this new lending model.Received August 29, 2018; editorial decision July 1, 2018 by Editor Itay Goldstein. Authors have furnished an Internet Appendix, which is available on the Oxford University Press Web site next to the link to the final published paper online.",2025-04-23T06:38:40Z,,,,,,Vallee2019MarketplaceLendingNew,,2025-04-23T06:38:41Z,2025-04-23T06:38:41Z,,,,,,,5,The Review of Financial Studies,5BUL9WDL,,Silverchair,,,,,,,,1939-1982,,,,,,,,,,,,,,,Marketplace Lending,,,15740,32,,
journalArticle,Is spacing really the “friend of induction”?,"Verkoeijen, Peter; Bouwmeester, Samantha",2014-03-31,Frontiers in Psychology,10.3389/fpsyg.2014.00259,https://www.frontiersin.orghttps://www.frontiersin.org/journals/psychology/articles/10.3389/fpsyg.2014.00259/full,False,,,1664-1078,,,"Inductive learning takes place when people learn a new concept or category by observing a variety of exemplars. Kornell and Bjork (2008) asked participants to learn new painting styles either by presenting different paintings of the same artist consecutively (massed presentation) or by mixing paintings of different artists (spaced presentation). In their second experiment, Kornell and Bjork (2008) showed with a final style recognition test, that spacing resulted in better inductive learning than massing. Also, by using this style recognition test, they ruled out the possibility that spacing merely resulted in a better memory for the labels of the newly learned painting styles. The findings from Kornell and Bjork’s (2008) second experiment are important because they show that the benefit of spaced learning generalizes to complex learning tasks and outcomes, and that it is not confined to rote memory learning. However, the findings from Kornell and Bjork’s (2008) second experiment have never been replicated. In the present study we performed an exact and high-powered replication of Kornell and Bjork’s (2008) second experiment with a Web-based sample. Such a replication contributes to establish the reliability of the original finding and hence to more conclusive evidence of the spacing effect in inductive learning. The findings from the present replication attempt revealed a medium-sized advantage of spacing over massing in inductive learning, which was comparable to the original effect in the experiment by Kornell and Bjork (2008). Also, the 95% confidence intervals (CI) of the effect sizes from both experiments overlapped considerably. Hence, the findings from the present replication experiment and the original experiment clearly reinforce each other.",2025-04-23T06:38:09Z,,,,,,Verkoeijen2014SpacingReallyFriend,,2025-04-23T06:38:09Z,2025-04-23T06:38:09Z,,,,,,,,Front. Psychol.,W385KRNC,English,Frontiers,,,,,,,,,,,,,Frontiers,,,,,,,,,,,,,15741,5,,
journalArticle,Is narcissism associated with baseline cortisol in men and women?,"Wardecker, Britney M.; Chopik, William J.; LaBelle, Onawa P.; Edelstein, Robin S.",2018-02-01,Journal of Research in Personality,10.1016/j.jrp.2016.07.006,https://www.sciencedirect.com/science/article/pii/S0092656616300861,False,,,0092-6566,,,"Narcissism is a personality trait characterized by feelings of grandiosity, a craving for admiration, and a lack of empathy. Although there are reasons to expect that narcissism might have adverse physiological and health implications, very little research has directly assessed such claims. Moreover, prior research specifically assessing links between narcissism and basal levels of the stress hormone cortisol yields mixed evidence. In an attempt to reconcile previously inconsistent findings, we examined narcissism and basal cortisol in a sample of 366 young adults. We found little evidence for an association between narcissism and cortisol. We discuss how narcissism may be related to physiological outcomes over time and across situations.",2025-04-23T06:37:29Z,,,,,,Wardecker2018NarcissismAssociatedBaseline,,2025-04-23T06:37:29Z,2025-04-23T06:37:29Z,,,,,,,,Journal of Research in Personality,MNDJWPG6,,ScienceDirect,,,,,,,,44-49,,,,,,,,,,,Replication of Critical Findings in Personality Psychology,,,,,,,15742,72,,
journalArticle,Investigating the role of exogenous cueing on selection history formation,"Grubb, Michael A.; Christensen, Gabriela; Albanese, John",2019-08-01,Psychonomic Bulletin & Review,10.3758/s13423-019-01591-z,https://doi.org/10.3758/s13423-019-01591-z,False,,,1531-5320,,,"An abundance of recent empirical data suggest that repeatedly allocating visual attention to task-relevant and/or reward-predicting features in the visual world engenders an attentional bias for these frequently attended stimuli, even when they become task irrelevant and no longer predict reward. In short, attentional selection in the past hinders voluntary control of attention in the present. But do such enduring attentional biases rely on a history of voluntary, goal-directed attentional selection, or can they be generated through involuntary, effortless attentional allocation? An abrupt visual onset triggers such a reflexive allocation of covert spatial attention to its location in the visual field, automatically modulating numerous aspects of visual perception. In this Registered Report, we asked whether a selection history that has been reflexively and involuntarily derived (i.e., through abrupt-onset cueing) also interferes with goal-directed attentional control, even in the complete absence of exogenous cues. To build spatially distinct histories of exogenous selection, we presented abrupt-onset cues twice as often at one of two task locations, and as expected, these cues reflexively modulated visual processing: task accuracy increased, and response times (RTs) decreased, when the cue appeared near the target’s location, relative to that of the distractor. Upon removal of these cues, however, we found no evidence that exogenous selection history modulated task performance: task accuracy and RTs at the previously most-cued and previously least-cued sides were statistically indistinguishable. Thus, unlike voluntarily directed attention, involuntary attentional allocation may not be sufficient to engender historically contingent selection biases.",2025-04-23T06:37:12Z,,,,,,Grubb2019InvestigatingRoleExogenous,,2025-04-23T06:37:12Z,2025-04-23T06:37:12Z,,,,,,,4,Psychon Bull Rev,F6FC3SN7,en,Springer Link,,,,,,,,1282-1288,,,,,,,,,,,,,,,,,,15743,26,,
journalArticle,How Valuable Is FinTech Innovation?,"Chen, Mark A; Wu, Qinxi; Yang, Baozhong",2019-05-01,The Review of Financial Studies,10.1093/rfs/hhy130,https://doi.org/10.1093/rfs/hhy130,False,,,0893-9454,,,"We provide large-scale evidence on the occurrence and value of FinTech innovation. Using data on patent filings from 2003 to 2017, we apply machine learning to identify and classify innovations by their underlying technologies. We find that most FinTech innovations yield substantial value to innovators, with blockchain being particularly valuable. For the overall financial sector, internet of things (IoT), robo-advising, and blockchain are the most valuable innovation types. Innovations affect financial industries more negatively when they involve disruptive technologies from nonfinancial startups, but market leaders that invest heavily in their own innovation can avoid much of the negative value effect.ReceivedMay 31, 2017; editorial decision September 30, 2018 by Editor Andrew Karolyi.",2025-04-23T06:35:23Z,,,,,,Chen2019HowValuableFinTech,,2025-04-23T06:35:23Z,2025-04-23T06:35:23Z,,,,,,,5,The Review of Financial Studies,FSJ5BZWZ,,Silverchair,,,,,,,,2062-2106,,,,,,,,,,,,,,,,,,15745,32,,
journalArticle,Evaluative Priming in the Pronunciation Task,"Klauer, Karl Christoph; Becker, Manuel; Spruyt, Adriaan",2016-01,Experimental Psychology,10.1027/1618-3169/a000286,https://econtent.hogrefe.com/doi/10.1027/1618-3169/a000286,False,,,1618-3169,,,". We replicated and extended a study by Spruyt and Hermans (2008) in which picture primes engendered an evaluative-priming effect on the pronunciation of target words. As preliminary steps, we assessed data reproducibility of the original study, conducted Pilot Study I to identify highly semantically related prime-target pairs, reanalyzed the original data excluding such pairs, conducted Pilot Study II to demonstrate that we can replicate traditional associative priming effects in the pronunciation task, and conducted Pilot Study III to generate relatively unrelated sets of prime pictures and target words. The main study comprised three between-participants conditions: (1) a close replication of the original study, (2) the same condition excluding highly related prime-target pairs, and (3) a condition based on the relatively unrelated sets of prime pictures and target words developed in Pilot Study III. There was little evidence for an evaluative priming effect independent of semantic relatedness.",2025-04-23T06:30:40Z,,,,,,Klauer2016EvaluativePrimingPronunciation,,2025-04-23T06:30:40Z,2025-04-23T06:30:40Z,,,,,,,1,,KTD6AQTJ,,econtent.hogrefe.com (Atypon),,,,,,,,70-78,,,,,Hogrefe Publishing,,,,,,,,,,,,,15748,63,,
journalArticle,Does a single session of reading literary fiction prime enhanced mentalising performance? Four replication experiments of Kidd and Castano (2013),"Samur, Dalya; , Tops ,Mattie; and Koole, Sander L.",2018-01-02,Cognition and Emotion,10.1080/02699931.2017.1279591,https://www.tandfonline.com/doi/full/10.1080/02699931.2017.1279591,False,,,0269-9931,,,,2025-04-23T06:24:46Z,,,,,,Samur2018DoesSingleSession,,2025-04-23T06:24:46Z,2025-04-23T06:24:46Z,,,,,,,1,,3WL66U6U,,tandfonline.com (Atypon),,,,,,,,130-144,,,,,Routledge,,,,,,,,,,Does a single session of reading literary fiction prime enhanced mentalising performance?,,,15751,32,,
journalArticle,Disgust sensitivity and opposition to immigration: Does contact avoidance or resistance to foreign norms explain the relationship?,"Karinen, Annika K.; Molho, Catherine; Kupfer, Tom R.; Tybur, Joshua M.",2019-09-01,Journal of Experimental Social Psychology,10.1016/j.jesp.2019.103817,https://www.sciencedirect.com/science/article/pii/S0022103118304220,False,,,0022-1031,,,"Past research suggests that pathogen-avoidance motives (e.g., disgust sensitivity) relate to greater opposition to immigration. Two accounts have been proposed to explain this relationship, one of which emphasizes proximally avoiding outgroups, and the other of which emphasizes adherence to traditional norms. According to the former, immigrants are perceived as being more infectious because they carry novel pathogens due to their foreign ecological origins. According to the latter, immigrants' foreign norms are perceived as posing a pathogen threat. This study aimed to disentangle these accounts. Participants (N = 975) were randomly assigned to read a description of an immigrant who had high or low contact with locals and high or low assimilation to local norms. The effect of disgust sensitivity on sentiments toward the immigrant (and immigrants like him) was compared across conditions. Results supported the traditional norms account: disgust sensitivity related to anti-immigrant sentiments when the immigrant was described as not assimilating to local norms, but not when he was described as assimilating. Contrary to the outgroup avoidance account, the relationship between disgust sensitivity and anti-immigrant sentiments did not vary across the high-contact and low-contact conditions. Results suggest that resistance to foreign norms, rather than avoidance of novel pathogens, better explains the relationship between pathogen avoidance and outgroup prejudice.",2025-04-23T06:24:35Z,,,,,,Karinen2019DisgustSensitivityOpposition,,2025-04-23T06:24:35Z,2025-04-23T06:24:35Z,,,,,,,,Journal of Experimental Social Psychology,7LPKX8NS,,ScienceDirect,,,,,,,,103817,,,,,,,,,,,,,,,Disgust sensitivity and opposition to immigration,,,15752,84,,
journalArticle,Can race really be erased? A pre-registered replication study,"Voorspoels, Wouter; Bartlema, Annelies; Vanpaemel, Wolf",2014-09-16,Frontiers in Psychology,10.3389/fpsyg.2014.01035,https://www.frontiersin.orghttps://www.frontiersin.org/journals/psychology/articles/10.3389/fpsyg.2014.01035/full,False,,,1664-1078,,,"When encountering an unknown individual, social categorization of the individual has been shown to automatically proceed on the basis of three fundamental dimensions: People seem to mandatorily encode race, sex and age. In contradiction to this general finding, Kurzban et al. (2001) showed that race encoding is not automatic and inevitable, but rather a byproduct of categorization in terms of coalitions. In particular, they argue and empirically support that when other coalitional information is present, the encoding of race is spectacularly reduced. In the present contribution, we present a replication of the race-erased effect reported by Kurzban et al. First, we give a detailed overview of the hypotheses, the experimental methodology, the derivation of the sample size required to achieve a power of 95%, and the criteria that need to be met for a successful replication. Then we present the findings of an empirical test that met the requirements of our power analyses. Our results indicate that the encoding of race is indeed reduced when another coalitional cue is available, yet this reduction is less marked than in the original study. This experiment was preregistered before data collection at Open Science Framework, osf.io/vnhrm/.",2025-04-23T06:22:16Z,,,,,,Voorspoels2014CanRaceReally,,2025-04-23T06:22:16Z,2025-04-23T06:22:16Z,,,,,,,,Front. Psychol.,DWKDA37R,English,Frontiers,,,,,,,,,,,,,Frontiers,,,,,,,,,,Can race really be erased?,,,15753,5,,
journalArticle,Blockchain-Based Settlement for Asset Trading,"Chiu, Jonathan; Koeppl, Thorsten V",2019-05-01,The Review of Financial Studies,10.1093/rfs/hhy122,https://doi.org/10.1093/rfs/hhy122,False,,,0893-9454,,,"Can securities be settled on a blockchain, and, if so, what are the gains relative to existing settlement systems? The main benefit of a blockchain is faster and more flexible settlement, whereas settlement fails need to be ruled out where participants fork the chain to cancel trading losses. With a proof-of-work protocol, the blockchain needs to restrict settlement speed through block size and time in order to generate transaction fees, which finance costly mining. Despite mining being a deadweight cost, our estimates for the U.S. corporate debt market yield net gains from a blockchain in the range of 1–4 bps.Received May 31, 2017; editorial decision May 29, 2018 by Editor Itay Goldstein. Authors have furnished an Internet Appendix, which is available on the Oxford University Press Web site next to the link to the final published paper online.",2025-04-23T06:21:11Z,,,,,,Chiu2019BlockchainBasedSettlementAsset,,2025-04-23T06:21:12Z,2025-04-23T06:21:12Z,,,,,,,5,The Review of Financial Studies,DRKTJRZM,,Silverchair,,,,,,,,1716-1753,,,,,,,,,,,,,,,,,,15754,32,,
journalArticle,"Banners, Barricades, and Bombs: The Tactical Choices of Social Movements and Public Opinion","Huff, Connor; Kruszewska, Dominika",2016-11-01,Comparative Political Studies,10.1177/0010414015621072,https://doi.org/10.1177/0010414015621072,False,,,0010-4140,,,"In this article, we use an experimental survey design to explore how the tactical choices of social movements affect public opinion about whether the government should negotiate with the movement and the bargains that should be struck once negotiations begin. In doing so, we test competing theories about how we should expect the use of tactics with varying degrees of extremeness—including demonstrations, occupations, and bombings—to influence public opinion. We find that respondents are less likely to think the government should negotiate with organizations that use the tactic of bombing when compared with demonstrations or occupations. However, depending on the outcome variable and baseline category used in the analysis, we find mixed support for whether respondents think organizations that use bombings should receive less once negotiations begin. The results of this article are generally consistent with the theoretical and policy-based arguments centering around how governments should not negotiate with organizations that engage in violent activity commonly associated with terrorist organizations.",2025-04-23T06:19:26Z,,,,,,Huff2016BannersBarricadesBombs,,2025-04-23T06:19:26Z,2025-04-23T06:19:26Z,,,,,,,13,,RY82UYQL,EN,SAGE Journals,,,,,,,,1774-1808,,,,,SAGE Publications Inc,,,,,,,,,,"Banners, Barricades, and Bombs",,,15755,49,,
journalArticle,Assessing the role of accuracy-based feedback in value-driven attentional capture,"Grubb, Michael A.; Li, Yuxuan",2018-05-01,"Attention, Perception, & Psychophysics",10.3758/s13414-018-1494-y,https://doi.org/10.3758/s13414-018-1494-y,False,,,1943-393X,,,"Despite being physically nonsalient and task-irrelevant, objects rendered in a color that once signaled monetary reward reflexively capture attention during visual search, a phenomenon known as value-driven attentional capture (VDAC). However, it remains a subject of empirical controversy whether learned reward associations are necessary to driving subsequent attentional capture: VDAC-like effects have been observed when accuracy-based feedback alone was used during the VDAC training phase, resulting in attentional capture by objects that were never associated with monetary reward; perplexingly, the presence of these VDAC-like effects in the literature conflicts with those of a number of control studies in which no such capture has been observed, leaving the issue currently unresolved. In this Registered Report, we present new empirical evidence of attentional capture by unrewarded former targets following limited accuracy-based training. We proposed to replicate these results in an independent sample and to test an empirically derived hypothesis concerning a methodological difference between the studies that have shown VDAC-like effects with accuracy-based feedback and those that have not. In short, we found no evidence that this methodological difference accounts for the inconsistencies in the literature, but our replication efforts were overwhelmingly successful, thus reinvigorating debate about the role that selection history may play in value-driven attentional capture.",2025-04-23T06:15:04Z,,,,,,Grubb2018AssessingRoleAccuracybased,,2025-04-23T06:15:04Z,2025-04-23T06:15:04Z,,,,,,,4,Atten Percept Psychophys,5P6UKWXD,en,Springer Link,,,,,,,,822-828,,,,,,,,,,,,,,,,,,15757,80,,
journalArticle,Are consumption taxes really disliked more than equivalent costs? Inconclusive results in the USA and no effect in the UK,"Olsen, Jerome; Kogler, Christoph; Brandt, Mark J.; Dezső, Linda; Kirchler, Erich",2019-12-01,Journal of Economic Psychology,10.1016/j.joep.2019.02.001,https://www.sciencedirect.com/science/article/pii/S0167487018303088,False,,,0167-4870,,,"In two experiments on hypothetical purchase decisions, Sussman and Olivola (2011) found that US citizens prefer avoiding tax-related costs over avoiding tax-unrelated monetary costs of the same size. The original Experiment 1 and 2 tests of this Tax Aversion indicated that people are willing to wait longer to receive a discount when it refers to taxes (e.g., “axe-the-tax discount”) than when it is just a regular discount (e.g., “customer rewards”). We conducted high-powered close replications of both original studies, Experiment 1 (N = 590) and Experiment 2 (N = 650), which reveal either no effect (Experiment 1: r = 0.02, 95% CI [−0.06, 0.10]) or a small effect (Experimental 2: r = 0.09, 95% CI [0.01, 0.16]) in the USA. We also replicated both experimental procedures in the UK to test whether the effect generalized to a value added tax system. Neither Experiment 1 (N = 595; r = 0.01, 95% CI [−0.07, 0.09]) nor Experiment 2 (N = 673; r = 0.03, 95% CI [−0.04, 0.11]) revealed an effect in the UK. Tax Aversion in hypothetical consumption decisions seems to be a smaller phenomenon than originally proposed and does not generalize to a value added tax system.",2025-04-23T06:14:58Z,,,,,,Olsen2019AreConsumptionTaxes,,2025-04-23T06:14:58Z,2025-04-23T06:14:58Z,,,,,,,,Journal of Economic Psychology,HFFZAXV4,,ScienceDirect,,,,,,,,102145,,,,,,,,,,,Replications in Economic Psychology and Behavioral Economics,,,,Are consumption taxes really disliked more than equivalent costs?,,,15758,75,,
journalArticle,Administration of galacto-oligosaccharide prebiotics in the Flinders Sensitive Line animal model of depression,"Bannach-Brown, Alexandra; Tillmann, Sandra; MacLeod, Malcolm Robert; Wegener, Gregers",2019-05-25,BMJ Open Science,10.1136/bmjos-2018-000017,http://access.portico.org/stable?au=phzq8gmxf0h,False,,,23988703,,,,2025-04-23T06:12:02Z,,,,,,Bannach-Brown2019AdministrationGalactooligosaccharidePrebiotics,,2025-04-23T06:12:02Z,2025-04-23T06:12:02Z,,,,,,,1,,ED63NJVV,,DOI.org (Crossref),,,,,,,,,,,,,,,,,,,,,,,,,,15760,3,,
journalArticle,A closer look at the size of the gaze-liking effect: a preregistered replication,"Tipples, Jason; and Pecchinenda, Anna",2019-04-03,Cognition and Emotion,10.1080/02699931.2018.1468732,https://doi.org/10.1080/02699931.2018.1468732,False,,,0269-9931,,29708472,"This study is a direct replication of gaze-liking effect using the same design, stimuli and procedure. The gaze-liking effect describes the tendency for people to rate objects as more likeable when they have recently seen a person repeatedly gaze toward rather than away from the object. However, as subsequent studies show considerable variability in the size of this effect, we sampled a larger number of participants (N = 98) than the original study (N = 24) to gain a more precise estimate of the gaze-liking effect size. Our results indicate a much smaller standardised effect size (dz = 0.02) than that of the original study (dz = 0.94). Our smaller effect size was not due to general insensitivity to eye-gaze effects because the same sample showed a clear (dz = 1.09) gaze-cuing effect – faster reaction times when eyes looked toward vs away from target objects. We discuss the implications of our findings for future studies wishing to study the gaze-liking effect.",2025-04-23T06:03:34Z,,,,,,Tipples2019CloserLookSize,,2025-04-23T06:03:34Z,2025-04-23T06:03:34Z,,,_eprint: https://doi.org/10.1080/02699931.2018.1468732,,,,3,,3988E8HG,,Taylor and Francis+NEJM,,,,,,,,623-629,,,,,Routledge,,,,,,,,,,A closer look at the size of the gaze-liking effect,,,15761,33,,
journalArticle,"Self-esteem, relationship threat, and dependency regulation: Independent replication of Murray, Rose, Bellavia, Holmes, and Kusche (2002) Study 3","Campbell, Lorne; Balzarini, Rhonda N.; Kohut, Taylor; Dobson, Kiersten; Hahn, Christian M.; Moroz, Sarah E.; Stanton, Sarah C. E.",2018-02-01,Journal of Research in Personality,10.1016/j.jrp.2017.04.001,https://www.sciencedirect.com/science/article/pii/S0092656617300363,False,,,0092-6566,,,"Across three studies, Murray, Rose, Bellavia, Holmes, and Kusche (2002) found that low self-esteem individuals responded in a negative manner compared to those high in self-esteem in the face of relationship threat, perceiving their partners and relationships less positively. This was the first empirical support for the hypothesized dynamics of a dependency regulation perspective, and has had a significant impact on the field of relationship science. In the present research, we sought to reproduce the methods and procedures of Study 3 of Murray et al. (2002) to further test the two-way interaction between individual differences in self-esteem and situational relationship threat. Manipulation check effects replicated the original study, but no interaction between self-esteem and experimental condition was observed for any primary study outcomes.",2025-04-21T21:15:13Z,,,,,,Campbell2018SelfesteemRelationshipThreat,,2025-04-21T21:15:13Z,2025-04-21T21:15:13Z,,,,,,,,Journal of Research in Personality,EFLUN8CM,,ScienceDirect,,,,,,,,5-9,,,,,,,,,,,Replication of Critical Findings in Personality Psychology,,,,"Self-esteem, relationship threat, and dependency regulation",,,15762,72,,
journalArticle,Speech Perception in Noise and Cognitive Skills in Children With Varying Degrees of Music Training,"Castleberry, Kaylee; Amato, Alexandra; Benítez-Barrera, Carlos R.",2025-03-05,"Journal of Speech, Language, and Hearing Research",10.1044/2024_JSLHR-24-00370,https://pubs.asha.org/doi/10.1044/2024_JSLHR-24-00370,False,,,,,,"Purpose:This registered report aimed to replicate previous findings showing that years of music training predicts speech-perception-in-noise (SPIN) skills in children. In addition, it aimed to investigate whether the musician SPIN advantage is influenced by cognitive factors such as general intelligence or working memory.Method:Following planned sample size estimations and analyses, 62 school-age children with varying degrees of music training participated in the study. Children's general intelligence quotients, working memory, and SPIN skills were assessed during one visit to our laboratory. We implemented hierarchical multiple regression analyses to examine the study aims.Results:Our regression analyses indicated that years of instrument training did not significantly account for variance in SPIN skills. The explanatory power of our model was enhanced only when working memory, particularly auditory working memory, was included as a predictor. Auditory working memory was associated with both SPIN skills and years of instrument training.Conclusions:Our study was unable to replicate previous findings that linked years of instrument training to SPIN skills in childhood. This suggests caution regarding prior claims that music training can be used with children to optimize learning in noisy environments. However, we did find evidence that musicianship is associated with enhanced auditory working memory skills, which could have positive implications for children's lifelong outcomes.Supplemental Material:https://doi-org.proxy.lib.duke.edu/10.23641/asha.28373786",2025-04-04T23:58:30Z,,,,,,Castleberry2025SpeechPerceptionNoise,,2025-04-04T23:58:30Z,2025-04-04T23:58:30Z,,,,,,,3,,EFNDFS5T,,pubs-asha-org.proxy.lib.duke.edu (Atypon),,,,,,,,1333-1347,,,,,American Speech-Language-Hearing Association,,,,,,,,,,,,,15765,68,,
journalArticle,"Validity, Stability, and Change in Psychopathic Traits in Older Adults: A Registered Report","Rose, Leigha; Carter, Nathan T.; Lynam, Donald R.; Miller, Joshua D.; Oltmanns, Thomas F.",2024-12-14,Clinical Psychological Science,10.1177/21677026241298273,https://doi.org/10.1177/21677026241298273,False,,,2167-7026,,,"Despite the importance of psychopathy—a construct with robust relations with externalizing outcomes—little is known about how psychopathic traits manifest in middle-age to older adulthood. In the present investigation, we used a large and diverse sample of older adults from the St. Louis Personality and Aging Network to examine psychopathy’s nomological network and whether these traits change over four time points spanning approximately 10 years. We also explored whether these changes were associated with changes in other important constructs (e.g., physical and psychological functioning) across the same time span. Psychopathy was operationalized in two ways: (a) via the factors of the triarchic psychopathy model, Meanness, Disinhibition, and Boldness, and (b) using a more macro approach via the Five-Factor Model Psychopathy Resemblance Index. We found that (a) the nomological network of psychopathy appears to be consistent with what has been observed in samples of younger adults, (b) psychopathic traits remain stable over time as adults make the transition from midlife to later life, and (c) changes that were observed are significantly related to changes in several important outcomes, including physical health, mental health, relationship satisfaction, intimate-partner aggression, and social functioning.",2025-04-04T23:55:41Z,,,,,,Rose2024ValidityStabilityChange,,2025-04-04T23:55:41Z,2025-04-04T23:55:41Z,,,,,,,,,F3XZ7CRT,EN,SAGE Journals,,,,,,,,21677026241298273,,,,,SAGE Publications Inc,,,,,,,,,,"Validity, Stability, and Change in Psychopathic Traits in Older Adults",,,15766,,,
journalArticle,Examining the Structure of Personality Dysfunction Among Individuals Involved in Mental Health treatment: A Registered Report,"Ghosh, Ashmita; Phillips, Nathaniel L.; Sleep, Chelsea E.; Lynam, Donald R.; Miller, Joshua D.",2025-03-01,Assessment,10.1177/10731911241301475,https://doi.org/10.1177/10731911241301475,False,,,1073-1911,,,"Personality dysfunction is a core element of the diagnosis of personality disorders in both main diagnostic systems (Diagnostic and Statistical Manual of Mental Disorders [5th ed.] Personality Disorders and ICD-11 [International Classification of Diseases, 11th Revision] Personality Disorders). A recent study by Sleep et al. explored the structure of personality dysfunction (N = 517 undergraduates) with exploratory bass-ackward factor analyses at the item level using items from six measures of personality functioning. The present study represents a replication of the study by Sleep and colleagues in a community sample of individuals currently in or seeking psychological/psychiatric treatment. Participants were recruited from Prolific who completed items from six measures of personality dysfunction (N = 457). The primary factor analysis identified three lower-order factors of impairment (Negative Self-Regard, Disagreeableness, and Intimacy Problems). These dysfunction factors showed moderate to strong relations to the factors generated by Sleep et al.; however, there were important differences in the overall structure suggesting a lack of formal replication.",2025-04-04T23:55:12Z,,,,,,Ghosh2025ExaminingStructurePersonality,,2025-04-04T23:55:12Z,2025-04-04T23:55:12Z,,,,,,,2,Assessment,TDNGQ5R4,EN,SAGE Journals,,,,,,,,283-299,,,,,SAGE Publications Inc,,,,,,,,,,Examining the Structure of Personality Dysfunction Among Individuals Involved in Mental Health treatment,,,15767,32,,
journalArticle,It is not only <i>whether</i> I approach but also <i>why</i> I approach: A registered report on the role of action framing in approach/avoidance training effects,"Rougier, Marine; Schmitz, Mathias; Nuel, Ivane; Fayant, Marie-Pierre; Subra, Baptiste; Alexopoulos, Theodore; Yzerbyt, Vincent",2025-03-01,Journal of Experimental Social Psychology,10.1016/j.jesp.2024.104697,https://www.sciencedirect.com/science/article/pii/S0022103124001100,False,,,0022-1031,,,"Research on approach/avoidance training (AAT) effects shows that approach (i.e., reducing the distance between the self and a stimulus) leads to more positive evaluations of stimuli than avoidance (i.e., increasing the distance between the self and a stimulus). The present experiments relied on a grounded cognition approach to extend this finding by investigating the framing-dependency of AAT effects on facial representations of target stimuli. In a Preliminary Experiment, using antagonistic types of approach (affiliative vs. aggressive) and a reverse correlation paradigm, we found that approach led to more positive facial representations than avoidance when approach was portrayed as affiliative, but this effect decreased and tended to reverse (i.e., yielding more negative facial representations) when approach was portrayed as aggressive. Two registered experiments extended these results while also addressing important limitations of the Preliminary Experiment. First, to prevent any contrast emerging from the joint use of approach and avoidance, Experiment 1 isolated the unique effects of affiliative approach, aggressive approach, and avoidance compared to a control action. We also explored whether aggressive approach and avoidance (two negatively valenced yet distinct actions) produced negative effects characterized by divergent outcomes on facial features (e.g., weak vs. dominant). Second, Experiment 2 tested the importance of the experiential component of approach/avoidance actions by comparing the AAT with a mere instructions condition. Results of Experiments 1 and 2 proved consistent with a framing-dependency of AAT effects. Unveiling the framing-dependency of AAT effects challenges some of the current theoretical views on AAT effects.",2025-04-04T23:45:14Z,,,,,,Rougier2025ItNotOnly,,2025-04-04T23:45:14Z,2025-04-04T23:45:14Z,,,,,,,,Journal of Experimental Social Psychology,VX52HVV9,,ScienceDirect,,,,,,,,104697,,,,,,,,,,,,,,,It is not only <i>whether</i> I approach but also <i>why</i> I approach,,,15768,117,,
journalArticle,Weighing Down Thought: The Effect of Motor Disruption in Executive Function Tasks among Three-Year-Old Children,"Pearce, Z. Reagan; and Miller, Stephanie E.","Dec 25, 2024",Journal of Cognition and Development,10.1080/15248372.2024.2444970,https://www.tandfonline.com/doi/full/10.1080/15248372.2024.2444970,False,,,1524-8372,,,,2025-04-04T23:37:27Z,,,,,,Pearce2024WeighingThoughtEffect,,2025-04-04T23:37:27Z,2025-04-04T23:38:01Z,,,,,,,,,DZH3D5WZ,,tandfonline.com (Atypon),,,,,,,,1-29,,,,,Routledge,,,,,,,,,,Weighing Down Thought,,,15769,,,
journalArticle,Hostile and prosocial reactions to Christian privilege in the United States: A registered report,"Weedman, Monica; Al-Kire, Rosemary L.; Tsang, Jo-Ann",2024,Psychology of Religion and Spirituality,10.1037/rel0000545,,False,,,1943-1562,,,"Reactions to privilege include hostility (e.g., denial of privilege) and prosociality (e.g., remorse). Studies suggest that White Americans often react hostilely when confronted with racial and class privilege, but research on reactions to religious privilege is limited. The current registered report investigated how religiousness is related to hostile and prosocial reactions to religious privilege. Three studies tested the relationship between religiousness and reactions to religious privilege. In Study 1, a correlational study, we expected parochial religious variables (Christian nationalism, religious fundamentalism, perceptions of religious threat) would be related to hostile reactions to religious privilege, whereas more universal dimensions of religiousness (intellectual humility, gratitude toward God, and sanctification of social justice) would be related to prosocial reactions. Study 2 induced actual reactions to being confronted with religious privilege, manipulating whether privilege was framed as a merit-based or a group-based threat. Study 3 primed universal and parochial religiousness to examine the causal relationship between religiousness and reactions to privilege. Across our studies (Study 1 N = 395, Study 2 N = 737, Study 3 N = 699), parochial religiousness was related to hostile reactions, whereas two forms of universal religiousness (religious intellectual humility, sanctification of social justice) were related to prosocial reactions. Merit-based information about religious privilege decreased denial, whereas a religious humility intervention increased denial. Further research is needed on interventions to increase prosocial responses. (PsycInfo Database Record (c) 2024 APA, all rights reserved)",,,,,,,Weedman2024HostileProsocialReactions,,2025-04-04T23:32:50Z,2025-04-04T23:32:50Z,,,Place: US,,,,,,I4ZSNDPK,,APA PsycNet,,,,,,,,,,,,,Educational Publishing Foundation,,,,,,,,,,Hostile and prosocial reactions to Christian privilege in the United States,,,15770,,,
journalArticle,"Empathic listening satisfies speakers' psychological needs and well-being, but doesn't directly deepen solitude experiences: A registered report","Weinstein, Netta; Itzchakov, Guy",2025-03-01,Journal of Experimental Social Psychology,10.1016/j.jesp.2024.104716,https://www.sciencedirect.com/science/article/pii/S002210312400129X,False,,,0022-1031,,,"A live discussion experiment was designed to test the effects of highly empathic (vs. moderately empathic) listening on solitude experiences. Participants were assigned to three conditions in which they: 1) Discussed a negative personal experience with a confederate (ostensibly another participant) exhibiting highly empathic listening; 2) Discussed an experience with a confederate exhibiting moderately empathic listening; or, 3) Engaged in a positive reframing exercise. Building on previous listening theory (Weinstein et al., 2022) and research (Itzchakov & Weinstein, 2021; Itzchakov, Weinstein, et al., 2022). We then assessed the two posited mechanisms of autonomy and relatedness and tested the expectations to be in solitude. All participants were instructed to spend ten minutes alone, phones off, and distractions stored away. While highly empathic listening enhanced participants' (i.e. speakers) autonomy and relatedness need satisfaction compared to the other two conditions and predicted initial increases in self- and social-connection, it did not subsequently improve solitude experiences, with no direct effects found predicting self-connection, peaceful affect, loneliness, or self-insight. Indirect effects linked empathic listening to self-connection and self-insight through autonomy satisfaction. While empathic listening fosters immediate psychological need satisfaction in social contexts, deeper listening interventions may be necessary to improve subsequent solitude periods.",2025-04-04T23:31:24Z,,,,,,Weinstein2025EmpathicListeningSatisfies,,2025-04-04T23:31:24Z,2025-04-04T23:31:24Z,,,,,,,,Journal of Experimental Social Psychology,WNJBHMJR,,ScienceDirect,,,,,,,,104716,,,,,,,,,,,,,,,"Empathic listening satisfies speakers' psychological needs and well-being, but doesn't directly deepen solitude experiences",,,15771,117,,
journalArticle,Timbral cues underlie instrument-specific absolute pitch in expert oboists,"Hansen, Niels Chr; Reymore, Lindsey","Oct 3, 2024",PLOS ONE,10.1371/journal.pone.0306974,https://journals.plos.org/plosone/article?id=10.1371/journal.pone.0306974,False,,,1932-6203,,,"While absolute pitch (AP)—the ability to identify musical pitches without external reference—is rare even in professional musicians, anecdotal evidence and case-report data suggest that some musicians without traditional AP can nonetheless better name notes played on their musical instrument of expertise than notes played on instruments less familiar to them. We have called this gain in AP ability “instrument-specific absolute pitch” (ISAP). Here, we report the results of the first two experiments designed to investigate ISAP in professional oboists. In Experiment 1 (n = 40), superiority for identifying the pitch of oboe over piano tones varied along a continuum, with 37.5% of oboists demonstrating significant ISAP. Variance in accuracy across pitches was higher among ISAP-possessors than ISAP-non-possessors, suggestive of internalized timbral idiosyncrasies, and the use of timbral cues was the second-most commonly reported task strategy. For both timbres, both groups performed more accurately for pitches associated with white than black piano keys. In Experiment 2 (n = 12), oboists with ISAP were less accurate in pitch identification when oboe tones were artificially pitch-shifted. The use of timbral idiosyncrasies thus may constitute a widespread mechanism of ISAP. Motor interference, conversely, did not significantly reduce accuracy. This study offers the first evidence of ISAP among highly trained musicians and that reliance on subtle timbral (or intonational) idiosyncrasies may constitute an underlying mechanism of this ability in expert oboists. This provides a path forward for future studies extending the scientific understanding of ISAP to other instrument types, expertise levels, and musical contexts. More generally, this may deepen knowledge of specialized expertise, representing a range of implicit abilities that are not addressed directly in training, but which may develop through practice of a related skill set.",2025-04-02T16:48:55Z,,,,,,Hansen2024TimbralCuesUnderlie,,2025-04-02T17:10:56Z,2025-04-02T17:10:56Z,,,,,,,10,PLOS ONE,C5TK7STN,en,PLoS Journals,,,,,,,,e0306974,,,,,Public Library of Science,,,,,,,,,,,,,15772,19,,
